Order_ID,Customer_ID,Order_Date,Product_ID,Quantity,Discount,Payment_Method
50001,1183,2024-06-01,2017,1,0.05,UPI
50002,1113,2025-02-04,2016,3,0.0,UPI
50003,1183,2024-10-05,2018,1,0.25,Net Banking
50004,1481,2024-02-26,2002,3,0.2,Net Banking
50005,1146,2024-07-04,2014,2,0.15,Cash on Delivery
50006,1319,2025-02-01,2017,2,0.05,Cash on Delivery
50007,1116,2025-08-27,2003,3,0.0,Net Banking
50008,1113,2024-06-06,2002,3,0.25,Net Banking
50009,1251,2025-11-23,2008,1,0.0,UPI
50010,1476,2024-12-24,2002,1,0.15,UPI
50011,1251,2025-03-15,2002,4,0.05,UPI
50012,1303,2025-08-11,2009,1,0.05,Net Banking
50013,1459,2025-04-10,2020,2,0.15,Cash on Delivery
50014,1313,2025-10-24,2006,3,0.0,Credit Card
50015,1118,2025-03-21,2012,2,0.05,Credit Card
50016,1301,2025-05-02,2009,3,0.2,Cash on Delivery
50017,1161,2025-06-13,2007,3,0.1,Cash on Delivery
50018,1401,2024-03-13,2012,3,0.15,Cash on Delivery
50019,1198,2025-12-01,2005,3,0.15,UPI
50020,1260,2024-01-17,2016,2,0.0,Debit Card
50021,1148,2025-06-14,2005,2,0.0,Net Banking
50022,1240,2025-12-31,2012,2,0.1,UPI
50023,1047,2024-11-21,2020,3,0.05,Credit Card
50024,1475,2025-09-23,2009,4,0.05,Net Banking
50025,1399,2025-09-04,2007,1,0.15,Cash on Delivery
50026,1198,2025-06-29,2019,1,0.0,Credit Card
50027,1047,2025-08-18,2020,4,0.1,Cash on Delivery
50028,1078,2025-12-08,2011,2,0.0,Cash on Delivery
50029,1124,2024-07-20,2012,1,0.0,Cash on Delivery
50030,1075,2024-12-09,2003,2,0.05,Net Banking
50031,1359,2025-06-06,2017,5,0.15,Credit Card
50032,1137,2025-02-03,2007,3,0.0,Credit Card
50033,1090,2024-08-05,2010,3,0.1,Cash on Delivery
50034,1400,2025-03-20,2015,1,0.1,UPI
50035,1325,2024-08-09,2002,4,0.0,Debit Card
50036,1500,2025-01-17,2013,2,0.1,UPI
50037,1061,2025-08-14,2004,4,0.2,Net Banking
50038,1138,2024-01-07,2018,1,0.1,Debit Card
50039,1050,2024-09-28,2001,1,0.0,UPI
50040,1259,2024-01-16,2002,2,0.1,Credit Card
50041,1461,2025-02-27,2002,1,0.1,UPI
50042,1107,2025-06-07,2004,3,0.0,Cash on Delivery
50043,1113,2024-01-21,2003,4,0.0,Net Banking
50044,1350,2025-11-20,2017,3,0.0,UPI
50045,1254,2024-08-15,2014,4,0.0,UPI
50046,1118,2024-10-14,2002,2,0.05,Debit Card
50047,1493,2024-05-13,2016,3,0.1,Cash on Delivery
50048,1198,2024-10-09,2011,3,0.05,Debit Card
50049,1337,2025-02-07,2013,3,0.2,Net Banking
50050,1365,2025-10-26,2001,2,0.1,Net Banking
50051,1051,2024-03-06,2002,2,0.15,Cash on Delivery
50052,1245,2025-10-10,2002,3,0.1,Debit Card
50053,1403,2025-08-26,2005,1,0.0,Cash on Delivery
50054,1426,2025-03-12,2004,3,0.1,Debit Card
50055,1035,2024-09-15,2012,4,0.15,Credit Card
50056,1302,2024-04-12,2003,2,0.0,Cash on Delivery
50057,1410,2025-07-20,2020,3,0.0,Net Banking
50058,1499,2024-04-10,2010,3,0.05,Debit Card
50059,1069,2024-07-16,2020,2,0.05,Credit Card
50060,1349,2024-08-13,2018,2,0.05,Net Banking
50061,1320,2025-04-07,2010,4,0.0,Debit Card
50062,1421,2024-08-24,2001,2,0.05,Credit Card
50063,1468,2024-01-26,2006,1,0.1,Net Banking
50064,1049,2024-04-30,2011,3,0.05,Net Banking
50065,1405,2025-05-20,2002,2,0.1,Credit Card
50066,1074,2024-06-30,2007,3,0.1,Net Banking
50067,1192,2025-12-11,2020,1,0.1,Debit Card
50068,1261,2025-09-25,2018,1,0.0,Debit Card
50069,1356,2025-06-26,2019,4,0.1,Net Banking
50070,1070,2024-11-10,2004,1,0.0,UPI
50071,1090,2025-09-09,2013,3,0.05,Credit Card
50072,1260,2024-09-29,2018,3,0.1,UPI
50073,1126,2024-08-19,2020,3,0.0,Debit Card
50074,1231,2025-02-23,2013,1,0.05,Net Banking
50075,1295,2025-03-17,2019,2,0.0,Cash on Delivery
50076,1498,2025-05-10,2017,4,0.0,Cash on Delivery
50077,1419,2024-01-24,2001,2,0.05,UPI
50078,1129,2024-04-18,2006,2,0.25,UPI
50079,1280,2025-12-03,2019,2,0.05,UPI
50080,1313,2025-05-16,2020,1,0.1,Debit Card
50081,1100,2024-01-25,2001,4,0.1,Debit Card
50082,1326,2024-07-05,2008,4,0.1,Net Banking
50083,1297,2024-10-14,2017,5,0.2,Debit Card
50084,1182,2025-09-19,2015,2,0.15,Net Banking
50085,1174,2024-12-03,2018,3,0.15,Net Banking
50086,1316,2024-02-06,2007,1,0.2,UPI
50087,1364,2024-05-16,2016,2,0.0,Cash on Delivery
50088,1188,2025-05-22,2007,2,0.1,UPI
50089,1057,2024-08-14,2017,4,0.2,Debit Card
50090,1031,2024-11-15,2004,3,0.1,
50091,1084,2024-06-30,2012,4,0.25,Debit Card
50092,1152,2024-03-26,2013,4,0.0,Cash on Delivery
50093,1473,2025-04-11,2004,4,0.05,Debit Card
50094,1036,2024-02-22,2001,1,0.25,Cash on Delivery
50095,1213,2024-08-22,2001,3,0.05,Credit Card
50096,1414,2025-03-08,2007,2,0.15,Credit Card
50097,1408,2025-05-10,2009,2,0.0,Net Banking
50098,1364,2024-04-09,2001,1,0.1,Debit Card
50099,1106,2025-08-21,2016,2,0.2,Net Banking
50100,1414,2025-02-06,2018,1,0.05,UPI
50101,1342,2025-01-30,2015,2,0.0,UPI
50102,1220,2025-06-10,2006,3,0.0,UPI
50103,1391,2025-02-18,2002,4,0.2,UPI
50104,1163,2025-09-04,2009,3,0.15,UPI
50105,1439,2025-11-07,2004,2,0.0,Debit Card
50106,1220,2025-04-07,2013,2,0.0,Net Banking
50107,1270,2025-06-24,2011,1,0.15,Net Banking
50108,1120,2025-09-17,2013,1,0.15,Cash on Delivery
50109,1394,2025-09-10,2011,1,0.0,UPI
50110,1336,2024-12-29,2019,5,0.05,Credit Card
50111,1400,2024-05-09,2008,2,0.15,Cash on Delivery
50112,1182,2024-03-24,2007,1,0.1,Cash on Delivery
50113,1479,2024-09-27,2016,1,0.2,Debit Card
50114,1106,2024-08-31,2003,2,0.1,Cash on Delivery
50115,1217,2025-01-22,2017,2,0.1,Credit Card
50116,1205,2024-08-01,2018,1,0.1,Net Banking
50117,1070,2024-06-14,2015,4,0.2,Cash on Delivery
50118,1044,2024-02-28,2017,1,0.05,Debit Card
50119,1329,2025-08-24,2011,1,0.0,UPI
50120,1301,2025-05-18,2005,1,0.05,Credit Card
50121,1228,2025-12-06,2016,2,0.15,UPI
50122,1184,2024-05-02,2015,1,0.1,Cash on Delivery
50123,1107,2025-10-09,2010,1,0.05,Net Banking
50124,1084,2025-02-16,2014,1,0.1,Debit Card
50125,1338,2024-05-18,2002,2,0.0,Credit Card
50126,1250,2024-08-16,2016,1,0.0,Net Banking
50127,1363,2024-09-30,2019,1,0.05,Credit Card
50128,1441,2025-03-14,2008,2,0.1,Debit Card
50129,1021,2025-07-15,2015,1,0.15,Debit Card
50130,1196,2024-04-27,2010,2,0.15,Cash on Delivery
50131,1178,2025-12-14,2005,1,0.2,Credit Card
50132,1417,2025-04-27,2020,1,0.05,Cash on Delivery
50133,1475,2025-01-29,2016,2,0.15,Credit Card
50134,1007,2025-12-03,2012,1,0.0,Credit Card
50135,1070,2025-04-04,2013,1,0.0,UPI
50136,1127,2025-11-23,2009,2,0.0,Cash on Delivery
50137,1399,2024-03-18,2017,4,0.05,Credit Card
50138,1466,2025-02-15,2020,3,0.0,Credit Card
50139,1160,2024-03-15,2012,3,0.05,Debit Card
50140,1248,2024-10-21,2005,4,0.1,UPI
50141,1203,2024-01-21,2012,5,0.05,Debit Card
50142,1148,2024-06-19,2001,3,0.1,Cash on Delivery
50143,1472,2024-01-15,2020,2,0.05,Cash on Delivery
50144,1143,2024-07-29,2016,1,0.0,Credit Card
50145,1432,2025-07-13,2012,1,0.0,Net Banking
50146,1199,2024-03-26,2009,3,0.0,Debit Card
50147,1405,2024-05-28,2013,5,0.0,Cash on Delivery
50148,1426,2025-11-30,2017,2,0.1,Credit Card
50149,1154,2025-01-06,2017,3,0.15,Credit Card
50150,1492,2025-04-24,2004,2,0.05,Debit Card
50151,1376,2024-05-30,2014,2,0.05,Credit Card
50152,1384,2024-05-20,2019,2,0.15,UPI
50153,1142,2024-03-09,2007,2,0.0,Net Banking
50154,1313,2024-09-16,2003,1,0.0,Debit Card
50155,1165,2025-06-04,2001,3,0.1,Debit Card
50156,1314,2025-09-24,2012,4,0.1,Debit Card
50157,1021,2025-01-05,2015,4,0.1,Credit Card
50158,1082,2025-02-22,2011,1,0.15,Credit Card
50159,1069,2024-04-10,2010,4,0.0,Debit Card
50160,1131,2025-10-22,2002,1,0.05,Debit Card
50161,1087,2025-10-19,2004,1,0.0,UPI
50162,1218,2024-08-30,2017,3,0.15,Cash on Delivery
50163,1421,2025-05-26,2017,1,0.15,UPI
50164,1472,2025-07-08,2008,1,0.05,Debit Card
50165,1305,2024-04-04,2014,1,0.0,Credit Card
50166,1403,2024-08-13,2004,3,0.05,Credit Card
50167,1371,2025-06-01,2006,1,0.0,Debit Card
50168,1345,2024-08-01,2019,2,0.05,Cash on Delivery
50169,1341,2025-12-18,2004,2,0.1,Net Banking
50170,1384,2024-03-07,2003,3,0.25,Net Banking
50171,1396,2025-01-30,2020,4,0.05,UPI
50172,1445,2025-09-03,2006,2,0.0,Cash on Delivery
50173,1425,2024-01-12,2007,1,0.0,Net Banking
50174,1161,2024-08-24,2014,1,0.0,Cash on Delivery
50175,1178,2025-02-02,2012,2,0.0,Credit Card
50176,1117,2025-02-10,2016,3,0.15,Credit Card
50177,1196,2025-04-24,2020,1,0.0,Cash on Delivery
50178,1383,2025-10-08,2008,1,0.25,Debit Card
50179,1490,2024-08-09,2002,3,0.1,Net Banking
50180,1327,2024-06-04,2013,2,0.1,Net Banking
50181,1086,2025-10-15,2008,3,0.05,Credit Card
50182,1289,2025-03-03,2020,3,0.1,UPI
50183,1081,2024-06-06,2016,3,0.1,Net Banking
50184,1152,2025-02-19,2004,3,0.05,Credit Card
50185,1061,2024-11-21,2016,2,0.05,Credit Card
50186,1061,2025-01-05,2020,5,0.2,Cash on Delivery
50187,1354,2024-12-09,2006,2,0.05,Cash on Delivery
50188,1028,2024-09-18,2004,1,0.05,Cash on Delivery
50189,1442,2024-10-09,2016,1,0.05,UPI
50190,1043,2024-08-16,2013,3,0.0,Net Banking
50191,1169,2024-10-06,2005,4,0.0,UPI
50192,1423,2024-10-16,2015,1,0.0,UPI
50193,1086,2025-11-10,2008,1,0.1,Cash on Delivery
50194,1177,2024-02-16,2007,4,0.05,Credit Card
50195,1017,2025-12-15,2014,4,0.15,Debit Card
50196,1098,2024-08-01,2007,1,0.15,Credit Card
50197,1454,2024-01-24,2007,1,0.0,Credit Card
50198,1494,2024-11-16,2018,2,0.1,Credit Card
50199,1198,2024-09-30,2010,1,0.15,Credit Card
50200,1098,2025-07-09,2018,4,0.1,UPI
50201,1065,2024-11-08,2014,1,0.1,Cash on Delivery
50202,1330,2024-12-28,2010,1,0.15,Cash on Delivery
50203,1341,2025-10-29,2007,1,0.0,Credit Card
50204,1005,2025-01-14,2007,1,0.15,Debit Card
50205,1002,2025-12-11,2007,1,0.05,Net Banking
50206,1022,2025-11-04,2005,1,0.1,Credit Card
50207,1112,2025-04-14,2001,3,0.0,Credit Card
50208,1057,2025-11-05,2014,1,0.15,Debit Card
50209,1066,2024-04-25,2018,4,0.1,UPI
50210,1330,2025-08-27,2013,1,0.1,Credit Card
50211,1098,2024-02-11,2008,2,0.15,Debit Card
50212,1144,2025-01-13,2008,1,0.2,UPI
50213,1368,2025-12-22,2010,1,0.15,UPI
50214,1435,2024-07-24,2017,2,0.0,Credit Card
50215,1125,2025-04-10,2006,2,0.15,UPI
50216,1167,2024-10-06,2015,3,0.1,Credit Card
50217,1086,2025-10-09,2015,3,0.1,Credit Card
50218,1076,2025-09-09,2016,2,0.2,Cash on Delivery
50219,1344,2024-04-27,2008,2,0.0,Net Banking
50220,1495,2024-08-24,2019,4,0.0,Net Banking
50221,1424,2024-11-04,2020,2,0.1,Cash on Delivery
50222,1294,2025-03-31,2015,5,0.15,Credit Card
50223,1444,2025-04-19,2003,3,0.05,Debit Card
50224,1059,2024-04-09,2006,1,0.1,UPI
50225,1138,2024-09-17,2008,1,0.1,Cash on Delivery
50226,1099,2024-10-31,2016,2,0.1,Cash on Delivery
50227,1192,2024-12-19,2015,3,0.15,Cash on Delivery
50228,1243,2024-10-12,2013,2,0.0,Cash on Delivery
50229,1319,2024-11-23,2020,3,0.1,Net Banking
50230,1049,2024-04-12,2015,1,0.15,Credit Card
50231,1448,2024-03-03,2018,1,0.05,Cash on Delivery
50232,1032,2025-11-17,2013,1,0.05,Cash on Delivery
50233,1391,2024-10-08,2008,2,0.0,Cash on Delivery
50234,1277,2025-03-16,2014,3,0.15,Debit Card
50235,1020,2024-10-19,2011,1,0.05,Debit Card
50236,1154,2024-01-07,2006,2,0.05,UPI
50237,1383,2025-09-30,2001,1,0.05,Credit Card
50238,1068,2024-04-01,2002,1,0.1,Cash on Delivery
50239,1366,2024-07-08,2013,3,0.15,UPI
50240,1372,2025-04-20,2001,1,0.15,UPI
50241,1214,2025-05-25,2004,2,0.05,Credit Card
50242,1143,2025-04-06,2002,3,0.1,Debit Card
50243,1376,2024-02-22,2020,3,0.15,Credit Card
50244,1232,2025-04-30,2016,1,0.05,UPI
50245,1213,2025-10-05,2003,2,0.0,Credit Card
50246,1079,2025-05-04,2017,3,0.2,Debit Card
50247,1214,2024-12-29,2005,3,0.1,UPI
50248,1116,2024-04-21,2008,3,0.1,Credit Card
50249,1092,2025-02-12,2012,1,0.0,Cash on Delivery
50250,1270,2024-01-07,2012,1,0.15,Cash on Delivery
50251,1411,2025-10-29,2001,2,0.1,Credit Card
50252,1381,2024-07-15,2001,3,0.15,Credit Card
50253,1489,2025-01-01,2015,1,0.25,Debit Card
50254,1168,2024-09-06,2017,1,0.2,UPI
50255,1058,2025-08-17,2002,3,0.15,Credit Card
50256,1284,2024-08-27,2017,1,0.0,UPI
50257,1026,2025-01-14,2020,1,0.2,Cash on Delivery
50258,1369,2025-04-15,2009,1,0.0,UPI
50259,1447,2025-12-01,2012,1,0.15,Net Banking
50260,1066,2025-03-30,2004,2,0.05,Debit Card
50261,1409,2024-12-31,2013,1,0.1,Debit Card
50262,1248,2024-10-16,2004,1,0.0,UPI
50263,1254,2025-02-06,2007,1,0.15,Debit Card
50264,1387,2024-02-27,2014,1,0.0,UPI
50265,1456,2025-06-04,2009,2,0.05,UPI
50266,1044,2024-10-30,2001,1,0.15,Cash on Delivery
50267,1097,2024-04-24,2001,2,0.1,UPI
50268,1042,2024-07-28,2020,1,0.0,Debit Card
50269,1500,2024-02-10,2004,1,0.05,Net Banking
50270,1227,2024-06-21,2001,1,0.0,Credit Card
50271,1262,2024-08-21,2010,1,0.1,Debit Card
50272,1167,2025-08-12,2002,2,0.25,Net Banking
50273,1436,2025-09-11,2015,2,0.1,Debit Card
50274,1279,2025-02-06,2003,3,0.0,Net Banking
50275,1089,2024-02-08,2009,1,0.05,Debit Card
50276,1379,2024-04-28,2017,1,0.25,Credit Card
50277,1178,2024-11-30,2013,1,0.0,Cash on Delivery
50278,1427,2024-12-01,2003,3,0.1,Cash on Delivery
50279,1403,2025-06-22,2004,1,0.05,Credit Card
50280,1197,2025-09-07,2004,2,0.15,Debit Card
50281,1307,2024-03-14,2011,1,0.15,Net Banking
50282,1267,2024-07-09,2007,1,0.05,UPI
50283,1268,2024-11-19,2011,4,0.1,Debit Card
50284,1074,2024-05-26,2011,2,0.1,Credit Card
50285,1008,2024-10-10,2010,3,0.05,Cash on Delivery
50286,1408,2024-07-31,2005,2,0.05,Cash on Delivery
50287,1476,2025-09-26,2013,2,0.1,Debit Card
50288,1297,2025-12-18,2012,1,0.0,Net Banking
50289,1164,2025-01-28,2010,2,0.15,Credit Card
50290,1485,2024-12-04,2007,1,0.0,Credit Card
50291,1085,2024-01-22,2019,2,0.0,Net Banking
50292,1072,2024-04-14,2019,2,0.05,Net Banking
50293,1055,2025-04-10,2019,3,0.0,Debit Card
50294,1393,2025-04-03,2012,3,0.1,Debit Card
50295,1047,2025-03-07,2020,2,0.05,Cash on Delivery
50296,1399,2025-12-16,2015,1,0.15,Cash on Delivery
50297,1432,2025-09-10,2005,1,0.2,Net Banking
50298,1238,2024-08-08,2014,1,0.15,UPI
50299,1104,2025-01-13,2012,3,0.0,UPI
50300,1210,2024-08-09,2011,4,0.2,UPI
50301,1042,2024-09-14,2005,1,0.05,Credit Card
50302,1316,2025-12-13,2016,1,0.1,Debit Card
50303,1468,2025-01-01,2018,2,0.05,Net Banking
50304,1454,2024-12-14,2012,3,0.05,Cash on Delivery
50305,1268,2024-08-12,2005,2,0.2,UPI
50306,1386,2025-12-14,2016,1,0.05,Cash on Delivery
50307,1263,2024-08-23,2012,5,0.1,Debit Card
50308,1336,2024-07-01,2002,3,0.0,Net Banking
50309,1387,2025-12-12,2006,1,0.15,UPI
50310,1365,2025-03-19,2004,4,0.15,UPI
50311,1259,2025-09-14,2013,2,0.05,Net Banking
50312,1283,2024-01-06,2010,1,0.1,Cash on Delivery
50313,1114,2024-08-23,2017,2,0.15,Debit Card
50314,1363,2024-05-06,2014,3,0.1,Debit Card
50315,1040,2024-04-13,2015,2,0.1,Debit Card
50316,1486,2025-04-24,2008,1,0.1,Cash on Delivery
50317,1417,2024-06-03,2018,4,0.0,Cash on Delivery
50318,1220,2024-09-13,2003,1,0.1,UPI
50319,1129,2024-08-22,2017,3,0.1,Cash on Delivery
50320,1008,2025-05-14,2007,2,0.05,Credit Card
50321,1101,2024-10-15,2013,1,0.15,Net Banking
50322,1416,2025-05-24,2016,1,0.0,Cash on Delivery
50323,1380,2025-07-05,2005,4,0.05,Debit Card
50324,1176,2025-12-09,2004,2,0.0,Cash on Delivery
50325,1107,2025-07-22,2010,2,0.0,UPI
50326,1101,2024-10-24,2013,2,0.05,Net Banking
50327,1260,2025-09-01,2010,3,0.25,Net Banking
50328,1478,2024-05-16,2014,2,0.05,Debit Card
50329,1454,2025-01-10,2012,1,0.1,Net Banking
50330,1366,2024-03-27,2001,1,0.0,Credit Card
50331,1246,2025-02-22,2020,3,0.1,Net Banking
50332,1275,2024-07-17,2020,2,0.25,Debit Card
50333,1032,2025-04-07,2007,1,0.05,Net Banking
50334,1137,2025-03-12,2009,4,0.15,Cash on Delivery
50335,1012,2024-11-05,2008,3,0.25,UPI
50336,1395,2025-08-18,2013,1,0.1,Cash on Delivery
50337,1302,2024-10-07,2014,5,0.05,Credit Card
50338,1375,2024-11-18,2012,3,0.1,Credit Card
50339,1016,2025-12-02,2008,1,0.15,UPI
50340,1129,2024-05-31,2018,1,0.0,UPI
50341,1063,2024-10-28,2016,3,0.1,UPI
50342,1109,2024-10-04,2011,3,0.05,UPI
50343,1375,2025-10-12,2016,1,0.05,Net Banking
50344,1021,2025-11-18,2014,1,0.15,Cash on Delivery
50345,1158,2024-01-08,2003,1,0.05,Credit Card
50346,1269,2024-08-22,2002,2,0.05,Net Banking
50347,1162,2025-11-05,2003,1,0.1,UPI
50348,1260,2025-07-14,2004,1,0.0,Debit Card
50349,1412,2024-10-28,2005,2,0.0,Debit Card
50350,1102,2024-02-07,2010,3,0.1,Cash on Delivery
50351,1223,2024-05-15,2020,2,0.05,Credit Card
50352,1059,2025-02-24,2002,1,0.05,Credit Card
50353,1247,2024-08-06,2012,2,0.0,Cash on Delivery
50354,1128,2024-12-13,2005,2,0.1,UPI
50355,1283,2025-06-29,2005,4,0.15,UPI
50356,1325,2024-03-19,2001,3,0.15,Credit Card
50357,1025,2024-09-29,2004,1,0.0,Credit Card
50358,1131,2024-06-09,2012,2,0.1,Credit Card
50359,1353,2025-11-17,2012,2,0.15,UPI
50360,1196,2024-11-03,2016,2,0.05,Debit Card
50361,1281,2025-01-08,2017,2,0.2,Cash on Delivery
50362,1404,2024-01-09,2010,3,0.2,Cash on Delivery
50363,1418,2025-03-19,2017,3,0.0,Net Banking
50364,1154,2024-04-22,2017,2,0.05,Net Banking
50365,1382,2024-07-23,2018,3,0.0,Debit Card
50366,1133,2025-02-08,2002,3,0.0,Credit Card
50367,1227,2025-11-28,2004,3,0.2,Debit Card
50368,1189,2024-07-15,2019,4,0.2,Net Banking
50369,1476,2024-04-24,2011,1,0.0,Net Banking
50370,1477,2024-04-30,2017,1,0.1,Cash on Delivery
50371,1265,2025-10-14,2012,4,0.1,Debit Card
50372,1372,2024-03-05,2002,3,0.05,UPI
50373,1486,2024-10-02,2006,4,0.1,Net Banking
50374,1434,2024-08-26,2009,1,0.2,Cash on Delivery
50375,1134,2024-10-28,2005,2,0.0,Credit Card
50376,1211,2025-01-26,2020,1,0.0,Debit Card
50377,1060,2025-06-05,2009,2,0.0,Net Banking
50378,1428,2025-01-03,2008,1,0.05,UPI
50379,1377,2024-08-20,2020,1,0.05,Net Banking
50380,1395,2024-07-13,2008,1,0.05,UPI
50381,1450,2024-01-12,2006,2,0.1,Debit Card
50382,1431,2025-11-19,2003,1,0.15,UPI
50383,1364,2024-06-25,2005,1,0.05,UPI
50384,1364,2024-08-04,2009,1,0.05,Cash on Delivery
50385,1457,2024-01-11,2007,1,0.15,Debit Card
50386,1213,2025-03-21,2004,4,0.15,Net Banking
50387,1216,2025-09-21,2007,1,0.0,Credit Card
50388,1226,2024-06-12,2005,1,0.05,Debit Card
50389,1470,2025-07-04,2011,3,0.15,Debit Card
50390,1131,2024-02-22,2015,2,0.0,Credit Card
50391,1076,2024-08-05,2002,3,0.05,Net Banking
50392,1476,2025-12-18,2013,2,0.05,Cash on Delivery
50393,1286,2024-12-25,2016,4,0.0,Net Banking
50394,1474,2025-01-19,2007,1,0.0,Credit Card
50395,1496,2024-02-25,2008,5,0.05,Net Banking
50396,1277,2024-04-27,2006,3,0.15,Debit Card
50397,1156,2024-09-09,2007,2,0.15,Cash on Delivery
50398,1248,2024-06-28,2018,2,0.25,UPI
50399,1218,2025-02-18,2020,2,0.0,Net Banking
50400,1190,2024-08-22,2007,1,0.0,UPI
50401,1417,2025-12-08,2003,1,0.15,Cash on Delivery
50402,1469,2024-03-20,2005,5,0.1,UPI
50403,1163,2025-10-08,2001,2,0.05,Net Banking
50404,1180,2024-01-22,2015,1,0.0,Credit Card
50405,1034,2025-04-21,2003,3,0.05,Debit Card
50406,1041,2025-03-15,2008,2,0.05,Debit Card
50407,1307,2025-07-23,2009,1,0.0,UPI
50408,1431,2024-04-02,2015,3,0.25,Debit Card
50409,1338,2024-07-10,2010,3,0.0,Debit Card
50410,1314,2024-04-12,2002,1,0.25,Credit Card
50411,1075,2025-01-30,2020,4,0.15,UPI
50412,1441,2024-01-07,2005,1,0.05,Credit Card
50413,1279,2025-10-01,2019,2,0.15,Credit Card
50414,1176,2025-07-20,2013,1,0.1,Cash on Delivery
50415,1384,2024-08-18,2011,2,0.0,UPI
50416,1150,2025-07-27,2001,1,0.05,Credit Card
50417,1273,2024-08-27,2015,1,0.1,Net Banking
50418,1325,2024-03-30,2018,3,0.1,Debit Card
50419,1108,2024-08-19,2016,1,0.1,UPI
50420,1139,2025-04-01,2009,3,0.1,Cash on Delivery
50421,1350,2024-08-20,2001,2,0.05,Credit Card
50422,1271,2024-12-19,2011,5,0.1,Net Banking
50423,1347,2024-11-28,2009,2,0.05,Debit Card
50424,1419,2025-03-14,2011,1,0.1,Debit Card
50425,1289,2025-01-09,2013,1,0.2,Net Banking
50426,1212,2024-10-18,2002,4,0.1,UPI
50427,1381,2024-12-10,2014,3,0.15,Debit Card
50428,1272,2025-10-25,2006,1,0.1,Debit Card
50429,1418,2025-03-03,2008,2,0.1,
50430,1066,2025-10-18,2018,2,0.1,Credit Card
50431,1483,2024-05-09,2016,5,0.0,Credit Card
50432,1424,2024-05-20,2012,4,0.25,Debit Card
50433,1248,2025-02-18,2011,5,0.0,Cash on Delivery
50434,1156,2024-04-02,2006,4,0.05,Debit Card
50435,1047,2025-09-17,2003,4,0.0,UPI
50436,1423,2024-10-10,2014,1,0.0,Cash on Delivery
50437,1454,2025-10-16,2002,3,0.15,UPI
50438,1201,2024-08-10,2011,3,0.05,Net Banking
50439,1148,2025-04-07,2003,5,0.15,Net Banking
50440,1124,2025-06-28,2018,2,0.05,Credit Card
50441,1001,2024-10-02,2001,1,0.05,Credit Card
50442,1456,2025-11-12,2001,2,0.05,Credit Card
50443,1247,2024-05-19,2012,3,0.1,Net Banking
50444,1343,2024-12-22,2015,1,0.15,UPI
50445,1128,2025-12-13,2005,2,0.1,Cash on Delivery
50446,1191,2024-01-23,2006,2,0.05,Credit Card
50447,1067,2024-09-26,2016,1,0.25,Net Banking
50448,1004,2025-10-26,2012,1,0.0,Credit Card
50449,1442,2024-11-28,2012,1,0.1,Debit Card
50450,1409,2024-03-25,2003,4,0.05,Cash on Delivery
50451,1303,2025-09-12,2002,3,0.0,UPI
50452,1294,2024-01-31,2007,1,0.05,Credit Card
50453,1143,2024-08-27,2002,3,0.0,Debit Card
50454,1191,2024-12-28,2007,3,0.15,Debit Card
50455,1021,2025-01-23,2011,1,0.1,Cash on Delivery
50456,1227,2025-10-14,2011,1,0.15,Net Banking
50457,1313,2025-10-29,2014,2,0.1,Net Banking
50458,1117,2024-10-25,2003,2,0.1,Credit Card
50459,1437,2025-01-05,2014,3,0.15,Credit Card
50460,1302,2024-04-08,2011,2,0.2,Net Banking
50461,1500,2024-02-16,2004,1,0.0,UPI
50462,1142,2025-02-25,2017,5,0.05,UPI
50463,1484,2025-04-24,2016,1,0.15,Debit Card
50464,1460,2025-08-01,2003,3,0.2,Cash on Delivery
50465,1401,2024-03-02,2010,1,0.25,UPI
50466,1039,2024-04-18,2015,1,0.1,Credit Card
50467,1393,2025-11-09,2008,2,0.0,UPI
50468,1355,2025-07-02,2018,1,0.0,Cash on Delivery
50469,1252,2024-04-28,2003,2,0.2,Credit Card
50470,1333,2025-08-20,2007,1,0.05,Cash on Delivery
50471,1207,2025-01-16,2010,2,0.0,Net Banking
50472,1210,2025-01-26,2020,2,0.2,Cash on Delivery
50473,1115,2024-02-21,2009,1,0.0,Cash on Delivery
50474,1225,2025-08-25,2014,4,0.15,Cash on Delivery
50475,1134,2024-10-15,2014,1,0.1,Credit Card
50476,1251,2024-12-02,2011,1,0.0,Cash on Delivery
50477,1219,2024-07-22,2001,2,0.05,Cash on Delivery
50478,1407,2024-08-25,2004,2,0.0,Debit Card
50479,1443,2025-01-16,2006,2,0.1,Credit Card
50480,1091,2025-10-28,2005,1,0.1,Cash on Delivery
50481,1354,2024-05-15,2003,3,0.0,UPI
50482,1376,2025-02-10,2002,2,0.25,Cash on Delivery
50483,1046,2025-05-22,2003,1,0.05,UPI
50484,1038,2024-12-27,2009,1,0.05,Net Banking
50485,1142,2025-01-15,2019,3,0.0,Net Banking
50486,1100,2025-07-29,2019,2,0.0,Credit Card
50487,1328,2025-09-26,2017,1,0.25,Credit Card
50488,1190,2024-09-10,2018,1,0.05,Net Banking
50489,1035,2025-04-21,2011,1,0.05,Credit Card
50490,1147,2024-04-23,2012,2,0.15,UPI
50491,1030,2024-01-20,2003,3,0.1,UPI
50492,1334,2025-06-11,2018,2,0.05,Debit Card
50493,1084,2024-05-24,2006,2,0.2,Credit Card
50494,1369,2024-07-26,2007,4,0.15,Credit Card
50495,1281,2025-06-14,2001,2,0.0,Debit Card
50496,1424,2025-01-10,2006,2,0.1,Cash on Delivery
50497,1344,2025-05-18,2018,1,0.2,UPI
50498,1270,2024-06-14,2013,2,0.1,Cash on Delivery
50499,1154,2025-07-03,2019,2,0.15,Debit Card
50500,1102,2024-06-29,2007,2,0.25,Credit Card
50501,1215,2025-09-08,2019,5,0.1,Cash on Delivery
50502,1150,2025-09-03,2009,4,0.0,Credit Card
50503,1432,2025-08-24,2003,3,0.0,Debit Card
50504,1083,2025-03-19,2012,2,0.1,Net Banking
50505,1110,2024-11-27,2020,2,0.05,Credit Card
50506,1435,2025-05-17,2018,1,0.2,Cash on Delivery
50507,1387,2024-03-19,2008,1,0.05,Cash on Delivery
50508,1426,2025-08-07,2009,3,0.1,Debit Card
50509,1275,2025-11-18,2013,2,0.15,Cash on Delivery
50510,1201,2025-01-30,2008,4,0.1,UPI
50511,1284,2025-08-30,2010,1,0.05,Credit Card
50512,1468,2024-04-12,2017,2,0.0,UPI
50513,1173,2025-02-05,2007,2,0.1,Debit Card
50514,1327,2024-08-11,2017,2,0.15,UPI
50515,1206,2025-06-01,2018,4,0.1,UPI
50516,1063,2025-09-25,2002,5,0.05,Credit Card
50517,1073,2024-08-23,2003,1,0.0,Credit Card
50518,1251,2025-03-02,2019,1,0.15,Net Banking
50519,1124,2024-04-25,2001,1,0.2,UPI
50520,1375,2024-06-11,2010,3,0.05,Credit Card
50521,1121,2024-08-13,2014,1,0.15,UPI
50522,1275,2024-08-17,2013,3,0.05,UPI
50523,1431,2024-06-30,2009,2,0.1,Debit Card
50524,1500,2024-09-05,2006,2,0.15,Debit Card
50525,1398,2024-11-13,2006,3,0.0,UPI
50526,1120,2024-07-28,2019,2,0.1,Debit Card
50527,1422,2025-10-17,2010,2,0.0,Credit Card
50528,1437,2025-01-26,2003,1,0.05,UPI
50529,1317,2024-04-05,2018,2,0.1,Debit Card
50530,1164,2024-03-26,2019,2,0.0,Credit Card
50531,1424,2025-02-18,2005,2,0.1,UPI
50532,1465,2025-01-28,2011,4,0.05,UPI
50533,1286,2025-11-26,2010,4,0.1,Debit Card
50534,1265,2025-09-24,2017,3,0.0,Credit Card
50535,1320,2025-05-15,2004,1,0.15,UPI
50536,1161,2025-08-26,2018,3,0.1,UPI
50537,1376,2025-08-04,2018,2,0.25,Net Banking
50538,1308,2024-05-12,2001,1,0.2,UPI
50539,1089,2025-10-10,2014,1,0.05,Net Banking
50540,1142,2024-11-09,2008,1,0.0,Net Banking
50541,1203,2025-11-29,2002,1,0.1,Credit Card
50542,1309,2024-08-08,2019,2,0.1,Cash on Delivery
50543,1227,2025-03-13,2015,4,0.0,Net Banking
50544,1489,2024-02-15,2002,1,0.0,Credit Card
50545,1443,2024-07-10,2004,4,0.1,Debit Card
50546,1334,2025-06-03,2001,1,0.2,Net Banking
50547,1222,2025-01-13,2019,1,0.2,Cash on Delivery
50548,1041,2025-11-21,2010,2,0.0,Debit Card
50549,1196,2024-11-29,2001,2,0.05,Net Banking
50550,1068,2024-02-08,2020,1,0.0,Net Banking
50551,1476,2024-10-19,2015,1,0.1,Cash on Delivery
50552,1264,2025-11-20,2004,2,0.15,UPI
50553,1002,2024-06-10,2007,1,0.15,Cash on Delivery
50554,1361,2024-11-26,2007,3,0.1,Credit Card
50555,1125,2024-04-13,2018,2,0.0,Credit Card
50556,1110,2024-06-09,2013,1,0.05,Cash on Delivery
50557,1086,2025-09-26,2010,4,0.2,Cash on Delivery
50558,1425,2024-02-23,2008,1,0.0,Cash on Delivery
50559,1120,2024-02-03,2010,3,0.05,Cash on Delivery
50560,1127,2024-08-29,2014,3,0.15,Cash on Delivery
50561,1255,2024-04-22,2014,5,0.15,Net Banking
50562,1183,2024-11-13,2020,2,0.2,Debit Card
50563,1016,2024-01-23,2011,2,0.05,Credit Card
50564,1477,2025-07-11,2006,1,0.1,Credit Card
50565,1062,2025-10-08,2001,2,0.1,Debit Card
50566,1369,2024-04-27,2019,2,0.2,Cash on Delivery
50567,1432,2025-12-01,2007,2,0.15,Debit Card
50568,1158,2025-10-04,2018,3,0.15,Cash on Delivery
50569,1268,2024-07-30,2003,1,0.0,Credit Card
50570,1035,2025-02-21,2020,4,0.15,UPI
50571,1267,2024-04-22,2011,3,0.05,Credit Card
50572,1064,2024-02-13,2005,2,0.0,Credit Card
50573,1494,2024-05-07,2019,2,0.0,UPI
50574,1050,2024-06-06,2002,1,0.1,Debit Card
50575,1469,2025-01-28,2004,5,0.05,Net Banking
50576,1255,2025-05-26,2010,1,0.15,Cash on Delivery
50577,1149,2024-02-14,2002,2,0.15,Cash on Delivery
50578,1325,2024-04-17,2008,3,0.0,Credit Card
50579,1304,2024-08-06,2001,4,0.1,UPI
50580,1276,2025-03-18,2006,3,0.0,Credit Card
50581,1357,2024-11-10,2011,2,0.05,Credit Card
50582,1451,2024-06-25,2010,1,0.1,Debit Card
50583,1172,2024-08-15,2013,1,0.15,Cash on Delivery
50584,1417,2025-12-03,2001,1,0.1,Net Banking
50585,1201,2025-11-02,2002,4,0.15,UPI
50586,1445,2024-09-23,2003,3,0.15,Net Banking
50587,1393,2025-01-13,2009,3,0.05,UPI
50588,1324,2025-05-03,2005,2,0.1,Cash on Delivery
50589,1035,2025-12-02,2010,2,0.15,Debit Card
50590,1465,2025-11-17,2010,1,0.0,Net Banking
50591,1482,2024-10-16,2012,1,0.2,UPI
50592,1216,2024-12-22,2018,1,0.15,Credit Card
50593,1480,2025-10-18,2001,3,0.0,Cash on Delivery
50594,1065,2024-07-22,2003,1,0.25,Debit Card
50595,1008,2024-07-31,2005,3,0.0,Credit Card
50596,1301,2025-07-05,2017,3,0.2,Debit Card
50597,1343,2024-11-18,2008,2,0.05,UPI
50598,1431,2025-08-16,2017,1,0.15,Credit Card
50599,1424,2024-06-29,2009,1,0.1,Debit Card
50600,1332,2025-05-13,2006,1,0.15,Cash on Delivery
50601,1438,2024-11-15,2017,3,0.0,Net Banking
50602,1076,2024-03-23,2008,1,0.05,Net Banking
50603,1174,2024-10-29,2007,3,0.0,Credit Card
50604,1047,2024-09-18,2007,3,0.15,Cash on Delivery
50605,1015,2024-07-18,2015,1,0.05,Cash on Delivery
50606,1361,2024-08-27,2007,3,0.1,Debit Card
50607,1147,2025-11-22,2008,2,0.15,Credit Card
50608,1026,2025-11-13,2009,3,0.2,Cash on Delivery
50609,1308,2024-10-21,2015,1,0.0,Debit Card
50610,1093,2025-05-26,2002,1,0.2,Cash on Delivery
50611,1406,2025-11-19,2007,1,0.0,Credit Card
50612,1232,2025-01-30,2015,1,0.15,Cash on Delivery
50613,1021,2024-05-17,2018,3,0.15,Cash on Delivery
50614,1307,2024-05-08,2018,3,0.0,Cash on Delivery
50615,1038,2024-02-18,2010,4,0.0,Net Banking
50616,1276,2025-11-06,2018,1,0.1,UPI
50617,1157,2024-10-19,2001,1,0.05,Credit Card
50618,1179,2025-09-19,2007,3,0.2,Net Banking
50619,1132,2025-06-19,2003,1,0.05,UPI
50620,1311,2024-11-06,2014,1,0.2,Cash on Delivery
50621,1455,2025-06-20,2012,2,0.1,Cash on Delivery
50622,1348,2025-09-30,2014,1,0.25,Net Banking
50623,1028,2024-08-21,2004,2,0.15,Debit Card
50624,1260,2024-07-27,2013,1,0.15,Credit Card
50625,1406,2025-08-27,2016,2,0.0,UPI
50626,1076,2024-04-03,2016,3,0.1,Cash on Delivery
50627,1429,2024-11-22,2005,1,0.0,Credit Card
50628,1067,2024-08-12,2020,4,0.05,Cash on Delivery
50629,1342,2024-01-11,2006,2,0.1,Cash on Delivery
50630,1492,2024-11-24,2006,4,0.15,Cash on Delivery
50631,1194,2024-01-12,2018,1,0.0,Credit Card
50632,1472,2024-02-04,2006,2,0.1,Net Banking
50633,1162,2025-03-22,2007,2,0.1,Credit Card
50634,1347,2025-03-27,2016,3,0.0,Credit Card
50635,1439,2024-08-07,2009,2,0.1,Debit Card
50636,1361,2025-03-16,2013,2,0.15,Debit Card
50637,1257,2025-10-14,2012,4,0.0,Net Banking
50638,1072,2025-06-18,2019,1,0.15,Debit Card
50639,1087,2025-08-17,2001,1,0.1,Net Banking
50640,1422,2024-08-16,2008,2,0.15,Cash on Delivery
50641,1262,2024-12-09,2004,2,0.0,Cash on Delivery
50642,1214,2024-03-20,2019,2,0.15,Credit Card
50643,1153,2024-12-18,2005,2,0.0,Cash on Delivery
50644,1210,2025-01-30,2017,4,0.05,Debit Card
50645,1401,2024-10-16,2003,3,0.0,UPI
50646,1061,2025-03-30,2019,1,0.15,Credit Card
50647,1268,2025-11-01,2001,1,0.15,Net Banking
50648,1262,2024-05-07,2001,5,0.0,Cash on Delivery
50649,1218,2025-12-02,2020,3,0.0,Credit Card
50650,1283,2025-06-26,2009,4,0.05,Credit Card
50651,1136,2024-12-24,2005,1,0.0,Credit Card
50652,1467,2025-06-10,2007,3,0.1,Cash on Delivery
50653,1380,2024-11-08,2006,3,0.1,Net Banking
50654,1362,2024-03-15,2017,1,0.2,Credit Card
50655,1449,2025-06-29,2017,2,0.2,Credit Card
50656,1441,2024-07-14,2013,2,0.1,Credit Card
50657,1093,2024-01-29,2012,2,0.0,Cash on Delivery
50658,1109,2025-12-06,2004,3,0.05,Debit Card
50659,1241,2024-01-16,2008,3,0.1,Net Banking
50660,1355,2025-02-26,2005,3,0.1,Credit Card
50661,1424,2025-08-11,2005,3,0.1,Credit Card
50662,1142,2025-08-15,2013,2,0.25,Credit Card
50663,1291,2025-02-08,2011,2,0.2,Cash on Delivery
50664,1432,2025-09-27,2008,3,0.0,Debit Card
50665,1237,2025-06-14,2008,2,0.05,Credit Card
50666,1340,2025-09-05,2001,1,0.15,Credit Card
50667,1312,2024-03-17,2013,2,0.15,Cash on Delivery
50668,1177,2024-08-16,2005,1,0.05,Net Banking
50669,1141,2024-10-23,2008,3,0.15,Net Banking
50670,1189,2025-05-24,2017,1,0.1,Debit Card
50671,1486,2025-12-15,2013,1,0.1,Net Banking
50672,1049,2025-07-26,2009,4,0.0,Credit Card
50673,1302,2025-06-21,2002,3,0.2,Cash on Delivery
50674,1369,2025-08-05,2019,3,0.1,Credit Card
50675,1190,2025-09-06,2020,2,0.0,Credit Card
50676,1136,2024-11-21,2017,3,0.15,Debit Card
50677,1043,2024-12-28,2007,3,0.15,Net Banking
50678,1404,2025-10-30,2003,2,0.2,Net Banking
50679,1380,2024-12-24,2019,5,0.0,Net Banking
50680,1353,2025-12-06,2019,1,0.25,Credit Card
50681,1090,2024-11-19,2009,4,0.0,Cash on Delivery
50682,1295,2025-11-28,2010,2,0.1,Cash on Delivery
50683,1341,2024-11-21,2014,2,0.1,Credit Card
50684,1245,2025-09-16,2018,1,0.05,UPI
50685,1433,2024-06-13,2015,2,0.1,Credit Card
50686,1192,2025-07-26,2001,2,0.2,Net Banking
50687,1318,2025-08-26,2006,5,0.1,Credit Card
50688,1106,2025-03-30,2015,5,0.1,UPI
50689,1363,2024-06-01,2006,5,0.0,Credit Card
50690,1310,2024-05-06,2018,1,0.0,Net Banking
50691,1382,2024-07-11,2001,5,0.0,Debit Card
50692,1233,2025-09-18,2003,2,0.2,Cash on Delivery
50693,1265,2025-06-13,2017,3,0.15,UPI
50694,1344,2024-01-10,2016,1,0.25,Debit Card
50695,1037,2024-04-01,2008,2,0.0,Cash on Delivery
50696,1305,2024-05-18,2017,5,0.1,Debit Card
50697,1041,2025-04-25,2008,4,0.0,Credit Card
50698,1017,2025-03-24,2017,3,0.15,Credit Card
50699,1344,2024-11-28,2009,3,0.05,Cash on Delivery
50700,1277,2024-12-05,2012,1,0.0,Cash on Delivery
50701,1307,2024-02-21,2019,3,0.1,Credit Card
50702,1059,2025-12-07,2004,2,0.05,Credit Card
50703,1423,2025-04-10,2011,1,0.1,Cash on Delivery
50704,1183,2025-12-18,2004,1,0.1,Cash on Delivery
50705,1041,2025-04-19,2014,1,0.15,Cash on Delivery
50706,1039,2025-02-04,2014,3,0.25,Net Banking
50707,1397,2025-03-14,2006,1,0.05,Net Banking
50708,1192,2025-08-27,2017,2,0.1,Credit Card
50709,1267,2025-10-18,2002,1,0.15,Net Banking
50710,1494,2025-08-20,2008,2,0.1,UPI
50711,1147,2025-05-23,2004,3,0.0,Credit Card
50712,1395,2024-06-01,2010,3,0.15,UPI
50713,1333,2025-05-28,2007,2,0.0,Debit Card
50714,1127,2025-05-17,2004,2,0.0,UPI
50715,1046,2025-11-06,2016,2,0.0,Debit Card
50716,1045,2024-01-06,2014,4,0.0,UPI
50717,1001,2025-05-14,2016,1,0.0,Debit Card
50718,1168,2025-10-22,2009,1,0.0,Debit Card
50719,1108,2025-12-17,2004,3,0.05,Credit Card
50720,1019,2024-04-27,2006,1,0.05,Cash on Delivery
50721,1332,2025-04-29,2001,3,0.0,Cash on Delivery
50722,1072,2025-08-23,2007,1,0.1,Credit Card
50723,1456,2025-10-27,2001,3,0.0,Debit Card
50724,1445,2025-11-09,2019,1,0.0,Cash on Delivery
50725,1109,2025-04-12,2008,2,0.05,Cash on Delivery
50726,1268,2024-06-09,2003,1,0.05,UPI
50727,1445,2024-09-26,2001,3,0.05,Net Banking
50728,1240,2024-02-25,2001,5,0.05,Credit Card
50729,1417,2024-08-15,2007,2,0.1,Net Banking
50730,1301,2024-05-28,2013,3,0.1,Debit Card
50731,1090,2024-02-15,2001,3,0.2,UPI
50732,1103,2024-05-23,2016,5,0.1,Cash on Delivery
50733,1476,2025-09-23,2014,3,0.1,UPI
50734,1250,2024-12-05,2004,1,0.0,Credit Card
50735,1453,2025-02-16,2012,3,0.15,Debit Card
50736,1008,2025-06-03,2012,2,0.0,UPI
50737,1153,2024-12-09,2017,1,0.1,UPI
50738,1347,2025-01-21,2015,1,0.05,UPI
50739,1174,2025-04-17,2010,4,0.1,Cash on Delivery
50740,1343,2024-10-01,2003,4,0.2,Debit Card
50741,1158,2024-12-18,2020,3,0.2,Cash on Delivery
50742,1493,2024-03-06,2020,5,0.0,UPI
50743,1431,2024-03-19,2012,3,0.05,Cash on Delivery
50744,1215,2025-08-20,2001,1,0.15,Cash on Delivery
50745,1177,2025-09-27,2001,1,0.1,Credit Card
50746,1175,2024-07-20,2010,1,0.1,Net Banking
50747,1340,2025-10-23,2018,1,0.15,Net Banking
50748,1338,2025-07-11,2015,1,0.1,Credit Card
50749,1146,2024-04-22,2002,2,0.25,Credit Card
50750,1450,2024-03-31,2017,3,0.1,Cash on Delivery
50751,1324,2024-05-20,2008,4,0.1,Cash on Delivery
50752,1478,2024-10-15,2009,2,0.1,Debit Card
50753,1161,2025-12-30,2020,4,0.15,Net Banking
50754,1127,2025-08-11,2011,2,0.1,Cash on Delivery
50755,1420,2025-02-14,2006,4,0.1,Debit Card
50756,1082,2025-01-11,2014,2,0.25,Net Banking
50757,1485,2025-01-18,2001,1,0.1,Debit Card
50758,1147,2024-05-31,2007,4,0.05,Debit Card
50759,1239,2025-09-18,2009,2,0.1,Credit Card
50760,1412,2024-11-14,2011,2,0.1,UPI
50761,1424,2025-01-03,2016,1,0.0,UPI
50762,1084,2025-08-28,2019,2,0.1,UPI
50763,1113,2025-07-13,2002,5,0.15,Debit Card
50764,1225,2025-12-03,2015,1,0.1,Cash on Delivery
50765,1332,2025-04-06,2003,4,0.15,UPI
50766,1378,2024-01-12,2004,1,0.1,Cash on Delivery
50767,1243,2024-06-04,2020,1,0.25,Net Banking
50768,1143,2025-11-14,2007,1,0.05,UPI
50769,1041,2025-04-21,2012,3,0.0,Debit Card
50770,1423,2025-02-04,2004,1,0.05,Credit Card
50771,1258,2024-06-25,2010,2,0.1,Debit Card
50772,1447,2024-12-06,2006,1,0.05,Cash on Delivery
50773,1285,2024-02-26,2014,1,0.0,Net Banking
50774,1105,2025-03-23,2003,3,0.1,Debit Card
50775,1202,2024-07-21,2017,1,0.05,Credit Card
50776,1450,2025-11-27,2011,1,0.1,Credit Card
50777,1307,2025-09-24,2010,1,0.15,Net Banking
50778,1331,2024-07-20,2010,2,0.15,UPI
50779,1461,2024-11-25,2010,2,0.05,Debit Card
50780,1266,2024-12-28,2003,1,0.1,Debit Card
50781,1398,2025-03-29,2015,1,0.05,Credit Card
50782,1210,2024-12-21,2017,2,0.15,Cash on Delivery
50783,1051,2024-08-03,2018,1,0.15,Debit Card
50784,1118,2025-07-08,2019,4,0.05,Credit Card
50785,1201,2024-01-23,2019,3,0.0,Cash on Delivery
50786,1377,2024-06-03,2012,2,0.0,UPI
50787,1039,2024-07-04,2005,1,0.05,UPI
50788,1028,2024-09-05,2016,3,0.1,Credit Card
50789,1259,2024-05-13,2015,3,0.1,Credit Card
50790,1084,2024-11-16,2015,2,0.05,UPI
50791,1454,2025-01-24,2006,3,0.1,Credit Card
50792,1155,2025-03-09,2012,3,0.2,Net Banking
50793,1117,2024-01-22,2002,2,0.1,Debit Card
50794,1002,2025-08-22,2020,1,0.0,Net Banking
50795,1093,2025-10-26,2009,3,0.1,Cash on Delivery
50796,1166,2024-05-04,2004,1,0.1,Credit Card
50797,1387,2024-03-19,2005,3,0.15,Credit Card
50798,1400,2024-02-20,2008,3,0.05,Cash on Delivery
50799,1350,2025-12-28,2010,3,0.05,Debit Card
50800,1296,2024-06-24,2007,2,0.1,UPI
50801,1258,2024-09-09,2014,1,0.1,Net Banking
50802,1081,2024-09-02,2005,1,0.15,Debit Card
50803,1425,2024-04-15,2016,3,0.0,UPI
50804,1268,2024-07-11,2015,4,0.1,UPI
50805,1419,2024-11-11,2005,2,0.0,Credit Card
50806,1235,2024-10-28,2003,1,0.05,Cash on Delivery
50807,1321,2025-07-01,2010,4,0.1,Credit Card
50808,1311,2025-12-16,2005,5,0.0,Cash on Delivery
50809,1301,2024-09-24,2015,2,0.05,Credit Card
50810,1463,2024-06-18,2018,2,0.15,Net Banking
50811,1474,2025-07-04,2008,3,0.1,Credit Card
50812,1357,2025-03-30,2002,3,0.0,Net Banking
50813,1213,2025-10-12,2008,5,0.1,Debit Card
50814,1062,2024-10-18,2008,1,0.0,Debit Card
50815,1049,2025-07-17,2004,2,0.05,Credit Card
50816,1127,2024-05-20,2019,3,0.1,Debit Card
50817,1223,2024-05-25,2018,4,0.0,UPI
50818,1409,2025-02-28,2001,4,0.25,Net Banking
50819,1279,2024-11-09,2020,5,0.0,Cash on Delivery
50820,1408,2024-07-02,2015,2,0.15,Net Banking
50821,1294,2025-10-25,2018,3,0.15,Credit Card
50822,1284,2025-12-13,2012,2,0.25,Debit Card
50823,1277,2024-05-07,2001,2,0.05,Debit Card
50824,1438,2024-10-13,2007,1,0.15,UPI
50825,1107,2024-09-09,2019,3,0.2,Debit Card
50826,1146,2025-11-30,2001,5,0.0,Credit Card
50827,1420,2025-01-20,2007,1,0.1,Credit Card
50828,1099,2024-08-17,2002,1,0.0,Cash on Delivery
50829,1429,2024-09-27,2007,3,0.1,Net Banking
50830,1375,2025-02-18,2019,2,0.1,Net Banking
50831,1073,2024-07-16,2013,4,0.0,Net Banking
50832,1437,2024-11-18,2005,1,0.15,Cash on Delivery
50833,1486,2024-02-25,2019,1,0.0,Cash on Delivery
50834,1122,2024-07-21,2001,2,0.15,Cash on Delivery
50835,1030,2025-09-12,2001,1,0.0,UPI
50836,1188,2025-09-19,2018,1,0.1,Cash on Delivery
50837,1364,2025-08-26,2001,1,0.0,Debit Card
50838,1354,2024-05-17,2005,1,0.05,UPI
50839,1288,2025-02-25,2009,1,0.15,Debit Card
50840,1451,2024-02-26,2012,4,0.05,Net Banking
50841,1195,2025-07-15,2009,1,0.1,Credit Card
50842,1156,2024-03-11,2018,2,0.2,Net Banking
50843,1172,2025-08-16,2011,4,0.0,Cash on Delivery
50844,1335,2025-01-06,2001,2,0.15,Credit Card
50845,1041,2025-09-08,2019,2,0.0,Net Banking
50846,1063,2025-08-22,2010,3,0.0,UPI
50847,1023,2025-05-28,2002,3,0.0,Cash on Delivery
50848,1360,2024-03-24,2007,4,0.25,Net Banking
50849,1075,2024-02-12,2020,2,0.0,Credit Card
50850,1048,2025-10-27,2002,4,0.2,Debit Card
50851,1160,2025-08-28,2019,2,0.25,Net Banking
50852,1313,2024-05-12,2006,1,0.05,UPI
50853,1118,2025-01-29,2010,4,0.1,Credit Card
50854,1100,2024-03-05,2009,2,0.15,Net Banking
50855,1380,2024-10-16,2008,4,0.05,Debit Card
50856,1417,2025-01-10,2011,1,0.0,Cash on Delivery
50857,1408,2025-04-11,2009,2,0.05,Cash on Delivery
50858,1167,2024-07-31,2020,4,0.15,Cash on Delivery
50859,1290,2024-05-27,2020,1,0.15,Credit Card
50860,1440,2025-07-26,2009,4,0.0,Debit Card
50861,1156,2025-04-15,2008,4,0.0,Debit Card
50862,1421,2024-05-28,2015,4,0.2,Net Banking
50863,1007,2024-03-28,2002,2,0.0,Cash on Delivery
50864,1196,2024-11-19,2001,2,0.15,Credit Card
50865,1421,2025-01-30,2009,4,0.0,Cash on Delivery
50866,1056,2025-02-07,2009,3,0.15,Cash on Delivery
50867,1321,2024-03-22,2013,2,0.2,Net Banking
50868,1193,2025-10-02,2008,5,0.05,Net Banking
50869,1047,2024-10-12,2005,3,0.0,Net Banking
50870,1148,2025-01-16,2003,5,0.1,UPI
50871,1275,2024-09-26,2004,1,0.05,UPI
50872,1157,2024-10-18,2017,1,0.05,Credit Card
50873,1202,2025-03-28,2016,2,0.1,Credit Card
50874,1444,2025-12-15,2016,2,0.0,Net Banking
50875,1402,2024-01-24,2020,3,0.05,Debit Card
50876,1476,2024-11-06,2003,1,0.15,Credit Card
50877,1419,2025-04-05,2006,5,0.1,UPI
50878,1427,2024-07-26,2001,1,0.05,UPI
50879,1495,2025-12-17,2016,2,0.1,Cash on Delivery
50880,1479,2025-10-25,2015,1,0.15,Net Banking
50881,1475,2025-03-13,2007,2,0.1,Debit Card
50882,1126,2025-06-21,2002,1,0.0,Net Banking
50883,1395,2025-12-06,2010,1,0.0,UPI
50884,1305,2024-12-01,2015,3,0.15,Debit Card
50885,1369,2025-02-25,2006,1,0.15,Credit Card
50886,1294,2024-11-16,2002,1,0.1,Cash on Delivery
50887,1064,2025-05-11,2017,3,0.0,UPI
50888,1325,2025-08-09,2001,1,0.1,Cash on Delivery
50889,1392,2024-06-11,2001,2,0.15,Net Banking
50890,1418,2025-06-24,2004,1,0.05,Debit Card
50891,1176,2024-06-13,2020,1,0.0,Net Banking
50892,1116,2025-11-28,2016,3,0.1,Cash on Delivery
50893,1440,2025-07-19,2008,1,0.15,UPI
50894,1204,2024-10-21,2001,4,0.0,Cash on Delivery
50895,1486,2024-02-11,2019,4,0.1,UPI
50896,1321,2024-10-11,2011,1,0.1,Cash on Delivery
50897,1031,2025-01-21,2017,5,0.1,Net Banking
50898,1388,2024-05-17,2010,1,0.1,Cash on Delivery
50899,1113,2024-07-05,2012,1,0.1,Credit Card
50900,1365,2025-12-16,2009,1,0.0,Net Banking
50901,1434,2025-03-06,2007,2,0.0,Cash on Delivery
50902,1325,2025-07-07,2012,2,0.1,Cash on Delivery
50903,1414,2025-02-19,2015,1,0.0,Debit Card
50904,1376,2025-03-01,2008,3,0.1,Net Banking
50905,1344,2025-02-19,2017,3,0.1,Debit Card
50906,1443,2024-01-26,2005,1,0.0,Net Banking
50907,1067,2025-01-05,2014,3,0.1,UPI
50908,1075,2025-01-19,2002,4,0.1,Net Banking
50909,1045,2024-02-25,2016,1,0.05,Net Banking
50910,1260,2024-09-09,2017,1,0.1,Cash on Delivery
50911,1154,2025-09-25,2003,2,0.2,Credit Card
50912,1155,2024-04-15,2001,2,0.05,Net Banking
50913,1430,2024-05-09,2018,2,0.1,Debit Card
50914,1363,2025-10-31,2018,1,0.0,Credit Card
50915,1448,2025-01-10,2004,2,0.0,Net Banking
50916,1475,2024-11-03,2015,2,0.0,Credit Card
50917,1234,2024-03-31,2019,2,0.15,UPI
50918,1051,2025-01-27,2019,1,0.05,Credit Card
50919,1306,2025-06-17,2010,2,0.0,UPI
50920,1262,2024-04-19,2005,1,0.15,Credit Card
50921,1315,2025-07-14,2019,2,0.0,Credit Card
50922,1125,2025-10-02,2011,4,0.0,Debit Card
50923,1399,2025-08-07,2007,2,0.05,Debit Card
50924,1245,2024-12-05,2005,1,0.05,Cash on Delivery
50925,1030,2025-07-18,2020,2,0.1,Credit Card
50926,1426,2024-12-21,2012,3,0.05,UPI
50927,1485,2024-06-16,2019,3,0.05,Credit Card
50928,1122,2025-07-10,2015,2,0.15,Net Banking
50929,1125,2025-03-27,2012,1,0.2,UPI
50930,1037,2024-04-14,2004,2,0.15,Net Banking
50931,1170,2024-05-29,2012,2,0.15,Cash on Delivery
50932,1124,2024-05-25,2018,5,0.1,Net Banking
50933,1357,2025-12-16,2017,2,0.1,Cash on Delivery
50934,1035,2024-10-25,2019,3,0.1,Cash on Delivery
50935,1087,2024-06-15,2016,2,0.15,Cash on Delivery
50936,1134,2025-12-13,2011,1,0.1,Net Banking
50937,1196,2025-10-07,2002,3,0.0,Cash on Delivery
50938,1274,2025-12-23,2016,2,0.15,Cash on Delivery
50939,1201,2024-02-17,2001,5,0.15,Debit Card
50940,1369,2025-09-29,2017,2,0.15,Credit Card
50941,1285,2024-08-26,2018,1,0.0,Cash on Delivery
50942,1077,2024-01-07,2013,3,0.05,UPI
50943,1059,2025-04-08,2005,1,0.05,UPI
50944,1431,2025-03-28,2006,1,0.1,Debit Card
50945,1126,2025-01-05,2001,1,0.0,Net Banking
50946,1500,2025-07-02,2010,3,0.05,Net Banking
50947,1401,2025-05-01,2005,2,0.0,Net Banking
50948,1109,2024-07-29,2001,1,0.05,Cash on Delivery
50949,1224,2024-06-13,2011,2,0.15,Net Banking
50950,1496,2024-05-04,2007,2,0.15,Net Banking
50951,1278,2024-12-02,2018,4,0.0,Credit Card
50952,1068,2024-07-10,2020,2,0.1,Cash on Delivery
50953,1069,2025-12-30,2010,3,0.0,Cash on Delivery
50954,1165,2024-08-01,2015,1,0.0,UPI
50955,1489,2025-07-27,2004,3,0.15,UPI
50956,1305,2024-11-23,2016,3,0.15,Credit Card
50957,1397,2025-01-15,2015,4,0.15,Debit Card
50958,1162,2025-11-03,2015,1,0.1,Cash on Delivery
50959,1365,2025-07-31,2012,2,0.15,UPI
50960,1342,2024-08-26,2008,2,0.0,Net Banking
50961,1309,2025-06-15,2008,1,0.0,Cash on Delivery
50962,1379,2025-11-30,2018,2,0.0,Cash on Delivery
50963,1343,2024-03-22,2006,4,0.15,Cash on Delivery
50964,1435,2024-12-28,2005,2,0.0,UPI
50965,1387,2025-05-19,2002,5,0.0,Credit Card
50966,1042,2024-07-20,2012,1,0.1,UPI
50967,1354,2025-05-18,2004,3,0.0,Net Banking
50968,1416,2025-10-05,2013,2,0.0,Net Banking
50969,1109,2024-02-06,2017,2,0.0,Debit Card
50970,1051,2025-10-05,2016,5,0.0,UPI
50971,1250,2025-08-11,2009,1,0.1,UPI
50972,1497,2025-08-23,2001,4,0.1,Debit Card
50973,1341,2025-02-05,2015,3,0.0,Debit Card
50974,1430,2025-12-06,2012,1,0.0,Cash on Delivery
50975,1383,2024-06-24,2005,4,0.15,Cash on Delivery
50976,1492,2025-06-28,2018,2,0.1,Net Banking
50977,1021,2025-07-23,2020,3,0.1,Credit Card
50978,1300,2025-04-11,2002,2,0.1,Net Banking
50979,1139,2024-07-19,2004,3,0.0,UPI
50980,1359,2025-06-23,2015,2,0.25,Credit Card
50981,1324,2025-06-30,2006,1,0.1,Cash on Delivery
50982,1499,2025-09-28,2012,2,0.0,Debit Card
50983,1385,2025-01-28,2018,1,0.05,Debit Card
50984,1092,2024-02-11,2020,2,0.05,Net Banking
50985,1447,2025-08-19,2004,1,0.0,UPI
50986,1280,2025-01-27,2001,1,0.2,UPI
50987,1125,2025-11-30,2015,1,0.2,Debit Card
50988,1483,2025-09-14,2018,2,0.0,Net Banking
50989,1397,2025-03-16,2014,2,0.05,Net Banking
50990,1111,2025-09-08,2003,2,0.15,Cash on Delivery
50991,1354,2025-05-20,2015,1,0.0,Cash on Delivery
50992,1139,2024-11-15,2005,3,0.1,Cash on Delivery
50993,1484,2025-07-06,2003,3,0.1,Credit Card
50994,1435,2024-08-02,2007,1,0.1,Net Banking
50995,1273,2024-03-11,2006,4,0.15,Net Banking
50996,1099,2025-07-21,2001,2,0.15,Cash on Delivery
50997,1252,2024-08-23,2019,3,0.25,Debit Card
50998,1338,2024-10-07,2007,1,0.05,Cash on Delivery
50999,1104,2025-09-08,2004,1,0.15,Credit Card
51000,1214,2024-06-10,2012,4,0.0,Debit Card
51001,1249,2024-07-09,2020,3,0.05,Net Banking
51002,1152,2024-01-09,2018,1,0.0,Credit Card
51003,1250,2024-02-29,2009,1,0.1,Credit Card
51004,1275,2024-08-12,2019,2,0.0,Debit Card
51005,1165,2025-11-30,2004,2,0.15,Cash on Delivery
51006,1487,2025-08-04,2001,4,0.1,Cash on Delivery
51007,1341,2024-10-13,2009,1,0.0,UPI
51008,1008,2024-06-17,2015,2,0.15,Debit Card
51009,1284,2024-03-02,2008,1,0.15,Cash on Delivery
51010,1005,2024-12-14,2015,2,0.1,Credit Card
51011,1145,2025-03-17,2015,1,0.0,Cash on Delivery
51012,1101,2024-01-14,2018,4,0.15,Cash on Delivery
51013,1164,2024-06-12,2007,2,0.15,Credit Card
51014,1374,2025-02-23,2018,3,0.05,Debit Card
51015,1147,2025-06-03,2016,1,0.05,UPI
51016,1064,2025-10-27,2002,1,0.1,Cash on Delivery
51017,1091,2025-07-01,2004,1,0.15,Cash on Delivery
51018,1117,2025-07-13,2020,2,0.05,Cash on Delivery
51019,1354,2025-08-19,2016,3,0.0,Debit Card
51020,1267,2024-01-28,2003,2,0.15,Credit Card
51021,1310,2025-12-08,2002,1,0.0,Credit Card
51022,1173,2025-03-21,2003,1,0.2,Credit Card
51023,1047,2024-07-26,2005,1,0.05,Credit Card
51024,1140,2025-04-14,2002,3,0.1,Credit Card
51025,1246,2025-12-16,2019,2,0.0,Credit Card
51026,1149,2024-04-13,2020,3,0.2,Cash on Delivery
51027,1246,2025-03-01,2002,3,0.15,Cash on Delivery
51028,1395,2024-04-10,2002,1,0.2,Credit Card
51029,1487,2025-06-24,2020,1,0.1,Credit Card
51030,1476,2025-09-30,2018,3,0.0,Debit Card
51031,1005,2025-06-05,2020,3,0.05,Debit Card
51032,1465,2024-04-15,2014,1,0.1,Net Banking
51033,1184,2025-11-09,2015,1,0.1,Cash on Delivery
51034,1020,2024-10-03,2012,1,0.2,Credit Card
51035,1425,2024-03-05,2011,1,0.05,Cash on Delivery
51036,1046,2024-07-06,2011,1,0.15,Net Banking
51037,1012,2024-11-12,2007,1,0.25,Debit Card
51038,1070,2024-05-17,2012,2,0.0,Net Banking
51039,1017,2024-12-08,2016,1,0.15,UPI
51040,1371,2024-04-14,2005,1,0.05,Debit Card
51041,1147,2025-06-29,2002,4,0.15,Cash on Delivery
51042,1154,2025-01-14,2016,2,0.05,Debit Card
51043,1304,2024-04-19,2015,4,0.05,Net Banking
51044,1108,2025-06-28,2011,1,0.0,Credit Card
51045,1236,2024-12-19,2006,2,0.25,Net Banking
51046,1308,2024-11-12,2013,1,0.15,Net Banking
51047,1352,2024-09-22,2019,2,0.0,Credit Card
51048,1070,2025-11-24,2010,1,0.25,Cash on Delivery
51049,1183,2024-03-05,2019,1,0.1,Cash on Delivery
51050,1250,2024-11-28,2005,4,0.15,Debit Card
51051,1228,2025-05-27,2007,2,0.0,Net Banking
51052,1102,2024-05-12,2011,4,0.05,Debit Card
51053,1075,2025-08-14,2014,1,0.1,Credit Card
51054,1417,2025-06-23,2016,1,0.0,UPI
51055,1446,2025-06-18,2018,2,0.1,Cash on Delivery
51056,1216,2025-05-10,2004,3,0.05,Credit Card
51057,1407,2025-09-12,2001,2,0.0,Cash on Delivery
51058,1399,2025-09-10,2015,4,0.05,Debit Card
51059,1411,2025-10-18,2014,1,0.25,UPI
51060,1203,2025-01-03,2019,3,0.05,Net Banking
51061,1192,2025-10-12,2005,1,0.0,Cash on Delivery
51062,1249,2024-04-08,2004,1,0.1,Net Banking
51063,1499,2024-11-12,2013,2,0.1,Debit Card
51064,1242,2024-05-02,2018,2,0.15,Cash on Delivery
51065,1465,2024-11-15,2012,1,0.15,Debit Card
51066,1179,2025-08-15,2015,1,0.0,Net Banking
51067,1437,2025-05-09,2009,2,0.05,Debit Card
51068,1462,2025-04-01,2004,2,0.15,Debit Card
51069,1219,2025-06-05,2005,1,0.2,Debit Card
51070,1082,2025-06-03,2009,1,0.1,Credit Card
51071,1092,2025-12-17,2013,1,0.0,Credit Card
51072,1435,2024-11-10,2010,5,0.05,Cash on Delivery
51073,1175,2025-12-09,2016,4,0.0,Debit Card
51074,1239,2025-12-10,2013,2,0.15,Debit Card
51075,1260,2025-06-25,2004,5,0.0,Debit Card
51076,1391,2025-04-23,2013,2,0.0,Credit Card
51077,1365,2024-01-20,2008,1,0.05,Net Banking
51078,1163,2025-07-13,2013,1,0.1,Debit Card
51079,1048,2024-05-09,2015,4,0.05,UPI
51080,1329,2024-10-19,2020,2,0.1,Cash on Delivery
51081,1328,2024-05-11,2020,3,0.15,Credit Card
51082,1116,2024-12-21,2013,4,0.05,Net Banking
51083,1429,2024-02-23,2005,2,0.1,UPI
51084,1337,2025-01-21,2006,1,0.05,Debit Card
51085,1337,2024-09-21,2005,1,0.05,Credit Card
51086,1369,2024-08-02,2013,1,0.1,Debit Card
51087,1225,2025-04-04,2005,1,0.1,Cash on Delivery
51088,1352,2025-04-02,2013,2,0.15,Credit Card
51089,1328,2024-02-12,2020,1,0.1,UPI
51090,1147,2025-08-08,2008,1,0.15,Net Banking
51091,1063,2024-10-04,2009,2,0.05,Net Banking
51092,1294,2024-05-09,2019,1,0.1,Cash on Delivery
51093,1323,2024-12-15,2020,2,0.1,Net Banking
51094,1443,2025-12-06,2015,2,0.0,Net Banking
51095,1325,2025-06-27,2010,2,0.05,Cash on Delivery
51096,1013,2024-04-15,2011,4,0.1,UPI
51097,1431,2025-12-16,2005,1,0.0,Credit Card
51098,1494,2024-01-01,2009,1,0.05,Credit Card
51099,1189,2025-08-06,2011,3,0.1,Cash on Delivery
51100,1287,2025-03-07,2019,2,0.25,Debit Card
51101,1208,2024-11-01,2002,3,0.15,Cash on Delivery
51102,1114,2025-06-10,2006,1,0.05,Cash on Delivery
51103,1480,2024-02-22,2001,3,0.1,Cash on Delivery
51104,1022,2025-06-03,2003,4,0.0,Cash on Delivery
51105,1349,2024-11-25,2003,2,0.0,Net Banking
51106,1214,2025-07-11,2014,1,0.15,Net Banking
51107,1171,2024-11-20,2020,4,0.0,UPI
51108,1323,2024-04-23,2005,3,0.05,Cash on Delivery
51109,1054,2024-05-26,2017,3,0.2,Credit Card
51110,1394,2024-06-14,2015,1,0.15,Debit Card
51111,1298,2025-01-13,2006,3,0.15,Net Banking
51112,1320,2024-05-18,2014,1,0.15,Credit Card
51113,1126,2025-09-20,2014,1,0.15,Net Banking
51114,1277,2024-10-25,2017,2,0.0,UPI
51115,1464,2024-10-02,2008,1,0.1,Debit Card
51116,1204,2024-06-26,2008,2,0.05,Net Banking
51117,1194,2024-12-19,2019,2,0.05,Debit Card
51118,1169,2024-06-02,2009,1,0.15,Debit Card
51119,1152,2024-07-19,2011,2,0.1,Credit Card
51120,1035,2024-04-24,2013,4,0.0,Net Banking
51121,1184,2025-11-01,2013,1,0.05,Debit Card
51122,1286,2025-07-07,2019,2,0.0,Cash on Delivery
51123,1057,2024-03-08,2019,1,0.2,Debit Card
51124,1222,2025-03-20,2005,2,0.1,Debit Card
51125,1303,2025-03-20,2016,1,0.1,Net Banking
51126,1163,2024-11-21,2009,1,0.1,Cash on Delivery
51127,1019,2025-12-08,2020,1,0.1,Debit Card
51128,1370,2025-08-24,2003,5,0.15,Net Banking
51129,1264,2025-09-14,2019,2,0.1,Net Banking
51130,1282,2024-12-24,2005,2,0.2,Debit Card
51131,1113,2024-05-24,2008,2,0.25,UPI
51132,1488,2024-10-01,2014,2,0.25,UPI
51133,1327,2025-05-23,2003,2,0.1,Credit Card
51134,1030,2024-06-27,2013,1,0.2,UPI
51135,1135,2025-04-21,2011,2,0.05,UPI
51136,1067,2025-02-17,2008,1,0.15,Net Banking
51137,1065,2024-06-01,2019,1,0.2,Net Banking
51138,1292,2024-04-13,2010,2,0.2,Debit Card
51139,1025,2024-03-15,2018,3,0.15,Debit Card
51140,1037,2024-05-07,2018,1,0.05,Net Banking
51141,1001,2025-12-11,2007,1,0.0,Debit Card
51142,1399,2025-10-27,2016,1,0.05,Net Banking
51143,1037,2025-07-21,2006,5,0.15,UPI
51144,1141,2024-12-10,2016,3,0.0,Debit Card
51145,1232,2025-06-14,2016,2,0.1,UPI
51146,1136,2024-06-07,2001,4,0.1,Credit Card
51147,1389,2025-06-21,2019,2,0.1,Debit Card
51148,1188,2025-03-01,2003,5,0.2,Net Banking
51149,1128,2025-11-11,2006,1,0.1,Net Banking
51150,1201,2024-01-23,2004,1,0.15,Credit Card
51151,1127,2024-02-16,2004,2,0.1,Net Banking
51152,1257,2025-06-08,2004,1,0.15,UPI
51153,1164,2025-12-29,2010,2,0.05,Net Banking
51154,1035,2025-12-06,2009,1,0.0,Credit Card
51155,1194,2024-05-23,2008,2,0.2,Cash on Delivery
51156,1191,2025-08-07,2019,1,0.1,Cash on Delivery
51157,1104,2025-10-29,2017,1,0.1,UPI
51158,1023,2025-08-11,2017,4,0.1,Cash on Delivery
51159,1265,2025-02-22,2001,4,0.05,Net Banking
51160,1290,2025-11-11,2020,5,0.1,Credit Card
51161,1430,2024-03-25,2014,3,0.0,UPI
51162,1462,2025-02-19,2020,3,0.1,Cash on Delivery
51163,1384,2025-11-24,2011,2,0.1,Net Banking
51164,1260,2025-04-26,2003,1,0.1,Net Banking
51165,1414,2025-03-31,2008,1,0.1,Debit Card
51166,1479,2024-10-23,2010,1,0.2,Debit Card
51167,1358,2024-04-21,2017,4,0.1,Credit Card
51168,1075,2024-08-17,2008,1,0.2,UPI
51169,1355,2024-04-05,2001,4,0.1,Cash on Delivery
51170,1072,2025-11-10,2020,2,0.1,Cash on Delivery
51171,1259,2025-01-12,2007,3,0.0,Net Banking
51172,1398,2024-06-04,2009,1,0.0,Cash on Delivery
51173,1188,2025-02-24,2012,1,0.1,Credit Card
51174,1461,2024-04-14,2009,4,0.05,Debit Card
51175,1173,2025-12-05,2020,1,0.15,Net Banking
51176,1480,2024-11-25,2003,1,0.1,UPI
51177,1290,2025-03-14,2004,1,0.2,Net Banking
51178,1045,2024-05-11,2010,1,0.25,Cash on Delivery
51179,1061,2025-01-16,2004,1,0.0,Credit Card
51180,1083,2024-05-17,2009,2,0.05,UPI
51181,1123,2024-09-26,2001,2,0.1,Net Banking
51182,1358,2025-07-03,2005,2,0.05,Cash on Delivery
51183,1016,2025-01-30,2009,1,0.05,Net Banking
51184,1066,2025-07-10,2005,3,0.15,UPI
51185,1424,2025-04-08,2006,3,0.25,Cash on Delivery
51186,1145,2025-11-05,2019,1,0.15,Debit Card
51187,1375,2025-03-25,2008,2,0.1,UPI
51188,1162,2024-11-26,2010,1,0.05,Debit Card
51189,1234,2024-09-09,2011,3,0.1,Debit Card
51190,1380,2025-11-11,2013,3,0.1,Cash on Delivery
51191,1144,2024-10-11,2020,4,0.1,Net Banking
51192,1358,2024-09-30,2004,1,0.0,Net Banking
51193,1188,2024-01-20,2011,2,0.2,Credit Card
51194,1322,2024-08-26,2012,1,0.15,UPI
51195,1450,2024-09-26,2005,1,0.1,UPI
51196,1474,2025-02-21,2010,2,0.2,Cash on Delivery
51197,1013,2024-11-05,2007,1,0.05,Cash on Delivery
51198,1184,2024-01-31,2009,3,0.0,Credit Card
51199,1111,2024-04-13,2009,2,0.15,Credit Card
51200,1415,2025-11-12,2010,3,0.25,Debit Card
51201,1290,2024-07-04,2010,1,0.1,Credit Card
51202,1295,2024-05-07,2002,4,0.0,Net Banking
51203,1451,2024-07-28,2004,5,0.15,Debit Card
51204,1392,2025-02-17,2008,4,0.0,Credit Card
51205,1215,2024-10-07,2014,3,0.1,Net Banking
51206,1462,2024-09-09,2017,3,0.05,Net Banking
51207,1120,2024-01-19,2013,2,0.2,Debit Card
51208,1382,2025-12-12,2018,1,0.1,Debit Card
51209,1055,2024-05-15,2018,2,0.2,Net Banking
51210,1027,2024-08-10,2013,3,0.05,Cash on Delivery
51211,1118,2024-01-03,2008,5,0.05,Debit Card
51212,1221,2024-08-23,2012,2,0.2,UPI
51213,1231,2025-04-09,2001,1,0.0,Cash on Delivery
51214,1053,2024-08-15,2020,3,,UPI
51215,1295,2025-10-15,2018,5,0.05,Credit Card
51216,1321,2025-05-13,2003,1,0.15,Debit Card
51217,1401,2025-06-04,2012,1,0.0,Debit Card
51218,1233,2025-12-02,2019,2,0.05,Net Banking
51219,1158,2025-11-07,2013,1,0.1,Debit Card
51220,1437,2024-05-18,2010,1,0.05,UPI
51221,1269,2024-10-02,2015,1,0.0,Cash on Delivery
51222,1021,2024-10-17,2020,4,0.15,Credit Card
51223,1403,2024-02-22,2002,1,0.1,Cash on Delivery
51224,1053,2025-11-17,2019,2,0.0,UPI
51225,1275,2024-04-19,2003,3,0.1,Credit Card
51226,1313,2025-12-15,2014,4,0.2,Net Banking
51227,1281,2025-10-09,2007,5,0.0,Debit Card
51228,1214,2024-01-04,2008,2,0.1,Debit Card
51229,1031,2025-10-28,2011,4,0.15,Net Banking
51230,1337,2025-11-14,2020,1,0.0,UPI
51231,1183,2024-02-16,2006,3,0.0,Net Banking
51232,1023,2024-04-03,2011,2,0.1,UPI
51233,1032,2025-07-13,2017,1,0.15,Credit Card
51234,1446,2024-07-31,2010,2,0.0,Cash on Delivery
51235,1074,2025-03-11,2017,1,0.15,Cash on Delivery
51236,1010,2025-05-22,2002,4,0.1,Net Banking
51237,1484,2025-10-12,2006,1,0.05,Debit Card
51238,1456,2024-07-23,2005,2,0.1,Net Banking
51239,1054,2025-01-15,2004,1,0.25,Debit Card
51240,1052,2024-03-13,2002,1,0.0,Net Banking
51241,1148,2025-05-30,2012,5,0.1,Net Banking
51242,1160,2024-03-16,2003,3,0.1,Cash on Delivery
51243,1370,2024-03-17,2006,5,0.0,Debit Card
51244,1014,2025-02-13,2014,1,0.0,Cash on Delivery
51245,1178,2025-09-05,2008,1,0.0,Debit Card
51246,1412,2024-04-15,2014,2,0.05,Credit Card
51247,1366,2025-07-04,2003,2,0.0,Credit Card
51248,1500,2025-04-20,2016,1,0.15,Credit Card
51249,1053,2024-10-01,2015,3,0.25,UPI
51250,1408,2024-03-28,2007,1,0.0,Cash on Delivery
51251,1335,2025-12-23,2015,1,0.05,Cash on Delivery
51252,1022,2024-03-17,2013,1,0.0,Credit Card
51253,1030,2024-03-17,2006,2,0.0,Net Banking
51254,1191,2025-03-17,2015,3,0.05,Cash on Delivery
51255,1260,2025-06-23,2017,2,0.05,Debit Card
51256,1205,2024-09-01,2004,2,0.2,Cash on Delivery
51257,1059,2025-07-31,2014,1,0.05,Cash on Delivery
51258,1471,2025-01-16,2015,4,0.1,Debit Card
51259,1264,2025-12-17,2012,4,0.0,Credit Card
51260,1466,2025-07-23,2019,3,0.0,Credit Card
51261,1012,2025-12-13,2010,1,0.2,Debit Card
51262,1119,2024-05-21,2006,2,0.0,Cash on Delivery
51263,1415,2025-01-02,2009,2,0.25,Cash on Delivery
51264,1462,2024-03-24,2002,5,0.0,Credit Card
51265,1290,2024-05-22,2004,5,0.1,UPI
51266,1338,2024-12-17,2009,3,0.25,Credit Card
51267,1248,2025-06-28,2015,1,0.0,Debit Card
51268,1354,2024-05-31,2013,4,0.05,UPI
51269,1127,2024-06-06,2020,2,0.15,UPI
51270,1075,2025-03-21,2008,3,0.0,Debit Card
51271,1361,2025-10-14,2019,2,0.1,Net Banking
51272,1204,2024-10-29,2019,1,0.0,Credit Card
51273,1049,2025-09-15,2016,2,0.0,Cash on Delivery
51274,1079,2025-10-17,2011,1,0.0,Credit Card
51275,1441,2025-03-25,2010,1,0.2,Debit Card
51276,1479,2025-12-21,2008,3,0.0,Cash on Delivery
51277,1241,2024-08-11,2001,1,0.0,Net Banking
51278,1349,2024-02-12,2010,1,0.1,Debit Card
51279,1154,2024-09-20,2018,1,0.05,Credit Card
51280,1274,2024-01-03,2003,2,0.05,UPI
51281,1096,2025-09-28,2011,5,0.0,Debit Card
51282,1214,2024-09-24,2018,1,0.15,Debit Card
51283,1294,2025-08-18,2003,1,0.1,Credit Card
51284,1209,2024-01-16,2008,4,0.05,Net Banking
51285,1343,2024-11-29,2014,4,0.0,Credit Card
51286,1088,2025-04-08,2006,1,0.1,Credit Card
51287,1306,2024-02-28,2015,3,0.15,Net Banking
51288,1264,2024-06-25,2014,2,0.05,Net Banking
51289,1425,2024-03-03,2007,3,0.0,Debit Card
51290,1390,2025-07-14,2010,2,0.0,UPI
51291,1325,2024-11-02,2015,5,0.1,Credit Card
51292,1428,2024-09-02,2010,1,0.25,UPI
51293,1377,2024-10-15,2017,1,0.0,Net Banking
51294,1320,2024-11-27,2019,2,0.05,Net Banking
51295,1157,2025-06-10,2017,2,0.0,Credit Card
51296,1156,2024-09-11,2012,4,0.05,Debit Card
51297,1139,2025-08-26,2015,2,0.05,Credit Card
51298,1121,2025-05-24,2012,1,0.2,Debit Card
51299,1065,2025-12-18,2009,2,0.0,Cash on Delivery
51300,1107,2025-08-28,2005,2,0.15,Debit Card
51301,1147,2025-04-07,2004,5,0.05,Credit Card
51302,1137,2024-07-17,2012,2,0.15,Credit Card
51303,1411,2024-09-27,2016,2,0.1,Debit Card
51304,1162,2025-07-11,2009,3,0.0,UPI
51305,1428,2024-03-04,2003,3,0.2,Debit Card
51306,1452,2024-08-17,2003,2,0.0,Cash on Delivery
51307,1100,2024-09-05,2018,1,0.1,Cash on Delivery
51308,1338,2024-09-02,2017,4,0.15,UPI
51309,1399,2025-08-09,2010,3,0.0,Cash on Delivery
51310,1307,2024-06-05,2002,3,0.1,Credit Card
51311,1141,2025-12-02,2011,5,0.15,UPI
51312,1083,2025-07-17,2003,3,0.25,UPI
51313,1177,2024-03-28,2002,3,0.15,UPI
51314,1198,2024-11-08,2009,4,0.05,Debit Card
51315,1112,2024-03-06,2019,1,0.1,Debit Card
51316,1056,2025-10-23,2002,2,0.15,UPI
51317,1460,2024-01-20,2019,2,0.1,Cash on Delivery
51318,1179,2024-02-02,2002,1,0.15,Credit Card
51319,1421,2025-07-11,2015,3,0.0,Credit Card
51320,1401,2024-03-13,2003,3,0.0,Debit Card
51321,1186,2024-12-08,2005,3,0.1,Net Banking
51322,1471,2024-05-12,2011,5,0.2,UPI
51323,1218,2024-02-24,2007,1,0.1,Net Banking
51324,1413,2024-03-01,2006,3,0.25,Credit Card
51325,1417,2025-06-03,2014,2,0.2,Debit Card
51326,1316,2024-09-28,2001,1,0.2,Debit Card
51327,1475,2024-09-02,2017,1,0.2,Debit Card
51328,1217,2024-06-24,2017,4,0.2,Debit Card
51329,1120,2025-09-19,2014,2,0.15,Debit Card
51330,1439,2024-11-12,2010,3,0.1,UPI
51331,1394,2025-12-05,2008,2,0.0,Net Banking
51332,1175,2025-10-23,2008,1,0.0,Credit Card
51333,1023,2024-05-10,2014,1,0.0,Credit Card
51334,1213,2024-04-11,2007,2,0.0,Debit Card
51335,1405,2024-11-05,2006,5,0.0,Debit Card
51336,1235,2024-10-18,2004,1,0.2,Debit Card
51337,1013,2025-12-22,2001,5,0.1,Cash on Delivery
51338,1101,2025-05-09,2015,5,0.05,Credit Card
51339,1417,2024-12-26,2015,5,0.15,Debit Card
51340,1024,2024-12-03,2001,2,0.1,Net Banking
51341,1364,2025-08-01,2020,5,0.0,Cash on Delivery
51342,1011,2024-01-10,2003,2,0.2,UPI
51343,1273,2024-02-18,2005,1,0.05,Cash on Delivery
51344,1452,2025-05-01,2005,1,0.1,Cash on Delivery
51345,1431,2025-09-14,2004,4,0.05,Cash on Delivery
51346,1281,2024-11-16,2017,1,0.1,Net Banking
51347,1094,2025-12-31,2020,2,0.15,Credit Card
51348,1201,2025-07-22,2014,1,0.0,Debit Card
51349,1021,2025-09-16,2008,1,0.25,Net Banking
51350,1340,2024-05-12,2002,1,0.0,Net Banking
51351,1467,2025-08-05,2008,3,0.1,Debit Card
51352,1211,2024-03-23,2001,2,0.2,Cash on Delivery
51353,1140,2024-02-26,2004,4,0.2,UPI
51354,1293,2025-01-10,2019,3,0.0,Cash on Delivery
51355,1298,2024-12-14,2005,5,0.0,Cash on Delivery
51356,1401,2024-09-27,2005,2,0.15,Credit Card
51357,1101,2025-04-27,2020,2,0.0,Cash on Delivery
51358,1304,2024-04-20,2019,2,0.1,UPI
51359,1359,2024-03-16,2012,2,0.15,Net Banking
51360,1028,2024-06-06,2020,3,0.1,Cash on Delivery
51361,1041,2025-06-15,2001,2,0.0,Net Banking
51362,1355,2025-10-04,2007,3,0.1,Credit Card
51363,1303,2024-11-24,2017,3,0.2,UPI
51364,1496,2024-05-01,2002,1,0.1,Debit Card
51365,1146,2024-02-10,2011,2,0.15,Debit Card
51366,1256,2024-06-15,2007,1,0.05,Credit Card
51367,1462,2025-10-03,2017,2,0.0,UPI
51368,1227,2024-01-23,2003,2,0.05,Net Banking
51369,1236,2024-10-05,2006,5,0.1,Credit Card
51370,1361,2025-04-13,2011,1,0.05,Cash on Delivery
51371,1380,2025-02-03,2018,1,0.1,Net Banking
51372,1455,2024-01-09,2018,1,0.15,Cash on Delivery
51373,1489,2024-01-13,2010,2,0.15,Cash on Delivery
51374,1013,2024-02-21,2005,3,0.0,Net Banking
51375,1210,2024-07-27,2015,3,0.15,Cash on Delivery
51376,1229,2025-07-03,2020,3,0.1,Debit Card
51377,1397,2025-09-03,2004,4,0.0,Net Banking
51378,1100,2025-12-05,2001,1,0.0,Credit Card
51379,1031,2025-02-05,2015,1,0.1,Debit Card
51380,1386,2024-07-09,2017,1,0.05,Credit Card
51381,1016,2024-02-20,2019,3,0.0,UPI
51382,1137,2025-01-27,2014,3,0.0,Credit Card
51383,1329,2025-10-14,2019,3,0.0,Net Banking
51384,1166,2025-11-10,2018,1,0.2,Credit Card
51385,1459,2025-09-12,2002,1,0.15,UPI
51386,1310,2025-12-19,2006,4,0.1,Cash on Delivery
51387,1440,2024-10-26,2013,1,0.2,Net Banking
51388,1470,2025-09-13,2017,3,0.1,Debit Card
51389,1481,2024-07-14,2006,1,0.15,Debit Card
51390,1100,2025-02-20,2005,1,0.05,Credit Card
51391,1109,2025-10-25,2007,3,0.1,Debit Card
51392,1343,2025-02-23,2001,1,0.0,UPI
51393,1173,2025-10-01,2013,3,0.05,Debit Card
51394,1237,2025-09-08,2019,3,0.0,Credit Card
51395,1162,2025-06-05,2001,2,0.0,Debit Card
51396,1393,2024-12-21,2013,3,0.0,Cash on Delivery
51397,1216,2024-05-27,2011,2,0.05,Cash on Delivery
51398,1264,2024-12-30,2007,1,0.15,Debit Card
51399,1263,2024-12-29,2020,3,0.05,Net Banking
51400,1292,2025-10-13,2003,2,0.15,Debit Card
51401,1274,2025-12-02,2001,1,0.1,Cash on Delivery
51402,1003,2025-02-05,2008,4,0.1,Cash on Delivery
51403,1028,2025-08-28,2017,2,0.0,UPI
51404,1326,2025-05-06,2013,4,0.2,Credit Card
51405,1492,2024-08-16,2014,4,0.0,UPI
51406,1428,2025-07-28,2005,2,0.1,Net Banking
51407,1149,2025-06-20,2006,2,0.1,Credit Card
51408,1028,2024-09-24,2006,2,0.05,Debit Card
51409,1488,2025-02-08,2008,2,0.0,Debit Card
51410,1310,2024-01-11,2013,4,0.05,Net Banking
51411,1438,2024-11-15,2018,3,0.15,Cash on Delivery
51412,1065,2025-12-13,2004,1,0.15,Debit Card
51413,1356,2024-05-05,2017,2,0.2,UPI
51414,1021,2024-11-01,2005,5,0.05,Cash on Delivery
51415,1252,2025-12-02,2003,2,0.05,Debit Card
51416,1235,2025-05-25,2004,3,0.0,Cash on Delivery
51417,1227,2024-03-29,2005,3,0.2,Credit Card
51418,1013,2024-12-20,2014,1,0.05,Debit Card
51419,1313,2025-09-19,2015,1,0.05,Debit Card
51420,1049,2024-12-17,2020,3,0.2,Cash on Delivery
51421,1118,2025-11-19,2017,2,0.1,Credit Card
51422,1054,2024-01-14,2006,2,0.1,UPI
51423,1138,2024-09-13,2010,3,0.0,Credit Card
51424,1053,2024-07-27,2016,3,0.1,UPI
51425,1044,2024-10-07,2017,1,0.2,Net Banking
51426,1303,2025-03-18,2014,1,0.1,Credit Card
51427,1053,2025-01-23,2020,1,0.05,UPI
51428,1074,2025-09-08,2012,2,0.0,Cash on Delivery
51429,1046,2025-04-27,2009,1,0.05,UPI
51430,1013,2024-05-26,2015,2,0.1,Net Banking
51431,1165,2024-10-05,2012,1,0.0,UPI
51432,1102,2025-06-04,2014,2,0.1,Credit Card
51433,1280,2025-09-21,2018,1,0.1,UPI
51434,1258,2025-08-28,2020,2,0.15,Credit Card
51435,1470,2025-03-09,2006,2,0.0,Net Banking
51436,1337,2024-05-23,2004,1,0.15,UPI
51437,1356,2024-10-15,2012,4,0.1,UPI
51438,1398,2025-01-20,2013,1,0.05,Net Banking
51439,1138,2024-01-14,2019,3,0.25,UPI
51440,1163,2024-09-13,2013,4,0.0,Credit Card
51441,1409,2024-12-11,2012,2,0.1,Debit Card
51442,1387,2025-11-28,2020,4,0.05,Debit Card
51443,1111,2024-12-10,2003,1,0.1,Credit Card
51444,1102,2025-02-03,2003,2,0.1,UPI
51445,1017,2024-07-25,2014,2,0.0,Credit Card
51446,1268,2024-06-20,2018,1,0.1,Net Banking
51447,1182,2025-04-08,2019,2,0.1,Credit Card
51448,1372,2024-09-26,2010,1,0.15,Debit Card
51449,1024,2024-08-08,2017,2,0.0,Cash on Delivery
51450,1029,2024-05-31,2015,4,0.05,Net Banking
51451,1171,2025-09-14,2019,1,0.1,UPI
51452,1409,2024-07-01,2009,1,0.0,Credit Card
51453,1228,2025-02-02,2004,2,0.1,Net Banking
51454,1378,2024-03-12,2015,2,0.0,Debit Card
51455,1188,2025-02-21,2019,3,0.05,UPI
51456,1346,2024-10-09,2016,2,0.15,Credit Card
51457,1230,2024-03-14,2008,1,0.15,Credit Card
51458,1321,2024-12-20,2017,3,0.1,UPI
51459,1340,2025-12-27,2001,4,0.15,Cash on Delivery
51460,1119,2025-05-11,2007,2,0.15,Cash on Delivery
51461,1156,2024-11-23,2018,2,0.1,Net Banking
51462,1272,2025-06-18,2012,1,0.25,Credit Card
51463,1175,2025-08-02,2016,1,0.1,Net Banking
51464,1465,2025-03-22,2001,1,0.1,UPI
51465,1104,2025-01-07,2015,2,0.05,Net Banking
51466,1092,2024-12-27,2007,4,0.2,Credit Card
51467,1186,2024-04-02,2017,2,0.05,Cash on Delivery
51468,1460,2024-11-16,2003,1,0.0,Cash on Delivery
51469,1283,2024-11-19,2011,1,0.0,UPI
51470,1181,2025-01-18,2006,2,0.0,Debit Card
51471,1170,2025-07-28,2006,2,0.05,Net Banking
51472,1187,2024-12-11,2015,2,0.15,UPI
51473,1175,2024-04-12,2007,2,0.1,Cash on Delivery
51474,1222,2024-08-02,2011,2,0.0,Credit Card
51475,1233,2024-07-10,2017,1,0.15,Credit Card
51476,1162,2025-11-02,2018,1,0.1,Debit Card
51477,1421,2025-12-19,2019,1,0.1,Debit Card
51478,1134,2024-07-12,2008,1,0.05,Cash on Delivery
51479,1391,2025-01-14,2020,1,0.15,Debit Card
51480,1480,2025-02-06,2008,1,0.05,Debit Card
51481,1224,2025-10-25,2011,3,0.0,Credit Card
51482,1153,2025-08-22,2003,3,0.05,Net Banking
51483,1033,2024-01-11,2014,2,0.15,Credit Card
51484,1055,2024-07-05,2009,3,0.1,Credit Card
51485,1442,2025-12-26,2001,1,0.0,Cash on Delivery
51486,1007,2024-01-15,2001,4,0.0,Cash on Delivery
51487,1244,2024-10-23,2012,2,0.1,Net Banking
51488,1313,2025-02-14,2011,2,0.1,UPI
51489,1126,2025-08-07,2001,2,0.05,Debit Card
51490,1012,2024-02-21,2020,1,0.15,Debit Card
51491,1016,2025-10-01,2012,5,0.25,Credit Card
51492,1208,2024-01-28,2017,1,0.0,Credit Card
51493,1043,2025-07-30,2015,1,0.1,Net Banking
51494,1373,2024-01-17,2002,1,0.0,Debit Card
51495,1484,2024-12-16,2018,1,0.15,Credit Card
51496,1461,2025-03-03,2016,1,0.05,Credit Card
51497,1135,2025-10-11,2004,1,0.0,Cash on Delivery
51498,1228,2024-08-16,2008,1,0.15,UPI
51499,1111,2024-07-28,2002,4,0.15,Net Banking
51500,1307,2025-03-06,2014,1,0.0,UPI
51501,1457,2024-10-20,2015,1,0.0,UPI
51502,1160,2025-08-04,2009,2,0.05,Net Banking
51503,1331,2024-04-13,2002,5,0.1,Debit Card
51504,1264,2024-07-22,2017,1,0.15,Credit Card
51505,1225,2024-02-22,2010,1,0.1,Net Banking
51506,1471,2025-01-09,2009,5,0.1,Credit Card
51507,1217,2024-02-23,2002,1,0.15,Cash on Delivery
51508,1456,2024-10-02,2019,2,0.1,UPI
51509,1045,2024-11-30,2017,1,0.1,Cash on Delivery
51510,1214,2024-01-31,2011,4,0.1,UPI
51511,1059,2024-05-14,2017,5,0.2,Debit Card
51512,1132,2024-02-27,2010,3,0.0,Net Banking
51513,1104,2024-04-14,2018,1,0.05,Debit Card
51514,1195,2024-09-22,2006,2,0.0,UPI
51515,1413,2025-06-05,2016,1,0.15,Cash on Delivery
51516,1489,2025-05-10,2018,4,0.05,UPI
51517,1157,2024-09-09,2020,4,0.05,Debit Card
51518,1098,2024-10-21,2018,2,0.25,Debit Card
51519,1226,2025-10-29,2001,2,0.2,Cash on Delivery
51520,1412,2024-06-06,2003,1,0.25,Cash on Delivery
51521,1205,2025-07-02,2015,2,0.0,Debit Card
51522,1079,2025-09-22,2020,2,0.2,UPI
51523,1124,2024-03-07,2010,2,0.05,UPI
51524,1471,2024-10-25,2005,1,0.0,Net Banking
51525,1428,2025-04-07,2015,1,0.05,Debit Card
51526,1218,2025-12-25,2014,3,0.1,Net Banking
51527,1004,2024-04-10,2015,4,0.0,Debit Card
51528,1090,2024-02-25,2010,5,0.1,Net Banking
51529,1104,2024-11-27,2009,3,0.15,Credit Card
51530,1393,2025-01-27,2012,2,0.05,UPI
51531,1119,2025-01-15,2007,1,0.05,UPI
51532,1133,2024-04-01,2005,5,0.05,Credit Card
51533,1312,2025-03-22,2010,2,0.2,Cash on Delivery
51534,1096,2024-04-18,2008,3,0.0,Credit Card
51535,1468,2024-11-12,2020,3,0.05,UPI
51536,1434,2024-06-16,2016,3,0.05,Debit Card
51537,1331,2025-03-10,2012,1,0.2,Net Banking
51538,1143,2025-03-17,2009,1,0.0,UPI
51539,1288,2024-08-05,2010,2,0.05,Credit Card
51540,1028,2024-08-09,2016,4,0.05,Debit Card
51541,1278,2025-11-03,2010,3,0.2,UPI
51542,1233,2025-06-11,2009,2,0.0,Credit Card
51543,1017,2024-10-04,2003,1,0.1,UPI
51544,1059,2025-07-22,2019,3,0.0,Credit Card
51545,1090,2025-07-27,2011,3,0.2,Credit Card
51546,1492,2025-04-10,2006,2,0.1,UPI
51547,1199,2025-08-24,2006,1,0.1,Debit Card
51548,1362,2025-08-06,2015,4,0.05,UPI
51549,1441,2024-01-30,2015,2,0.05,UPI
51550,1026,2024-12-24,2013,3,0.0,Debit Card
51551,1025,2024-10-14,2005,1,0.1,UPI
51552,1394,2024-03-26,2014,1,0.2,Net Banking
51553,1301,2024-08-21,2002,4,0.05,Net Banking
51554,1339,2024-11-08,2012,1,0.2,Net Banking
51555,1267,2024-12-30,2020,2,0.0,Credit Card
51556,1461,2024-09-25,2014,2,0.2,Cash on Delivery
51557,1181,2025-11-28,2019,3,0.05,UPI
51558,1456,2024-05-10,2020,1,0.05,Cash on Delivery
51559,1360,2024-12-16,2015,1,0.1,Net Banking
51560,1068,2024-06-28,2020,4,0.15,Debit Card
51561,1495,2025-04-24,2017,2,0.15,Net Banking
51562,1351,2024-06-11,2014,1,0.1,UPI
51563,1412,2024-04-05,2018,1,0.1,Cash on Delivery
51564,1459,2025-05-24,2005,5,0.0,Cash on Delivery
51565,1491,2024-12-30,2012,1,0.05,Credit Card
51566,1321,2024-12-18,2010,2,0.05,Debit Card
51567,1049,2025-03-11,2008,2,0.1,Net Banking
51568,1175,2024-03-23,2006,4,0.1,Debit Card
51569,1052,2024-08-12,2015,3,0.15,UPI
51570,1102,2025-02-15,2012,2,0.15,Credit Card
51571,1216,2024-04-27,2006,1,0.0,Net Banking
51572,1438,2025-04-26,2012,4,0.15,UPI
51573,1188,2024-07-10,2015,2,0.0,Debit Card
51574,1057,2025-08-13,2012,4,0.15,Credit Card
51575,1047,2025-08-12,2009,2,0.0,Net Banking
51576,1159,2025-10-20,2019,3,0.15,Debit Card
51577,1489,2024-04-16,2002,1,0.1,Net Banking
51578,1174,2025-01-16,2013,3,0.05,Credit Card
51579,1242,2025-01-24,2013,1,0.1,Credit Card
51580,1282,2024-08-31,2008,1,0.0,Debit Card
51581,1241,2025-08-07,2013,1,0.0,Net Banking
51582,1370,2025-04-12,2004,1,0.1,Cash on Delivery
51583,1005,2025-06-21,2006,1,0.15,UPI
51584,1084,2024-07-28,2006,1,0.05,Credit Card
51585,1308,2025-08-26,2012,4,0.05,Net Banking
51586,1361,2025-09-28,2012,1,0.1,Debit Card
51587,1459,2024-03-13,2017,3,0.1,Debit Card
51588,1248,2025-09-26,2007,1,0.05,Credit Card
51589,1054,2024-11-04,2015,2,0.15,Credit Card
51590,1161,2025-11-26,2017,2,0.1,Cash on Delivery
51591,1434,2025-11-29,2010,5,0.0,Debit Card
51592,1422,2025-12-10,2020,3,0.0,Net Banking
51593,1411,2025-08-12,2006,2,0.1,UPI
51594,1226,2024-07-04,2009,3,0.1,UPI
51595,1015,2024-09-09,2015,1,0.0,Cash on Delivery
51596,1224,2024-01-13,2016,2,0.25,Net Banking
51597,1061,2024-10-25,2008,1,0.05,UPI
51598,1122,2024-03-16,2016,1,0.1,UPI
51599,1277,2024-02-20,2005,1,0.0,Net Banking
51600,1046,2024-05-28,2018,3,0.2,Net Banking
51601,1453,2025-12-31,2020,2,0.15,Credit Card
51602,1390,2024-05-01,2014,3,0.0,UPI
51603,1294,2024-07-29,2002,2,0.2,UPI
51604,1062,2024-10-06,2003,1,0.05,Cash on Delivery
51605,1086,2025-06-21,2014,3,0.1,Credit Card
51606,1446,2025-11-15,2007,3,0.15,Credit Card
51607,1210,2024-06-04,2015,4,0.15,UPI
51608,1078,2024-08-25,2017,2,0.2,Debit Card
51609,1202,2025-01-10,2001,3,0.15,Debit Card
51610,1302,2024-03-22,2009,3,0.25,Net Banking
51611,1397,2025-05-06,2014,1,0.0,Credit Card
51612,1223,2024-12-21,2016,1,0.05,UPI
51613,1222,2024-09-29,2013,1,0.1,UPI
51614,1003,2025-08-02,2006,1,0.15,UPI
51615,1478,2024-02-13,2001,2,0.1,Cash on Delivery
51616,1006,2025-07-26,2004,5,0.0,Debit Card
51617,1093,2024-05-02,2003,2,0.15,Cash on Delivery
51618,1008,2024-12-14,2017,3,0.25,UPI
51619,1428,2025-12-08,2002,3,0.05,UPI
51620,1493,2024-11-25,2019,1,0.0,Credit Card
51621,1235,2025-02-12,2020,1,0.0,Credit Card
51622,1108,2024-11-18,2008,2,0.0,Debit Card
51623,1161,2024-04-20,2015,3,0.1,Net Banking
51624,1209,2024-03-29,2006,5,0.2,UPI
51625,1240,2025-03-08,2020,1,0.0,Credit Card
51626,1331,2025-12-10,2002,4,0.1,Debit Card
51627,1333,2025-12-12,2015,2,0.1,Cash on Delivery
51628,1050,2024-04-08,2020,3,0.05,UPI
51629,1011,2025-06-22,2012,2,0.1,Net Banking
51630,1351,2025-08-23,2003,1,0.15,Debit Card
51631,1156,2024-05-25,2010,1,0.15,Net Banking
51632,1492,2025-11-24,2014,1,0.1,UPI
51633,1070,2024-09-13,2014,1,0.15,Debit Card
51634,1169,2024-07-07,2003,3,0.05,Credit Card
51635,1272,2024-08-27,2001,1,0.0,Net Banking
51636,1068,2025-05-17,2020,2,0.0,Cash on Delivery
51637,1355,2025-12-08,2001,1,0.05,Cash on Delivery
51638,1252,2025-11-07,2002,3,0.0,Net Banking
51639,1048,2024-09-27,2019,3,0.05,UPI
51640,1184,2025-06-03,2010,3,0.1,UPI
51641,1320,2025-07-03,2004,2,0.1,UPI
51642,1187,2024-04-23,2004,1,0.0,Cash on Delivery
51643,1090,2024-12-04,2013,3,0.05,Cash on Delivery
51644,1446,2025-07-21,2009,1,0.1,Credit Card
51645,1332,2024-12-24,2007,1,0.05,UPI
51646,1139,2025-10-11,2016,1,0.05,Cash on Delivery
51647,1357,2025-09-05,2018,2,0.15,Cash on Delivery
51648,1089,2024-11-29,2003,3,0.0,UPI
51649,1274,2025-11-19,2020,2,0.05,UPI
51650,1019,2024-06-17,2020,2,0.0,Cash on Delivery
51651,1471,2024-12-04,2010,1,0.0,Net Banking
51652,1311,2024-09-17,2016,4,0.2,Cash on Delivery
51653,1358,2024-07-17,2003,2,0.05,Credit Card
51654,1374,2024-07-29,2011,2,0.1,Debit Card
51655,1466,2024-10-13,2010,2,0.15,UPI
51656,1154,2025-11-22,2016,1,0.0,Credit Card
51657,1390,2025-04-16,2008,1,0.0,Net Banking
51658,1260,2025-04-26,2009,2,0.15,Debit Card
51659,1108,2024-01-23,2015,1,0.15,Cash on Delivery
51660,1371,2025-07-13,2003,1,0.05,UPI
51661,1285,2024-04-18,2004,4,0.05,Cash on Delivery
51662,1059,2024-10-22,2013,2,0.15,Credit Card
51663,1125,2024-01-06,2012,2,0.05,UPI
51664,1354,2025-07-03,2009,3,0.0,Cash on Delivery
51665,1273,2025-11-11,2014,4,0.05,UPI
51666,1107,2024-07-21,2019,1,0.05,Credit Card
51667,1299,2024-11-20,2007,3,0.0,Cash on Delivery
51668,1245,2024-08-31,2016,2,0.1,Debit Card
51669,1336,2024-11-22,2020,1,0.15,Net Banking
51670,1450,2024-02-16,2005,1,0.1,Cash on Delivery
51671,1418,2025-08-13,2010,2,0.0,UPI
51672,1247,2025-09-13,2018,3,0.05,Cash on Delivery
51673,1008,2024-01-13,2011,1,0.15,UPI
51674,1141,2025-01-14,2007,2,0.0,Credit Card
51675,1362,2024-12-30,2014,3,0.0,Net Banking
51676,1008,2025-08-24,2020,2,0.05,UPI
51677,1478,2024-12-07,2018,4,0.0,Cash on Delivery
51678,1352,2024-08-08,2011,4,0.2,Credit Card
51679,1484,2024-03-13,2012,2,0.1,Debit Card
51680,1495,2025-09-16,2018,5,0.05,Cash on Delivery
51681,1094,2024-02-15,2002,1,0.15,Net Banking
51682,1321,2025-05-18,2001,1,0.05,Credit Card
51683,1427,2024-09-30,2010,2,0.0,Cash on Delivery
51684,1039,2025-07-08,2001,2,0.0,UPI
51685,1081,2024-07-26,2006,2,0.1,UPI
51686,1187,2025-09-06,2007,2,0.0,UPI
51687,1084,2024-05-03,2017,1,0.05,Cash on Delivery
51688,1088,2024-01-10,2009,1,0.0,Net Banking
51689,1242,2024-11-24,2007,3,0.0,UPI
51690,1342,2024-07-05,2017,4,0.1,Cash on Delivery
51691,1093,2025-06-26,2003,2,0.15,Cash on Delivery
51692,1086,2025-10-29,2016,2,0.15,Net Banking
51693,1044,2024-02-29,2005,2,0.1,Credit Card
51694,1137,2025-03-17,2020,1,0.2,Credit Card
51695,1421,2024-08-04,2018,2,0.0,Cash on Delivery
51696,1074,2024-01-02,2001,3,0.0,Credit Card
51697,1036,2025-06-19,2004,2,0.05,Debit Card
51698,1101,2025-12-18,2011,1,0.05,Net Banking
51699,1476,2025-12-11,2020,4,0.05,Cash on Delivery
51700,1156,2024-12-21,2009,3,0.0,Credit Card
51701,1426,2025-09-17,2008,1,0.0,Credit Card
51702,1255,2025-10-28,2008,2,0.1,Net Banking
51703,1171,2024-06-13,2005,4,0.2,UPI
51704,1469,2024-03-31,2012,1,0.05,Credit Card
51705,1216,2024-06-15,2001,2,0.0,Net Banking
51706,1170,2024-07-25,2015,2,0.15,UPI
51707,1252,2024-10-08,2018,2,0.05,Cash on Delivery
51708,1360,2024-03-05,2006,3,0.0,UPI
51709,1322,2025-05-30,2010,2,0.05,Credit Card
51710,1055,2024-06-05,2014,1,0.15,Cash on Delivery
51711,1456,2024-11-01,2008,1,0.15,Cash on Delivery
51712,1432,2025-01-29,2003,1,0.1,UPI
51713,1091,2024-03-14,2019,2,0.05,Cash on Delivery
51714,1278,2024-07-05,2012,3,0.05,UPI
51715,1101,2025-07-27,2012,1,0.0,UPI
51716,1155,2024-12-02,2015,2,0.2,UPI
51717,1377,2025-11-06,2007,3,0.1,Net Banking
51718,1349,2025-07-21,2004,1,0.0,Credit Card
51719,1451,2025-09-14,2009,2,0.1,Cash on Delivery
51720,1364,2025-12-30,2016,3,0.05,Debit Card
51721,1141,2024-08-27,2013,2,0.25,Credit Card
51722,1173,2025-06-16,2004,1,0.15,Debit Card
51723,1010,2024-05-20,2009,2,0.0,UPI
51724,1228,2024-09-21,2018,5,0.15,Cash on Delivery
51725,1265,2024-05-18,2015,2,0.1,Credit Card
51726,1438,2025-04-03,2015,2,0.0,Debit Card
51727,1248,2024-03-10,2006,2,0.1,Debit Card
51728,1247,2025-01-19,2011,1,0.1,Debit Card
51729,1155,2025-09-21,2008,2,0.0,Credit Card
51730,1034,2024-07-16,2017,1,0.1,Net Banking
51731,1499,2024-07-23,2017,1,0.1,UPI
51732,1129,2025-12-26,2018,2,0.0,Cash on Delivery
51733,1160,2025-07-21,2004,1,0.05,Debit Card
51734,1089,2025-11-17,2015,2,0.1,Credit Card
51735,1093,2025-10-01,2002,1,0.0,Debit Card
51736,1327,2025-03-06,2002,1,0.15,Credit Card
51737,1241,2024-11-20,2010,3,0.0,Net Banking
51738,1323,2025-03-17,2003,4,0.0,Debit Card
51739,1468,2024-10-14,2008,1,0.0,Debit Card
51740,1404,2024-08-13,2020,2,0.1,Cash on Delivery
51741,1117,2024-03-04,2007,1,0.1,Credit Card
51742,1094,2025-07-13,2012,2,0.05,Credit Card
51743,1163,2025-12-14,2019,2,0.05,Net Banking
51744,1099,2025-05-12,2015,1,0.15,Debit Card
51745,1113,2024-02-29,2014,3,0.0,Cash on Delivery
51746,1359,2025-01-31,2016,1,0.05,UPI
51747,1091,2024-09-13,2014,1,0.0,Cash on Delivery
51748,1346,2025-07-30,2003,3,0.0,Cash on Delivery
51749,1206,2024-08-26,2018,2,0.05,Cash on Delivery
51750,1017,2024-02-07,2006,2,0.0,Cash on Delivery
51751,1274,2024-01-25,2017,2,0.05,Debit Card
51752,1173,2025-02-13,2014,2,0.15,Cash on Delivery
51753,1116,2025-04-05,2014,2,0.0,Credit Card
51754,1349,2025-07-24,2020,2,0.15,Credit Card
51755,1468,2025-02-20,2013,2,0.1,Cash on Delivery
51756,1181,2024-12-22,2003,2,0.05,Credit Card
51757,1091,2025-01-17,2013,3,0.1,Debit Card
51758,1082,2024-06-06,2002,3,0.05,UPI
51759,1324,2025-07-22,2009,1,0.0,Cash on Delivery
51760,1449,2025-03-08,2013,2,0.2,Credit Card
51761,1114,2024-02-17,2008,1,0.1,Credit Card
51762,1257,2024-11-23,2016,2,0.2,Debit Card
51763,1058,2025-03-08,2003,2,0.15,Debit Card
51764,1154,2025-03-06,2013,4,0.0,UPI
51765,1365,2024-02-25,2004,3,0.0,Net Banking
51766,1404,2025-07-30,2018,4,0.0,Net Banking
51767,1116,2024-09-24,2002,3,0.15,Net Banking
51768,1343,2024-03-09,2020,5,0.15,UPI
51769,1266,2025-12-28,2015,2,0.1,Cash on Delivery
51770,1315,2025-08-23,2017,5,0.0,Net Banking
51771,1203,2025-03-24,2010,1,0.0,Net Banking
51772,1041,2024-09-13,2001,1,0.15,Credit Card
51773,1105,2025-11-02,2006,2,0.2,Credit Card
51774,1389,2025-05-04,2003,5,0.0,Cash on Delivery
51775,1378,2025-10-04,2019,2,0.0,Debit Card
51776,1193,2024-02-18,2007,1,0.05,UPI
51777,1401,2025-10-20,2013,2,0.0,Net Banking
51778,1278,2024-11-11,2013,2,0.15,UPI
51779,1354,2025-02-16,2017,1,0.1,Credit Card
51780,1237,2025-03-09,2001,3,0.1,UPI
51781,1425,2024-01-02,2014,5,0.05,Credit Card
51782,1221,2024-05-24,2003,4,0.05,UPI
51783,1068,2024-12-31,2014,1,0.0,Credit Card
51784,1197,2025-02-23,2001,1,0.15,UPI
51785,1256,2025-07-26,2016,1,0.1,Net Banking
51786,1139,2025-07-14,2010,2,0.05,Net Banking
51787,1312,2025-03-19,2013,1,0.05,Cash on Delivery
51788,1435,2025-03-09,2004,3,0.0,UPI
51789,1149,2025-10-04,2009,1,0.0,Debit Card
51790,1099,2025-07-08,2014,4,0.1,Cash on Delivery
51791,1076,2024-02-26,2004,4,0.1,UPI
51792,1282,2025-07-15,2010,1,0.05,Debit Card
51793,1371,2024-06-26,2008,5,0.15,Net Banking
51794,1403,2024-10-19,2003,3,0.1,Net Banking
51795,1109,2024-02-15,2007,2,0.05,Net Banking
51796,1188,2024-06-18,2010,2,0.0,Debit Card
51797,1199,2024-09-27,2003,2,0.15,Credit Card
51798,1303,2025-02-20,2002,1,0.1,UPI
51799,1327,2024-05-18,2015,2,0.0,Cash on Delivery
51800,1154,2024-09-03,2009,1,0.1,Cash on Delivery
51801,1040,2024-05-27,2015,2,0.05,Net Banking
51802,1133,2024-08-17,2017,1,0.15,Credit Card
51803,1405,2025-09-28,2007,1,0.2,UPI
51804,1462,2025-12-04,2020,2,0.1,UPI
51805,1132,2025-01-08,2018,2,0.15,Cash on Delivery
51806,1279,2024-03-20,2015,2,0.0,Cash on Delivery
51807,1362,2025-08-28,2018,1,0.1,Cash on Delivery
51808,1084,2024-03-05,2012,4,0.15,UPI
51809,1399,2024-03-28,2008,2,0.1,Cash on Delivery
51810,1242,2024-03-28,2002,1,0.1,UPI
51811,1116,2025-12-13,2002,2,0.2,Net Banking
51812,1109,2025-12-26,2005,2,0.0,Credit Card
51813,1221,2024-07-22,2001,1,0.0,Cash on Delivery
51814,1392,2025-01-16,2004,2,0.1,UPI
51815,1041,2025-08-23,2006,3,0.15,Net Banking
51816,1368,2025-04-20,2013,3,0.15,Debit Card
51817,1147,2025-07-26,2019,1,0.1,Net Banking
51818,1112,2025-08-28,2011,4,0.15,Credit Card
51819,1103,2025-06-22,2013,1,0.15,Net Banking
51820,1046,2024-08-01,2008,4,0.0,Cash on Delivery
51821,1412,2024-03-14,2007,1,0.15,Cash on Delivery
51822,1494,2024-03-01,2013,2,0.0,Debit Card
51823,1475,2025-11-28,2001,2,0.0,UPI
51824,1324,2025-06-26,2006,1,0.05,Net Banking
51825,1378,2024-08-06,2007,3,0.05,Debit Card
51826,1271,2024-01-12,2016,2,0.05,Cash on Delivery
51827,1483,2025-02-18,2015,1,0.0,UPI
51828,1421,2024-02-01,2020,2,0.05,UPI
51829,1385,2024-06-08,2002,2,0.0,Credit Card
51830,1195,2024-08-24,2016,1,0.1,Cash on Delivery
51831,1367,2024-06-29,2017,5,0.15,UPI
51832,1280,2025-07-11,2015,4,0.15,Credit Card
51833,1283,2024-12-06,2003,1,0.15,Credit Card
51834,1040,2025-04-02,2004,2,0.05,Cash on Delivery
51835,1447,2024-03-20,2012,1,0.15,UPI
51836,1189,2025-10-08,2005,3,0.05,UPI
51837,1164,2025-04-17,2017,4,0.0,Net Banking
51838,1482,2025-11-01,2006,1,0.1,UPI
51839,1477,2025-12-15,2010,3,0.1,Credit Card
51840,1024,2024-04-21,2018,2,0.15,Debit Card
51841,1024,2024-10-18,2010,2,0.1,Cash on Delivery
51842,1490,2025-09-22,2006,4,0.0,Debit Card
51843,1004,2025-01-17,2006,2,0.15,UPI
51844,1323,2024-01-17,2020,2,0.1,Credit Card
51845,1290,2025-05-07,2015,2,0.15,Debit Card
51846,1441,2024-11-26,2004,1,0.15,Cash on Delivery
51847,1433,2025-04-30,2016,1,0.05,Net Banking
51848,1471,2025-02-09,2008,4,0.0,Debit Card
51849,1181,2024-04-26,2007,2,0.0,Net Banking
51850,1248,2025-07-08,2019,3,0.0,UPI
51851,1116,2024-04-24,2017,1,0.0,UPI
51852,1279,2025-07-02,2013,2,0.1,Cash on Delivery
51853,1365,2025-09-16,2015,5,0.2,Net Banking
51854,1069,2025-06-30,2002,1,0.15,Net Banking
51855,1351,2025-10-05,2010,1,0.15,Cash on Delivery
51856,1254,2024-12-01,2013,2,0.0,Debit Card
51857,1181,2024-12-01,2018,2,0.05,Cash on Delivery
51858,1318,2024-05-26,2011,1,0.1,UPI
51859,1169,2024-05-01,2013,4,0.0,Net Banking
51860,1313,2024-03-21,2019,5,0.15,Credit Card
51861,1249,2025-11-15,2005,2,0.2,Credit Card
51862,1188,2025-10-27,2003,3,0.05,UPI
51863,1054,2025-10-23,2019,3,0.15,Net Banking
51864,1326,2025-01-09,2013,3,0.0,Net Banking
51865,1357,2025-07-23,2005,1,0.1,Cash on Delivery
51866,1313,2024-03-03,2012,1,0.0,Debit Card
51867,1138,2025-05-18,2014,1,0.0,Cash on Delivery
51868,1168,2025-10-29,2006,1,0.15,Credit Card
51869,1391,2025-03-24,2009,1,0.15,Net Banking
51870,1103,2025-03-03,2017,2,0.1,Debit Card
51871,1422,2025-03-02,2008,1,0.1,Cash on Delivery
51872,1085,2025-02-24,2013,1,0.1,Debit Card
51873,1317,2024-11-17,2005,2,0.15,Credit Card
51874,1212,2025-11-10,2017,1,0.25,Debit Card
51875,1003,2024-06-14,2003,3,0.2,Net Banking
51876,1384,2025-08-19,2006,1,0.15,Debit Card
51877,1179,2025-10-10,2014,3,0.1,Debit Card
51878,1342,2025-04-05,2015,4,0.1,Cash on Delivery
51879,1303,2025-04-03,2014,3,0.0,Debit Card
51880,1452,2024-07-07,2011,3,0.0,Debit Card
51881,1476,2025-04-08,2011,4,0.15,Credit Card
51882,1332,2025-01-13,2009,1,0.15,Debit Card
51883,1038,2024-01-02,2006,5,0.1,Cash on Delivery
51884,1499,2025-09-09,2015,3,0.05,Cash on Delivery
51885,1420,2024-12-29,2012,3,0.0,Net Banking
51886,1239,2024-03-12,2006,1,0.05,Credit Card
51887,1169,2025-03-02,2001,2,0.05,UPI
51888,1453,2025-09-29,2016,2,0.1,Net Banking
51889,1397,2024-06-18,2020,2,0.2,Debit Card
51890,1343,2024-07-23,2015,3,0.0,Credit Card
51891,1314,2024-12-02,2002,1,0.1,Net Banking
51892,1306,2025-04-16,2017,1,0.05,Cash on Delivery
51893,1030,2024-07-13,2003,2,0.25,Credit Card
51894,1190,2025-10-31,2003,1,0.15,Credit Card
51895,1357,2025-10-14,2005,1,0.05,Debit Card
51896,1025,2024-10-01,2017,1,0.25,Credit Card
51897,1112,2024-01-07,2017,1,0.1,Credit Card
51898,1411,2025-07-19,2020,2,0.0,UPI
51899,1435,2025-09-07,2006,1,0.1,Debit Card
51900,1206,2025-07-26,2001,4,0.0,Credit Card
51901,1185,2025-08-21,2007,3,0.1,Credit Card
51902,1382,2024-06-26,2015,3,0.2,UPI
51903,1496,2024-08-29,2007,1,0.15,UPI
51904,1379,2024-07-21,2019,2,0.05,Cash on Delivery
51905,1047,2025-06-26,2020,2,0.05,Debit Card
51906,1374,2025-04-06,2011,5,0.0,UPI
51907,1228,2024-03-20,2014,3,0.05,Credit Card
51908,1039,2025-06-06,2013,2,0.0,UPI
51909,1016,2025-02-20,2020,3,0.1,Net Banking
51910,1022,2025-01-18,2009,1,0.15,Cash on Delivery
51911,1213,2025-01-25,2009,1,0.15,Cash on Delivery
51912,1310,2025-11-18,2016,3,0.0,Debit Card
51913,1149,2024-05-05,2012,1,0.05,Cash on Delivery
51914,1456,2025-05-08,2010,1,0.05,Debit Card
51915,1241,2024-02-16,2006,3,0.0,Net Banking
51916,1272,2025-12-18,2018,1,0.05,Credit Card
51917,1059,2025-04-20,2002,2,0.05,Net Banking
51918,1287,2025-09-10,2020,4,0.1,Debit Card
51919,1426,2025-04-08,2009,1,0.2,Debit Card
51920,1202,2024-05-02,2019,1,0.1,Debit Card
51921,1032,2025-04-18,2006,1,0.15,Credit Card
51922,1443,2024-05-13,2002,1,0.0,Debit Card
51923,1162,2025-09-10,2015,1,0.2,Net Banking
51924,1255,2025-07-15,2017,1,0.0,Credit Card
51925,1254,2025-08-29,2016,2,0.0,Net Banking
51926,1009,2024-01-23,2008,1,0.0,Credit Card
51927,1465,2025-07-19,2010,3,0.05,Debit Card
51928,1139,2024-08-22,2010,4,0.1,Credit Card
51929,1480,2024-02-28,2018,3,0.25,UPI
51930,1010,2024-06-12,2010,2,0.15,Net Banking
51931,1214,2024-08-03,2009,1,0.05,UPI
51932,1273,2024-07-01,2019,3,0.1,UPI
51933,1324,2025-07-22,2001,1,0.1,Debit Card
51934,1048,2025-10-18,2004,1,0.15,Debit Card
51935,1436,2024-03-30,2003,3,0.15,UPI
51936,1111,2024-11-06,2010,1,0.1,Credit Card
51937,1153,2025-07-10,2012,1,0.1,Debit Card
51938,1123,2024-09-13,2018,4,0.15,Net Banking
51939,1405,2025-06-16,2020,4,0.0,UPI
51940,1357,2025-06-16,2006,1,0.0,Net Banking
51941,1102,2024-02-21,2002,1,0.1,Net Banking
51942,1241,2024-12-03,2010,2,0.15,Net Banking
51943,1321,2024-06-19,2002,3,0.05,UPI
51944,1191,2024-03-07,2009,1,0.25,Cash on Delivery
51945,1217,2025-09-16,2010,2,0.0,Debit Card
51946,1051,2024-10-26,2002,4,0.05,Net Banking
51947,1292,2025-11-02,2008,1,0.05,UPI
51948,1081,2024-08-19,2017,4,0.2,Cash on Delivery
51949,1489,2024-03-08,2017,4,0.05,UPI
51950,1383,2025-05-20,2004,1,0.1,Debit Card
51951,1088,2024-01-28,2018,3,0.0,UPI
51952,1194,2025-09-19,2012,1,0.1,Credit Card
51953,1104,2024-02-20,2017,3,0.15,Credit Card
51954,1271,2025-11-23,2009,3,0.05,Net Banking
51955,1096,2024-09-16,2019,1,0.15,UPI
51956,1423,2025-08-13,2014,3,0.2,UPI
51957,1379,2025-09-11,2014,3,0.0,Net Banking
51958,1198,2025-08-08,2017,1,0.15,Net Banking
51959,1001,2025-11-17,2002,1,0.05,Cash on Delivery
51960,1495,2024-07-02,2008,1,0.0,UPI
51961,1407,2024-01-23,2005,2,0.1,Debit Card
51962,1378,2024-05-08,2007,5,0.15,Debit Card
51963,1167,2024-10-17,2016,3,0.05,Debit Card
51964,1126,2025-05-15,2016,2,0.0,Net Banking
51965,1313,2024-07-04,2017,2,0.2,Net Banking
51966,1081,2025-04-23,2007,1,0.15,Net Banking
51967,1418,2025-07-24,2020,1,0.05,Debit Card
51968,1251,2025-05-06,2008,2,0.1,Cash on Delivery
51969,1169,2025-05-27,2008,2,0.0,Credit Card
51970,1477,2025-10-04,2011,2,0.05,UPI
51971,1073,2024-03-07,2015,4,0.1,Credit Card
51972,1141,2025-04-11,2018,2,0.1,UPI
51973,1070,2024-10-11,2006,2,0.0,Net Banking
51974,1262,2025-08-23,2012,1,0.15,Debit Card
51975,1340,2025-02-20,2015,5,0.05,Credit Card
51976,1308,2024-04-09,2006,3,0.1,Net Banking
51977,1245,2024-07-07,2018,4,0.05,UPI
51978,1003,2025-01-22,2020,2,0.05,Credit Card
51979,1337,2024-08-28,2009,2,0.0,Credit Card
51980,1063,2025-12-31,2008,2,0.1,Credit Card
51981,1049,2025-02-20,2014,1,0.05,Credit Card
51982,1076,2024-06-24,2019,3,0.0,Credit Card
51983,1368,2025-01-21,2019,4,0.0,Net Banking
51984,1175,2025-04-15,2008,1,0.1,UPI
51985,1109,2024-08-20,2002,1,0.0,UPI
51986,1183,2025-10-24,2004,3,0.1,Cash on Delivery
51987,1192,2025-03-27,2006,1,0.05,Debit Card
51988,1065,2024-10-03,2003,2,0.1,Credit Card
51989,1337,2024-08-16,2003,3,0.2,UPI
51990,1451,2024-06-19,2019,1,0.1,Debit Card
51991,1474,2024-07-31,2011,3,0.15,Debit Card
51992,1271,2024-10-08,2010,2,0.15,Net Banking
51993,1100,2024-02-10,2012,4,0.2,Credit Card
51994,1032,2024-05-01,2014,3,0.0,Cash on Delivery
51995,1352,2024-08-14,2018,4,0.15,Debit Card
51996,1128,2024-10-20,2009,1,0.2,Net Banking
51997,1452,2025-08-22,2015,1,0.05,Credit Card
51998,1402,2024-09-23,2003,1,0.05,UPI
51999,1369,2025-06-24,2011,2,0.2,Cash on Delivery
52000,1339,2025-03-26,2010,4,0.1,Credit Card
52001,1043,2025-03-24,2018,2,0.05,Net Banking
52002,1372,2024-03-01,2004,3,0.15,Net Banking
52003,1419,2025-05-16,2013,1,0.05,Net Banking
52004,1488,2024-05-26,2006,1,0.0,Net Banking
52005,1078,2025-11-16,2013,4,0.1,Net Banking
52006,1314,2024-11-29,2020,2,0.1,Cash on Delivery
52007,1289,2024-05-21,2005,3,0.15,Debit Card
52008,1270,2024-02-13,2020,1,0.1,Debit Card
52009,1162,2024-05-23,2014,4,0.15,UPI
52010,1189,2024-11-28,2013,2,0.05,Debit Card
52011,1247,2025-05-11,2014,3,0.1,Net Banking
52012,1388,2025-01-30,2008,1,0.0,Debit Card
52013,1216,2024-02-24,2016,2,0.05,Debit Card
52014,1315,2024-11-02,2013,4,0.15,Net Banking
52015,1413,2025-02-26,2015,4,0.0,Cash on Delivery
52016,1339,2025-02-20,2019,1,0.15,Net Banking
52017,1390,2025-11-03,2001,1,0.05,Debit Card
52018,1377,2024-11-20,2002,2,0.0,Debit Card
52019,1481,2025-12-10,2018,1,0.0,UPI
52020,1433,2025-11-01,2019,3,0.15,Net Banking
52021,1168,2024-03-20,2008,1,0.05,UPI
52022,1339,2024-01-31,2003,1,0.1,UPI
52023,1193,2024-04-21,2014,2,0.1,Credit Card
52024,1453,2025-07-11,2009,2,0.05,UPI
52025,1283,2025-12-17,2008,3,0.1,Debit Card
52026,1336,2025-07-17,2017,5,0.05,Debit Card
52027,1390,2025-10-11,2016,1,0.2,Credit Card
52028,1488,2025-04-16,2010,3,0.05,Credit Card
52029,1013,2024-03-14,2010,1,0.0,Net Banking
52030,1240,2025-07-06,2006,2,0.05,Credit Card
52031,1320,2025-04-23,2017,1,0.1,Cash on Delivery
52032,1446,2025-08-11,2016,1,0.1,Debit Card
52033,1483,2025-01-21,2015,1,0.2,Debit Card
52034,1147,2025-11-29,2014,1,0.2,Credit Card
52035,1204,2025-07-17,2004,4,0.05,Credit Card
52036,1080,2025-03-08,2004,3,0.1,Debit Card
52037,1379,2025-02-15,2002,5,0.15,Credit Card
52038,1043,2025-04-11,2011,2,0.2,Net Banking
52039,1458,2025-08-21,2004,1,0.05,Credit Card
52040,1089,2025-09-12,2016,1,0.05,Credit Card
52041,1148,2024-09-04,2004,1,0.2,Net Banking
52042,1095,2025-08-03,2001,1,0.05,Net Banking
52043,1452,2024-04-29,2019,2,0.1,Net Banking
52044,1428,2024-03-07,2002,2,0.2,Debit Card
52045,1151,2025-07-26,2009,2,0.15,Credit Card
52046,1002,2024-11-22,2013,1,0.0,Net Banking
52047,1376,2025-12-03,2018,1,0.05,Net Banking
52048,1022,2025-04-14,2016,1,0.05,Debit Card
52049,1371,2025-05-07,2016,1,0.2,Cash on Delivery
52050,1313,2025-12-01,2010,3,0.25,Credit Card
52051,1485,2025-10-24,2009,1,0.15,Cash on Delivery
52052,1328,2024-10-12,2011,3,0.1,Cash on Delivery
52053,1007,2025-08-30,2004,2,0.0,Net Banking
52054,1206,2024-11-07,2010,1,0.1,Debit Card
52055,1440,2024-11-04,2003,3,0.05,Credit Card
52056,1375,2024-04-06,2006,2,0.1,Credit Card
52057,1451,2024-04-22,2003,1,0.1,Credit Card
52058,1114,2025-09-28,2009,4,0.1,Cash on Delivery
52059,1272,2025-03-31,2003,1,0.2,UPI
52060,1083,2025-04-07,2018,1,0.0,Debit Card
52061,1179,2024-05-11,2008,3,0.15,UPI
52062,1210,2024-04-30,2008,3,0.05,Cash on Delivery
52063,1500,2024-07-15,2015,1,0.15,Net Banking
52064,1464,2025-04-26,2013,1,0.1,UPI
52065,1328,2025-09-25,2007,3,0.0,UPI
52066,1124,2024-02-08,2019,1,0.05,Debit Card
52067,1481,2025-07-19,2008,1,0.0,Cash on Delivery
52068,1113,2025-05-26,2010,2,0.0,Debit Card
52069,1012,2025-04-18,2017,4,0.15,Net Banking
52070,1126,2024-06-09,2001,1,0.0,Credit Card
52071,1053,2024-10-15,2013,3,0.1,Cash on Delivery
52072,1331,2024-07-18,2013,2,0.0,Net Banking
52073,1389,2025-06-11,2016,2,0.1,Net Banking
52074,1283,2025-11-15,2009,3,0.15,UPI
52075,1140,2025-05-17,2010,5,0.05,Debit Card
52076,1401,2024-09-04,2006,1,0.1,UPI
52077,1390,2025-01-17,2005,1,0.15,UPI
52078,1097,2024-08-05,2002,4,0.0,Credit Card
52079,1005,2024-03-27,2011,2,0.15,Debit Card
52080,1057,2024-03-22,2009,2,0.05,Credit Card
52081,1412,2024-03-02,2006,2,0.0,Net Banking
52082,1334,2025-05-14,2008,3,0.1,Credit Card
52083,1069,2024-02-11,2009,3,0.0,Net Banking
52084,1118,2024-01-12,2009,4,0.15,UPI
52085,1376,2025-10-04,2008,2,0.0,Credit Card
52086,1059,2024-04-24,2012,1,0.0,Debit Card
52087,1033,2024-08-05,2008,2,0.1,Credit Card
52088,1318,2025-10-10,2003,2,0.1,Net Banking
52089,1050,2024-04-15,2013,2,0.15,Cash on Delivery
52090,1368,2025-11-21,2019,2,0.05,Debit Card
52091,1489,2025-06-11,2002,1,0.15,Net Banking
52092,1019,2025-04-16,2017,2,0.2,Cash on Delivery
52093,1214,2025-01-21,2016,3,0.1,Debit Card
52094,1197,2024-08-13,2004,3,0.15,Cash on Delivery
52095,1379,2025-04-25,2018,2,0.1,UPI
52096,1450,2025-02-11,2014,1,0.0,UPI
52097,1478,2025-04-01,2002,2,0.05,Credit Card
52098,1047,2025-10-14,2013,3,0.0,Credit Card
52099,1167,2025-12-11,2020,2,0.25,Credit Card
52100,1452,2025-09-15,2017,3,0.0,Credit Card
52101,1289,2025-09-30,2015,2,0.1,Cash on Delivery
52102,1141,2024-01-21,2020,1,0.05,Debit Card
52103,1084,2025-10-20,2005,3,0.1,Debit Card
52104,1182,2025-08-23,2007,1,0.0,Credit Card
52105,1391,2024-07-21,2018,2,0.15,UPI
52106,1079,2025-02-20,2011,1,0.0,Net Banking
52107,1215,2025-02-19,2018,1,0.2,Credit Card
52108,1014,2025-03-23,2005,2,0.15,Credit Card
52109,1215,2025-05-26,2013,2,0.1,UPI
52110,1403,2024-03-25,2018,3,0.0,Net Banking
52111,1128,2024-06-15,2002,3,0.0,Cash on Delivery
52112,1310,2025-01-18,2020,3,0.15,Cash on Delivery
52113,1477,2025-04-12,2004,2,0.0,Net Banking
52114,1248,2024-03-12,2013,2,0.0,Net Banking
52115,1404,2025-06-04,2016,2,0.1,Cash on Delivery
52116,1029,2025-04-17,2006,2,0.05,Credit Card
52117,1280,2024-09-14,2008,2,0.0,Credit Card
52118,1338,2024-10-01,2016,4,0.1,UPI
52119,1319,2024-01-20,2013,1,0.05,Net Banking
52120,1202,2025-05-04,2004,4,0.0,Credit Card
52121,1361,2025-05-04,2002,1,0.1,Credit Card
52122,1057,2024-11-21,2009,1,0.05,UPI
52123,1392,2025-06-12,2018,1,0.15,Net Banking
52124,1218,2024-03-29,2017,2,0.0,UPI
52125,1062,2025-04-30,2008,1,0.1,UPI
52126,1157,2025-12-08,2015,4,0.05,Cash on Delivery
52127,1202,2024-12-15,2009,3,0.05,UPI
52128,1017,2024-03-24,2017,2,0.0,Net Banking
52129,1322,2025-01-21,2002,2,0.0,Credit Card
52130,1006,2024-03-27,2006,4,0.15,Credit Card
52131,1058,2024-11-02,2005,3,0.05,Cash on Delivery
52132,1325,2024-06-02,2017,2,0.1,Net Banking
52133,1412,2025-03-15,2002,3,0.2,Credit Card
52134,1318,2024-09-20,2018,2,0.1,UPI
52135,1169,2025-02-24,2010,2,0.05,Debit Card
52136,1453,2025-05-07,2010,1,0.05,Debit Card
52137,1082,2025-09-24,2006,2,0.2,Debit Card
52138,1474,2025-02-14,2012,1,0.1,Debit Card
52139,1468,2024-06-21,2017,1,0.1,UPI
52140,1425,2024-01-04,2013,3,0.05,Credit Card
52141,1433,2025-10-01,2020,4,0.15,Cash on Delivery
52142,1219,2025-04-16,2016,5,0.15,UPI
52143,1177,2024-04-19,2010,2,0.05,Credit Card
52144,1204,2024-02-06,2002,2,0.1,Net Banking
52145,1071,2025-08-05,2002,1,0.05,Credit Card
52146,1387,2024-01-31,2007,3,0.0,Credit Card
52147,1266,2025-01-15,2006,1,0.15,Credit Card
52148,1098,2024-09-24,2001,1,0.0,UPI
52149,1345,2024-01-11,2012,2,0.1,Credit Card
52150,1291,2024-12-09,2013,1,0.05,Credit Card
52151,1208,2025-06-27,2012,1,0.05,Net Banking
52152,1002,2025-07-22,2019,3,0.1,Net Banking
52153,1124,2024-06-14,2009,1,0.25,Debit Card
52154,1280,2025-11-30,2010,1,0.05,UPI
52155,1074,2024-12-07,2017,1,0.0,Credit Card
52156,1166,2025-04-26,2018,1,0.1,Debit Card
52157,1022,2024-01-19,2008,1,0.0,Debit Card
52158,1154,2025-09-19,2007,3,0.0,UPI
52159,1427,2024-07-02,2009,1,0.0,Debit Card
52160,1439,2025-06-28,2010,3,0.0,Debit Card
52161,1295,2024-01-10,2012,1,0.05,UPI
52162,1219,2025-08-14,2015,2,0.05,Cash on Delivery
52163,1157,2024-07-10,2015,3,0.0,Debit Card
52164,1495,2024-11-15,2004,2,0.15,Net Banking
52165,1230,2025-12-02,2004,2,0.0,Debit Card
52166,1020,2025-08-02,2001,4,0.2,UPI
52167,1475,2025-04-19,2012,1,0.1,UPI
52168,1041,2025-09-28,2002,2,0.0,Cash on Delivery
52169,1438,2025-03-02,2015,4,0.25,Cash on Delivery
52170,1148,2024-02-28,2017,1,0.05,Net Banking
52171,1108,2025-03-11,2007,1,0.05,Net Banking
52172,1403,2024-04-06,2006,1,0.05,Debit Card
52173,1084,2025-05-10,2012,2,0.15,Cash on Delivery
52174,1483,2025-10-22,2019,1,0.1,Net Banking
52175,1367,2024-10-04,2001,1,0.0,Debit Card
52176,1322,2024-09-21,2014,2,0.0,Credit Card
52177,1414,2024-01-09,2004,2,0.15,Debit Card
52178,1309,2025-04-01,2005,1,0.0,Net Banking
52179,1290,2024-09-29,2001,1,0.0,Debit Card
52180,1406,2024-01-08,2001,2,0.1,Credit Card
52181,1323,2024-07-26,2006,4,0.15,Net Banking
52182,1134,2025-09-28,2005,2,0.05,Debit Card
52183,1207,2024-05-02,2002,3,0.05,Net Banking
52184,1283,2024-02-02,2005,1,0.15,Debit Card
52185,1266,2025-05-27,2009,1,0.0,UPI
52186,1073,2024-07-22,2019,2,0.1,Net Banking
52187,1481,2025-06-01,2015,3,0.2,Net Banking
52188,1352,2025-05-31,2013,2,0.15,Net Banking
52189,1048,2025-03-18,2012,3,0.0,Net Banking
52190,1326,2025-08-14,2005,5,0.05,Debit Card
52191,1233,2025-11-19,2002,1,0.0,Cash on Delivery
52192,1443,2024-12-04,2004,1,0.2,Debit Card
52193,1100,2025-03-13,2018,1,0.25,Credit Card
52194,1059,2025-03-20,2010,2,0.0,UPI
52195,1258,2024-05-15,2013,1,0.1,Debit Card
52196,1413,2025-01-21,2012,4,0.15,Debit Card
52197,1452,2024-01-25,2002,1,0.0,Net Banking
52198,1065,2025-05-20,2015,1,0.0,Credit Card
52199,1083,2024-11-20,2014,1,0.0,Net Banking
52200,1154,2025-11-25,2010,4,0.05,Net Banking
52201,1473,2025-11-10,2008,2,0.2,Cash on Delivery
52202,1266,2024-12-03,2015,4,0.2,UPI
52203,1309,2025-11-20,2013,5,0.0,Cash on Delivery
52204,1079,2024-04-04,2008,2,0.0,Net Banking
52205,1315,2025-06-28,2014,1,0.05,UPI
52206,1150,2025-09-14,2001,1,0.15,Debit Card
52207,1435,2024-05-25,2013,1,0.1,Credit Card
52208,1048,2024-08-18,2008,3,0.1,Cash on Delivery
52209,1405,2025-05-09,2018,1,0.1,Credit Card
52210,1379,2024-02-07,2009,1,0.0,Net Banking
52211,1248,2025-02-28,2013,2,0.1,UPI
52212,1278,2025-10-08,2003,2,0.25,Debit Card
52213,1356,2025-03-12,2018,2,0.0,UPI
52214,1098,2025-01-02,2010,1,0.1,Credit Card
52215,1414,2024-12-10,2005,3,0.05,Credit Card
52216,1025,2024-06-08,2006,2,0.1,Debit Card
52217,1493,2025-07-03,2008,1,0.1,Debit Card
52218,1284,2025-10-23,2007,3,0.1,UPI
52219,1449,2025-06-24,2018,4,0.15,Cash on Delivery
52220,1369,2024-05-23,2014,1,0.05,UPI
52221,1301,2025-08-10,2015,2,0.1,Credit Card
52222,1068,2025-10-18,2010,2,0.0,UPI
52223,1007,2025-07-29,2012,1,0.15,Net Banking
52224,1305,2024-12-10,2007,4,0.05,UPI
52225,1137,2024-09-25,2007,1,0.15,UPI
52226,1164,2025-11-26,2011,3,0.05,Net Banking
52227,1083,2024-09-24,2013,2,0.0,Credit Card
52228,1385,2024-06-17,2015,2,0.0,Debit Card
52229,1138,2024-02-02,2018,1,0.25,UPI
52230,1420,2025-01-11,2007,1,0.05,Cash on Delivery
52231,1073,2024-08-01,2006,1,0.0,Debit Card
52232,1237,2025-07-15,2011,1,0.0,Cash on Delivery
52233,1046,2025-03-15,2008,1,0.05,UPI
52234,1106,2025-05-06,2020,3,0.0,Cash on Delivery
52235,1416,2025-01-27,2001,1,0.1,Debit Card
52236,1288,2025-05-03,2008,3,0.0,Cash on Delivery
52237,1262,2025-12-22,2008,2,0.1,Cash on Delivery
52238,1176,2024-01-29,2019,3,0.0,Debit Card
52239,1166,2024-02-08,2003,5,0.05,Debit Card
52240,1145,2025-09-03,2005,1,0.1,Debit Card
52241,1330,2024-06-21,2003,4,0.0,Debit Card
52242,1370,2024-01-17,2015,2,0.05,Net Banking
52243,1283,2024-02-25,2014,3,0.05,UPI
52244,1054,2024-08-13,2015,2,0.0,Debit Card
52245,1178,2025-07-11,2017,2,0.1,Credit Card
52246,1419,2024-03-07,2018,1,0.1,Cash on Delivery
52247,1244,2024-07-15,2002,1,0.1,Debit Card
52248,1341,2025-10-15,2012,2,0.0,Debit Card
52249,1127,2024-01-23,2016,5,0.05,UPI
52250,1409,2025-08-28,2004,3,0.0,Debit Card
52251,1412,2024-08-24,2002,1,0.1,Net Banking
52252,1367,2025-07-19,2014,3,0.1,Credit Card
52253,1271,2024-05-17,2011,3,0.05,Credit Card
52254,1132,2025-04-17,2013,1,0.15,Debit Card
52255,1093,2025-07-06,2007,1,0.0,UPI
52256,1379,2025-09-01,2010,1,0.25,Debit Card
52257,1073,2025-11-25,2001,4,0.0,Cash on Delivery
52258,1411,2025-10-01,2004,3,0.15,Credit Card
52259,1410,2024-08-16,2018,1,0.05,Cash on Delivery
52260,1403,2024-11-12,2006,1,0.15,Net Banking
52261,1248,2025-08-20,2002,3,0.0,Credit Card
52262,1348,2025-12-21,2003,4,0.05,Credit Card
52263,1273,2025-12-27,2014,3,0.05,Net Banking
52264,1043,2025-09-03,2008,2,0.25,Cash on Delivery
52265,1377,2025-07-14,2016,1,0.25,Debit Card
52266,1041,2024-07-19,2019,2,0.0,UPI
52267,1170,2024-09-14,2018,1,0.1,Cash on Delivery
52268,1434,2025-04-24,2006,3,0.1,Net Banking
52269,1212,2024-06-26,2014,2,0.0,Net Banking
52270,1493,2024-05-02,2003,3,0.0,Net Banking
52271,1168,2024-12-07,2016,2,0.25,Credit Card
52272,1039,2024-06-19,2001,3,0.1,Debit Card
52273,1369,2025-10-09,2012,1,0.0,Credit Card
52274,1245,2024-02-28,2014,2,0.0,Credit Card
52275,1151,2025-12-05,2019,2,0.05,Credit Card
52276,1111,2025-04-09,2019,1,0.1,Net Banking
52277,1480,2024-09-16,2009,4,0.05,Cash on Delivery
52278,1436,2025-01-07,2007,2,0.1,UPI
52279,1047,2024-04-04,2014,2,0.0,UPI
52280,1063,2024-05-04,2005,3,0.05,Debit Card
52281,1225,2024-02-10,2018,4,0.0,Debit Card
52282,1366,2024-09-10,2009,2,0.2,Net Banking
52283,1069,2024-01-07,2007,4,0.0,UPI
52284,1299,2025-04-15,2009,1,0.15,Cash on Delivery
52285,1432,2025-12-28,2004,1,0.05,Net Banking
52286,1290,2025-05-25,2017,2,0.1,Debit Card
52287,1296,2025-08-03,2012,1,0.05,Net Banking
52288,1203,2024-03-09,2006,2,0.1,Debit Card
52289,1061,2024-03-21,2018,1,0.15,UPI
52290,1434,2025-06-25,2008,2,0.05,Net Banking
52291,1451,2025-08-07,2015,3,0.0,Credit Card
52292,1318,2024-09-18,2003,2,0.1,Debit Card
52293,1314,2024-03-29,2002,5,0.0,Credit Card
52294,1161,2024-07-26,2009,3,0.1,Debit Card
52295,1331,2024-07-31,2008,1,0.0,Credit Card
52296,1016,2024-09-22,2004,1,0.1,UPI
52297,1338,2024-10-19,2002,1,0.1,UPI
52298,1094,2024-07-25,2014,3,0.0,Cash on Delivery
52299,1304,2024-11-28,2002,1,0.1,Cash on Delivery
52300,1138,2024-03-17,2002,1,0.05,Cash on Delivery
52301,1338,2024-10-14,2007,4,0.0,Net Banking
52302,1038,2024-02-16,2012,2,0.05,Debit Card
52303,1127,2025-09-13,2006,1,0.1,Net Banking
52304,1275,2024-07-18,2018,1,0.0,Cash on Delivery
52305,1164,2025-03-02,2004,4,0.2,Debit Card
52306,1443,2024-07-28,2019,4,0.1,Net Banking
52307,1319,2025-02-23,2013,1,0.0,UPI
52308,1077,2024-06-02,2020,2,0.15,Debit Card
52309,1174,2025-06-05,2002,3,0.05,Cash on Delivery
52310,1387,2025-02-18,2008,3,0.1,UPI
52311,1458,2024-12-18,2019,3,0.05,Debit Card
52312,1358,2024-06-05,2009,2,0.15,Net Banking
52313,1321,2024-09-17,2004,4,0.15,Cash on Delivery
52314,1376,2024-03-17,2016,1,0.1,Net Banking
52315,1091,2025-05-02,2019,1,0.0,UPI
52316,1238,2024-05-10,2010,3,0.05,UPI
52317,1264,2025-08-01,2006,2,0.05,UPI
52318,1179,2025-03-30,2016,3,0.0,Debit Card
52319,1494,2024-06-11,2010,1,0.05,Cash on Delivery
52320,1490,2024-01-15,2013,3,0.1,UPI
52321,1209,2024-08-19,2009,1,0.15,Net Banking
52322,1073,2024-07-13,2007,2,0.05,Cash on Delivery
52323,1390,2025-06-25,2004,1,0.0,Net Banking
52324,1107,2024-12-24,2019,2,0.15,Net Banking
52325,1345,2024-11-26,2004,3,0.2,UPI
52326,1295,2025-03-02,2019,1,0.05,Cash on Delivery
52327,1369,2025-05-11,2019,1,0.0,Credit Card
52328,1444,2025-04-30,2012,2,0.1,Debit Card
52329,1284,2025-03-24,2013,3,0.15,Credit Card
52330,1353,2025-02-16,2004,1,0.0,Debit Card
52331,1182,2024-11-25,2010,1,0.1,Cash on Delivery
52332,1037,2024-05-26,2007,1,0.1,UPI
52333,1137,2024-09-15,2005,4,0.05,Cash on Delivery
52334,1338,2024-10-18,2017,1,0.15,Credit Card
52335,1056,2024-05-22,2018,1,0.05,Net Banking
52336,1187,2025-09-18,2011,3,0.1,Debit Card
52337,1341,2024-12-30,2015,3,0.1,Debit Card
52338,1258,2024-03-30,2007,1,0.0,Credit Card
52339,1445,2025-12-20,2018,5,0.1,UPI
52340,1058,2024-06-12,2006,2,0.15,Cash on Delivery
52341,1363,2025-04-25,2018,2,0.25,Credit Card
52342,1123,2024-03-24,2016,2,0.05,Cash on Delivery
52343,1188,2024-03-17,2002,4,0.0,UPI
52344,1230,2025-11-03,2019,1,0.25,Net Banking
52345,1168,2025-05-31,2001,1,0.1,Cash on Delivery
52346,1420,2025-04-29,2011,1,0.2,UPI
52347,1114,2025-08-12,2020,3,0.0,Credit Card
52348,1252,2025-08-25,2005,2,0.05,Net Banking
52349,1107,2025-08-21,2016,2,0.0,Net Banking
52350,1037,2024-04-13,2001,1,0.15,Net Banking
52351,1335,2025-03-27,2019,2,0.2,Debit Card
52352,1092,2025-05-01,2014,3,0.1,UPI
52353,1018,2024-12-04,2003,1,0.0,Cash on Delivery
52354,1354,2025-11-17,2002,3,0.0,Credit Card
52355,1063,2025-07-19,2005,1,0.1,Net Banking
52356,1150,2025-04-22,2017,3,0.1,Net Banking
52357,1139,2025-12-23,2018,1,0.1,Net Banking
52358,1186,2025-08-29,2001,2,0.05,UPI
52359,1185,2024-08-10,2015,5,0.05,Credit Card
52360,1205,2024-01-09,2009,5,0.0,UPI
52361,1260,2024-02-22,2005,1,0.1,Credit Card
52362,1214,2024-03-17,2013,2,0.05,Cash on Delivery
52363,1256,2025-12-18,2019,1,0.2,Debit Card
52364,1135,2025-05-17,2010,4,0.1,Credit Card
52365,1061,2024-11-11,2020,2,0.05,UPI
52366,1363,2025-09-15,2014,2,0.05,UPI
52367,1310,2024-06-13,2012,1,0.2,UPI
52368,1088,2024-10-05,2011,4,0.0,Debit Card
52369,1324,2024-01-27,2007,2,0.05,Credit Card
52370,1476,2024-03-10,2017,1,0.2,Credit Card
52371,1207,2024-08-05,2018,1,0.1,Credit Card
52372,1129,2024-12-30,2007,1,0.1,Credit Card
52373,1311,2025-12-01,2020,2,0.0,Net Banking
52374,1003,2024-11-01,2006,4,0.15,Net Banking
52375,1462,2024-05-03,2011,3,0.0,UPI
52376,1422,2024-01-19,2012,2,0.0,Net Banking
52377,1242,2024-09-13,2016,3,0.0,Credit Card
52378,1121,2024-10-22,2019,2,0.0,Credit Card
52379,1385,2024-01-22,2019,1,0.2,Net Banking
52380,1102,2025-03-25,2011,5,0.1,Cash on Delivery
52381,1038,2025-07-05,2016,1,0.1,UPI
52382,1341,2025-07-03,2012,1,0.2,Debit Card
52383,1496,2024-02-17,2008,5,0.0,UPI
52384,1413,2025-11-25,2003,1,0.0,UPI
52385,1133,2025-08-09,2002,3,0.1,UPI
52386,1497,2025-12-21,2006,4,0.1,Net Banking
52387,1202,2024-07-01,2016,2,0.1,UPI
52388,1348,2025-03-10,2020,1,,Credit Card
52389,1021,2024-04-16,2015,1,0.1,UPI
52390,1242,2024-07-06,2014,1,0.05,Credit Card
52391,1455,2024-03-26,2002,2,0.05,Net Banking
52392,1451,2025-03-31,2020,3,0.0,Net Banking
52393,1109,2024-05-16,2018,2,0.05,UPI
52394,1303,2024-12-01,2014,2,0.05,Credit Card
52395,1084,2025-08-29,2018,2,0.05,Credit Card
52396,1083,2025-04-13,2002,2,0.25,Credit Card
52397,1291,2025-08-24,2001,3,0.2,Credit Card
52398,1452,2025-07-24,2020,1,0.1,Debit Card
52399,1069,2025-02-06,2002,3,0.25,Net Banking
52400,1129,2025-06-23,2009,2,0.25,Credit Card
52401,1196,2024-03-12,2009,1,0.05,Debit Card
52402,1140,2024-01-24,2016,1,0.05,Debit Card
52403,1444,2025-09-15,2011,1,0.2,Net Banking
52404,1283,2025-04-29,2006,2,0.1,Cash on Delivery
52405,1312,2024-02-25,2012,1,0.0,UPI
52406,1234,2024-08-10,2003,4,0.1,Net Banking
52407,1023,2025-09-23,2012,2,0.0,Cash on Delivery
52408,1153,2024-06-27,2001,4,0.05,UPI
52409,1277,2025-03-09,2009,1,0.0,UPI
52410,1061,2025-03-25,2020,1,0.0,UPI
52411,1319,2025-05-06,2006,1,0.0,Debit Card
52412,1378,2024-07-07,2011,1,0.2,Credit Card
52413,1052,2025-07-31,2003,4,0.05,UPI
52414,1344,2025-02-23,2004,1,0.0,Credit Card
52415,1153,2024-09-05,2010,2,0.0,UPI
52416,1237,2025-08-10,2019,1,0.1,Debit Card
52417,1311,2025-10-10,2006,2,0.25,UPI
52418,1302,2024-06-12,2001,3,0.0,Net Banking
52419,1032,2024-09-11,2008,2,0.0,Cash on Delivery
52420,1055,2025-04-20,2008,3,0.05,UPI
52421,1352,2025-02-20,2006,1,0.1,Cash on Delivery
52422,1389,2024-06-18,2017,4,0.05,Cash on Delivery
52423,1036,2024-11-12,2019,3,0.05,Debit Card
52424,1110,2024-06-22,2001,2,0.05,Cash on Delivery
52425,1490,2025-04-14,2015,2,0.05,Debit Card
52426,1177,2024-12-10,2013,4,0.2,UPI
52427,1362,2025-03-20,2003,2,0.0,Credit Card
52428,1314,2024-01-18,2002,3,0.0,Debit Card
52429,1295,2024-03-10,2003,2,0.15,Cash on Delivery
52430,1336,2024-12-03,2009,1,0.15,Cash on Delivery
52431,1097,2025-09-19,2016,3,0.0,UPI
52432,1369,2025-08-14,2013,2,0.25,Debit Card
52433,1213,2025-06-10,2019,2,0.1,UPI
52434,1317,2025-11-18,2018,2,0.05,Debit Card
52435,1137,2025-03-31,2012,1,0.1,Credit Card
52436,1006,2024-09-25,2012,3,0.05,Net Banking
52437,1499,2025-09-22,2001,4,0.0,UPI
52438,1109,2024-07-06,2020,4,0.05,Cash on Delivery
52439,1035,2025-07-22,2008,1,0.1,UPI
52440,1039,2025-12-11,2017,2,0.15,Debit Card
52441,1150,2025-06-12,2020,3,0.05,UPI
52442,1425,2025-03-09,2007,2,0.05,Credit Card
52443,1118,2024-10-14,2009,2,0.1,Debit Card
52444,1261,2025-07-20,2017,4,0.1,Cash on Delivery
52445,1426,2025-05-13,2010,2,0.15,Cash on Delivery
52446,1087,2025-03-16,2004,2,0.05,Debit Card
52447,1465,2024-10-29,2007,1,0.1,Credit Card
52448,1076,2024-03-27,2007,1,0.05,UPI
52449,1471,2025-03-13,2008,1,0.15,Net Banking
52450,1464,2025-06-24,2008,4,0.0,Cash on Delivery
52451,1451,2024-01-22,2016,2,0.05,Credit Card
52452,1414,2025-07-13,2012,2,0.05,Credit Card
52453,1313,2025-05-31,2015,3,0.2,Credit Card
52454,1383,2025-11-05,2008,2,0.1,UPI
52455,1214,2025-05-17,2009,2,0.25,Credit Card
52456,1457,2025-12-14,2003,1,0.0,Credit Card
52457,1285,2025-04-11,2016,3,0.1,Debit Card
52458,1239,2024-04-10,2015,1,0.05,Debit Card
52459,1165,2025-08-05,2004,1,0.1,Credit Card
52460,1087,2025-11-05,2020,1,0.15,Credit Card
52461,1141,2025-11-15,2016,1,0.15,Debit Card
52462,1160,2024-05-20,2010,1,0.1,UPI
52463,1046,2024-05-17,2011,2,0.1,Debit Card
52464,1372,2025-07-31,2005,1,0.2,Debit Card
52465,1495,2025-12-10,2011,2,0.05,Debit Card
52466,1112,2024-08-15,2013,1,0.15,Debit Card
52467,1407,2024-10-07,2015,1,0.2,Net Banking
52468,1045,2025-11-14,2006,2,0.1,Cash on Delivery
52469,1401,2025-03-06,2016,4,0.15,UPI
52470,1247,2024-02-09,2015,3,0.05,UPI
52471,1104,2025-06-02,2011,5,0.0,Credit Card
52472,1085,2025-11-16,2020,2,0.1,Net Banking
52473,1450,2025-10-24,2002,2,0.0,Credit Card
52474,1485,2024-07-29,2002,2,0.1,UPI
52475,1134,2024-10-28,2012,2,0.15,UPI
52476,1108,2024-03-26,2016,1,0.0,Credit Card
52477,1018,2025-01-31,2019,2,0.0,Cash on Delivery
52478,1094,2024-09-09,2002,2,0.1,Credit Card
52479,1150,2025-06-16,2017,2,0.05,Cash on Delivery
52480,1246,2025-01-15,2014,2,0.05,Cash on Delivery
52481,1289,2025-03-19,2016,1,0.05,Debit Card
52482,1414,2024-02-02,2005,1,0.0,UPI
52483,1209,2024-09-16,2010,1,0.0,Debit Card
52484,1126,2024-08-21,2017,5,0.2,UPI
52485,1235,2025-05-29,2013,1,0.0,Debit Card
52486,1416,2024-11-03,2016,1,0.05,Cash on Delivery
52487,1426,2024-03-10,2009,4,0.25,Debit Card
52488,1499,2025-03-29,2004,2,0.15,Net Banking
52489,1462,2025-03-14,2016,1,0.0,Debit Card
52490,1122,2024-12-29,2011,2,0.1,Debit Card
52491,1138,2025-04-25,2007,1,0.15,Debit Card
52492,1495,2024-05-23,2017,1,0.1,Net Banking
52493,1115,2024-01-24,2013,1,0.15,UPI
52494,1420,2025-02-28,2004,2,0.1,Debit Card
52495,1162,2024-06-23,2014,3,0.0,UPI
52496,1201,2024-11-20,2010,2,0.1,Credit Card
52497,1234,2025-11-01,2010,2,0.1,Cash on Delivery
52498,1028,2024-12-13,2010,1,0.1,Credit Card
52499,1011,2024-01-18,2012,1,0.0,Net Banking
52500,1206,2024-02-13,2002,3,0.0,Net Banking
52501,1167,2024-06-03,2009,1,0.25,UPI
52502,1247,2025-01-11,2005,3,0.0,UPI
52503,1047,2025-02-05,2008,2,0.05,Debit Card
52504,1246,2024-08-12,2014,3,0.15,Credit Card
52505,1127,2024-08-04,2007,1,0.05,UPI
52506,1147,2025-07-21,2007,1,0.0,UPI
52507,1118,2024-01-31,2009,3,0.1,UPI
52508,1399,2024-02-28,2003,3,0.1,Cash on Delivery
52509,1382,2024-12-18,2014,1,0.1,UPI
52510,1412,2025-03-20,2017,5,0.2,Cash on Delivery
52511,1152,2024-08-22,2018,1,0.05,Net Banking
52512,1072,2024-04-16,2012,1,0.1,Debit Card
52513,1363,2024-07-09,2014,2,0.0,Credit Card
52514,1137,2025-06-13,2013,3,0.05,UPI
52515,1175,2025-11-09,2014,5,0.15,Cash on Delivery
52516,1289,2025-08-05,2009,2,0.0,UPI
52517,1446,2025-07-19,2019,1,0.1,UPI
52518,1481,2024-09-01,2002,2,0.0,Cash on Delivery
52519,1019,2024-03-16,2011,1,0.0,UPI
52520,1195,2025-06-30,2017,2,0.1,Credit Card
52521,1330,2024-09-23,2002,2,0.1,Net Banking
52522,1424,2024-11-12,2019,1,0.0,Debit Card
52523,1175,2024-04-30,2007,2,0.2,UPI
52524,1490,2024-01-25,2018,2,0.0,Cash on Delivery
52525,1449,2025-03-07,2013,3,0.0,Credit Card
52526,1413,2024-06-08,2005,2,0.0,UPI
52527,1434,2025-08-18,2018,1,0.0,Net Banking
52528,1354,2024-04-23,2016,1,0.0,Net Banking
52529,1499,2025-05-16,2015,1,0.15,Cash on Delivery
52530,1141,2024-06-14,2008,1,0.1,UPI
52531,1246,2025-12-03,2015,2,0.05,UPI
52532,1385,2024-06-23,2001,5,0.2,UPI
52533,1418,2024-01-01,2017,2,0.05,Net Banking
52534,1093,2024-03-26,2015,2,0.0,UPI
52535,1432,2025-07-27,2014,2,0.05,UPI
52536,1239,2024-11-15,2014,1,0.0,UPI
52537,1205,2025-02-04,2010,4,0.1,UPI
52538,1048,2025-01-16,2002,5,0.05,Cash on Delivery
52539,1433,2025-12-18,2006,2,0.1,Net Banking
52540,1245,2025-09-08,2017,1,0.1,Debit Card
52541,1320,2024-11-13,2005,3,0.15,Cash on Delivery
52542,1317,2024-09-06,2005,1,0.15,UPI
52543,1413,2025-06-08,2015,3,0.0,Debit Card
52544,1295,2025-11-05,2015,3,0.0,Credit Card
52545,1128,2025-07-08,2020,1,0.1,Debit Card
52546,1344,2025-09-14,2011,5,0.0,Cash on Delivery
52547,1282,2025-12-17,2005,5,0.0,Net Banking
52548,1017,2024-09-12,2001,4,0.1,Cash on Delivery
52549,1071,2024-11-02,2011,2,0.05,Net Banking
52550,1269,2024-05-23,2011,1,0.15,Net Banking
52551,1325,2025-10-19,2006,2,0.05,Net Banking
52552,1282,2025-01-25,2008,2,0.25,Credit Card
52553,1305,2025-11-06,2002,1,0.15,Debit Card
52554,1451,2024-06-17,2015,2,0.0,Cash on Delivery
52555,1007,2024-10-24,2009,2,0.1,Cash on Delivery
52556,1314,2024-08-20,2015,1,0.1,Net Banking
52557,1305,2024-09-27,2008,1,0.1,Credit Card
52558,1103,2024-02-29,2016,1,0.1,Credit Card
52559,1309,2024-10-22,2014,3,0.1,UPI
52560,1193,2025-04-11,2015,2,0.05,Credit Card
52561,1241,2024-08-22,2020,1,0.05,Net Banking
52562,1062,2025-11-07,2013,5,0.2,Net Banking
52563,1017,2025-12-06,2009,1,0.05,Debit Card
52564,1171,2024-08-21,2001,2,0.0,Net Banking
52565,1025,2025-01-02,2006,3,0.0,Debit Card
52566,1251,2025-11-25,2008,3,0.15,Credit Card
52567,1253,2024-08-19,2020,1,0.1,UPI
52568,1387,2025-05-05,2018,4,0.15,Cash on Delivery
52569,1207,2025-09-10,2018,4,0.15,Net Banking
52570,1029,2025-05-17,2017,2,0.15,Credit Card
52571,1117,2025-08-14,2016,2,0.1,Net Banking
52572,1491,2025-01-15,2013,1,0.0,Debit Card
52573,1416,2025-11-26,2004,2,0.0,Credit Card
52574,1282,2025-03-03,2004,2,0.1,Cash on Delivery
52575,1380,2025-11-27,2014,3,0.05,Debit Card
52576,1144,2025-10-07,2005,2,0.1,Credit Card
52577,1025,2024-12-29,2016,3,0.1,Cash on Delivery
52578,1310,2024-07-20,2014,1,0.1,Debit Card
52579,1156,2024-05-25,2014,1,0.0,Cash on Delivery
52580,1073,2025-09-30,2014,1,0.0,Credit Card
52581,1120,2025-04-01,2014,1,0.15,Debit Card
52582,1312,2024-05-14,2019,2,0.0,UPI
52583,1321,2025-09-17,2003,3,0.1,Net Banking
52584,1093,2024-09-20,2017,2,0.1,UPI
52585,1086,2024-03-04,2014,2,0.25,Cash on Delivery
52586,1336,2025-05-05,2010,3,0.15,Credit Card
52587,1425,2025-10-08,2013,1,0.05,Net Banking
52588,1499,2024-02-10,2004,1,0.1,Credit Card
52589,1364,2024-10-22,2011,1,0.0,Cash on Delivery
52590,1435,2024-01-03,2015,3,0.05,Credit Card
52591,1118,2025-12-06,2015,1,0.15,Debit Card
52592,1233,2024-04-19,2002,1,0.1,Debit Card
52593,1199,2024-08-08,2011,2,0.1,Cash on Delivery
52594,1206,2025-01-04,2002,4,0.0,Credit Card
52595,1413,2025-01-02,2005,2,0.15,Cash on Delivery
52596,1339,2025-03-11,2013,3,0.05,Net Banking
52597,1147,2024-01-04,2001,2,0.15,Credit Card
52598,1450,2024-08-31,2007,2,0.1,Debit Card
52599,1425,2024-06-14,2007,3,0.05,UPI
52600,1429,2024-01-26,2010,3,0.0,Debit Card
52601,1271,2025-01-29,2006,1,0.0,Credit Card
52602,1387,2025-04-18,2020,1,0.2,Credit Card
52603,1139,2024-01-17,2012,1,0.15,Credit Card
52604,1181,2025-12-28,2013,2,0.1,Credit Card
52605,1430,2024-04-01,2011,4,0.1,Net Banking
52606,1030,2025-04-27,2018,1,0.1,UPI
52607,1057,2025-06-26,2002,1,0.1,Debit Card
52608,1232,2024-07-23,2016,4,0.1,Net Banking
52609,1146,2025-05-16,2002,2,0.05,Cash on Delivery
52610,1435,2025-02-03,2019,2,0.15,Credit Card
52611,1384,2024-07-25,2006,4,0.15,Debit Card
52612,1048,2025-09-10,2001,2,0.05,Cash on Delivery
52613,1194,2024-05-25,2011,3,0.15,UPI
52614,1224,2024-04-10,2018,1,0.1,Debit Card
52615,1136,2024-08-28,2010,1,0.0,Net Banking
52616,1022,2024-06-11,2018,2,0.0,Cash on Delivery
52617,1006,2024-06-21,2001,2,0.1,Debit Card
52618,1204,2025-05-16,2019,5,0.15,Net Banking
52619,1239,2025-06-30,2016,5,0.15,Credit Card
52620,1185,2024-10-10,2007,3,0.1,Debit Card
52621,1360,2024-12-24,2015,1,0.0,Credit Card
52622,1292,2025-01-15,2001,5,0.0,Cash on Delivery
52623,1335,2025-06-16,2009,3,0.05,Cash on Delivery
52624,1220,2024-06-11,2002,2,0.15,Cash on Delivery
52625,1116,2025-08-31,2017,3,0.25,Credit Card
52626,1313,2024-11-02,2010,1,0.0,Credit Card
52627,1049,2024-12-04,2006,1,0.15,Net Banking
52628,1173,2024-02-24,2005,3,0.1,Debit Card
52629,1082,2024-11-28,2008,2,0.0,Net Banking
52630,1322,2024-05-06,2008,1,0.1,Credit Card
52631,1333,2025-12-05,2005,2,0.15,Debit Card
52632,1045,2024-08-30,2012,4,0.05,Cash on Delivery
52633,1335,2025-08-22,2007,2,0.2,Net Banking
52634,1020,2025-02-12,2013,2,0.0,Net Banking
52635,1448,2025-05-17,2013,1,0.0,Net Banking
52636,1221,2025-12-27,2017,1,0.0,Credit Card
52637,1123,2025-08-26,2004,5,0.15,Debit Card
52638,1234,2024-10-29,2018,2,0.05,Cash on Delivery
52639,1221,2025-04-08,2010,2,0.15,Credit Card
52640,1323,2024-08-22,2003,2,0.1,Cash on Delivery
52641,1339,2025-11-26,2012,4,0.1,UPI
52642,1003,2024-02-07,2001,2,0.15,UPI
52643,1182,2024-05-18,2011,3,0.05,Cash on Delivery
52644,1206,2024-07-13,2018,2,0.15,UPI
52645,1320,2025-06-10,2013,1,0.0,Debit Card
52646,1040,2025-10-08,2017,4,0.1,Debit Card
52647,1059,2024-01-01,2008,4,0.15,Credit Card
52648,1439,2025-07-14,2020,4,0.2,Cash on Delivery
52649,1062,2024-04-05,2019,4,0.0,Credit Card
52650,1132,2025-12-13,2017,3,0.1,Debit Card
52651,1060,2025-02-16,2002,3,0.05,Debit Card
52652,1372,2025-06-21,2003,3,0.05,Debit Card
52653,1331,2025-03-04,2003,2,0.0,Net Banking
52654,1122,2024-08-22,2006,1,0.0,UPI
52655,1479,2024-12-14,2010,2,0.15,Credit Card
52656,1107,2025-04-25,2018,5,0.15,Credit Card
52657,1096,2025-01-30,2018,1,0.05,Debit Card
52658,1347,2024-12-16,2014,4,0.15,Net Banking
52659,1414,2025-02-19,2016,1,0.0,Credit Card
52660,1235,2024-02-20,2007,1,0.1,Credit Card
52661,1386,2024-03-21,2001,1,0.15,Net Banking
52662,1062,2024-02-05,2017,1,0.15,Debit Card
52663,1256,2024-03-07,2005,1,0.05,Net Banking
52664,1049,2025-10-02,2001,1,0.15,UPI
52665,1393,2025-10-28,2017,3,0.05,Credit Card
52666,1348,2025-09-14,2010,1,0.15,UPI
52667,1159,2025-11-10,2012,1,0.1,Credit Card
52668,1124,2025-04-25,2020,1,0.15,UPI
52669,1482,2025-04-12,2002,3,0.0,Credit Card
52670,1317,2024-05-21,2016,2,0.1,Debit Card
52671,1207,2024-12-21,2015,2,0.1,Cash on Delivery
52672,1048,2025-12-09,2013,1,0.1,Net Banking
52673,1409,2025-04-15,2018,1,0.1,Credit Card
52674,1420,2025-09-12,2020,3,0.2,Net Banking
52675,1136,2025-08-13,2014,3,0.15,Credit Card
52676,1201,2025-11-03,2018,1,0.0,Cash on Delivery
52677,1250,2025-03-14,2002,2,0.15,Debit Card
52678,1314,2025-06-14,2002,1,0.0,Debit Card
52679,1357,2024-05-06,2003,1,0.1,Net Banking
52680,1368,2024-07-23,2005,3,0.2,Cash on Delivery
52681,1429,2024-01-29,2016,2,0.0,Net Banking
52682,1318,2025-03-20,2015,1,0.15,Debit Card
52683,1295,2025-12-19,2012,1,0.15,UPI
52684,1480,2025-04-08,2009,5,0.1,Net Banking
52685,1314,2024-10-06,2014,3,0.05,Credit Card
52686,1500,2024-05-30,2016,4,0.05,Debit Card
52687,1209,2024-08-27,2011,2,0.25,Credit Card
52688,1355,2024-09-22,2006,2,0.0,Cash on Delivery
52689,1485,2025-11-24,2010,1,0.1,Debit Card
52690,1211,2024-04-14,2008,1,0.0,Debit Card
52691,1192,2025-03-08,2016,2,0.0,Net Banking
52692,1044,2025-05-11,2003,2,0.15,Net Banking
52693,1029,2025-03-15,2002,1,0.05,Credit Card
52694,1059,2025-11-15,2016,3,0.25,Net Banking
52695,1071,2024-06-06,2019,1,0.1,UPI
52696,1092,2024-06-20,2009,1,0.1,Debit Card
52697,1265,2025-05-08,2016,1,0.0,Cash on Delivery
52698,1383,2024-11-06,2004,2,0.2,Debit Card
52699,1220,2025-02-06,2010,1,0.0,Credit Card
52700,1390,2025-10-30,2019,1,0.1,Net Banking
52701,1413,2025-11-06,2013,2,0.05,Debit Card
52702,1442,2025-10-20,2018,2,0.05,Net Banking
52703,1401,2025-10-27,2015,2,0.1,
52704,1400,2025-04-07,2004,1,0.1,Net Banking
52705,1215,2025-01-01,2009,2,0.0,Cash on Delivery
52706,1479,2025-07-03,2004,2,0.1,Credit Card
52707,1387,2025-10-04,2016,1,0.15,Debit Card
52708,1277,2024-09-11,2015,3,0.05,Debit Card
52709,1064,2024-07-26,2002,2,0.0,Cash on Delivery
52710,1346,2025-03-25,2014,1,0.05,UPI
52711,1292,2024-04-04,2003,4,0.0,Net Banking
52712,1490,2025-04-22,2004,3,0.0,Debit Card
52713,1485,2025-11-13,2001,5,0.05,Cash on Delivery
52714,1245,2024-07-08,2009,3,0.1,Net Banking
52715,1470,2025-12-11,2017,1,0.0,Credit Card
52716,1062,2025-04-28,2014,1,0.1,Cash on Delivery
52717,1426,2025-06-19,2017,2,0.25,Credit Card
52718,1332,2025-02-26,2001,5,0.25,Credit Card
52719,1170,2025-10-01,2010,2,0.15,Credit Card
52720,1445,2025-08-27,2016,4,0.05,Net Banking
52721,1269,2024-05-12,2019,1,0.0,UPI
52722,1267,2024-02-24,2003,2,0.15,Credit Card
52723,1054,2025-05-24,2012,4,0.0,Debit Card
52724,1016,2025-10-31,2003,3,0.0,Net Banking
52725,1008,2025-06-24,2015,5,0.1,Net Banking
52726,1104,2025-02-13,2017,3,0.0,Credit Card
52727,1059,2024-07-29,2018,2,0.15,Debit Card
52728,1313,2025-10-27,2007,2,0.15,Cash on Delivery
52729,1040,2024-10-19,2019,4,0.15,Net Banking
52730,1237,2024-04-24,2007,2,0.15,Credit Card
52731,1443,2025-10-31,2005,1,0.0,Credit Card
52732,1386,2024-09-15,2008,2,0.15,UPI
52733,1094,2024-05-01,2016,2,0.05,UPI
52734,1222,2024-10-25,2016,1,0.1,Cash on Delivery
52735,1204,2025-01-15,2019,3,0.0,Cash on Delivery
52736,1138,2025-07-14,2015,1,0.15,Cash on Delivery
52737,1300,2025-05-15,2007,2,0.25,Cash on Delivery
52738,1395,2024-10-23,2005,3,0.0,Credit Card
52739,1207,2024-12-27,2011,2,0.0,Credit Card
52740,1336,2025-08-11,2010,3,0.0,Credit Card
52741,1081,2025-04-07,2009,1,0.05,Debit Card
52742,1218,2025-03-13,2001,4,0.05,Cash on Delivery
52743,1002,2024-05-06,2020,1,0.15,Debit Card
52744,1178,2024-07-15,2001,1,0.1,Net Banking
52745,1396,2024-08-08,2008,4,0.1,Net Banking
52746,1371,2024-03-31,2003,3,0.15,Credit Card
52747,1346,2025-02-14,2002,1,0.05,Net Banking
52748,1279,2024-01-08,2004,5,0.05,
52749,1146,2025-06-27,2019,2,0.15,Cash on Delivery
52750,1318,2025-04-12,2011,4,0.15,Debit Card
52751,1224,2024-11-15,2005,2,0.0,Credit Card
52752,1369,2025-01-28,2010,2,0.0,UPI
52753,1384,2024-09-25,2008,2,0.0,UPI
52754,1062,2024-07-09,2013,1,0.05,Cash on Delivery
52755,1294,2025-11-05,2005,2,0.05,Debit Card
52756,1239,2024-03-01,2012,2,0.1,Credit Card
52757,1195,2025-03-13,2013,1,0.15,Cash on Delivery
52758,1166,2024-09-20,2008,1,0.0,Debit Card
52759,1451,2024-04-04,2015,1,0.1,UPI
52760,1222,2025-07-06,2013,4,0.05,Credit Card
52761,1061,2025-04-14,2001,2,0.1,Debit Card
52762,1129,2025-10-22,2006,3,0.1,Net Banking
52763,1478,2025-12-16,2011,4,0.2,Credit Card
52764,1173,2025-05-28,2013,2,0.0,Net Banking
52765,1480,2025-11-20,2020,5,0.0,Cash on Delivery
52766,1156,2024-07-12,2001,1,0.1,Debit Card
52767,1405,2025-04-26,2011,1,0.05,Debit Card
52768,1378,2024-12-01,2011,2,0.0,Debit Card
52769,1110,2025-03-10,2008,2,0.0,Debit Card
52770,1269,2024-07-14,2003,4,0.1,Credit Card
52771,1411,2024-09-05,2019,2,0.05,Net Banking
52772,1356,2025-05-12,2012,1,0.25,Net Banking
52773,1391,2024-07-30,2006,3,0.05,Cash on Delivery
52774,1278,2025-10-26,2008,2,0.0,Cash on Delivery
52775,1074,2025-10-31,2005,1,0.1,Debit Card
52776,1487,2025-04-10,2010,2,0.0,UPI
52777,1437,2025-10-12,2016,4,0.1,UPI
52778,1463,2024-08-08,2012,3,0.1,Debit Card
52779,1207,2024-09-29,2017,2,0.1,Net Banking
52780,1388,2024-06-02,2006,1,0.15,Cash on Delivery
52781,1480,2024-09-05,2009,1,0.0,Credit Card
52782,1279,2024-10-05,2010,2,0.2,UPI
52783,1375,2025-03-15,2020,3,0.15,Cash on Delivery
52784,1326,2024-10-02,2014,1,0.05,UPI
52785,1472,2025-05-28,2014,1,0.0,Net Banking
52786,1340,2024-03-28,2017,4,0.05,Net Banking
52787,1357,2025-10-03,2016,3,0.05,Debit Card
52788,1340,2025-05-19,2004,2,0.1,Debit Card
52789,1204,2025-08-12,2002,1,0.0,UPI
52790,1161,2024-08-28,2016,1,0.2,UPI
52791,1028,2025-10-14,2001,1,0.0,Cash on Delivery
52792,1392,2025-11-05,2003,2,0.05,Debit Card
52793,1257,2024-08-23,2011,1,0.0,Net Banking
52794,1165,2024-05-07,2016,3,0.05,Cash on Delivery
52795,1063,2025-05-17,2018,5,0.15,Cash on Delivery
52796,1022,2024-07-18,2015,1,0.1,Credit Card
52797,1070,2025-06-26,2009,2,0.0,Net Banking
52798,1381,2025-05-16,2012,3,0.15,Cash on Delivery
52799,1405,2025-10-11,2018,4,0.15,Credit Card
52800,1096,2025-05-06,2005,4,0.15,Debit Card
52801,1163,2024-01-21,2008,1,0.15,Net Banking
52802,1079,2024-08-21,2003,1,0.1,Debit Card
52803,1005,2025-12-14,2002,3,0.1,Credit Card
52804,1316,2025-10-04,2019,3,0.05,Net Banking
52805,1120,2025-02-19,2008,1,0.0,UPI
52806,1302,2024-05-27,2002,2,0.1,UPI
52807,1178,2024-01-29,2019,3,0.2,UPI
52808,1176,2024-12-26,2001,1,0.1,Cash on Delivery
52809,1390,2024-11-03,2013,4,0.2,UPI
52810,1217,2024-06-10,2020,1,0.05,Cash on Delivery
52811,1056,2024-03-01,2017,3,0.1,Cash on Delivery
52812,1366,2024-05-04,2003,2,0.1,Credit Card
52813,1187,2025-03-31,2009,1,0.1,UPI
52814,1232,2024-03-11,2005,3,0.1,Net Banking
52815,1255,2025-04-10,2006,3,0.0,Cash on Delivery
52816,1413,2024-08-30,2004,4,0.0,Credit Card
52817,1455,2025-05-04,2017,1,0.25,Cash on Delivery
52818,1104,2024-08-08,2016,3,0.0,Net Banking
52819,1077,2025-04-17,2016,2,0.1,Net Banking
52820,1230,2025-06-16,2011,2,0.05,UPI
52821,1402,2025-05-08,2002,4,0.05,Cash on Delivery
52822,1258,2024-03-22,2017,1,0.15,Net Banking
52823,1264,2025-06-05,2015,1,0.15,Debit Card
52824,1331,2024-01-12,2018,2,0.2,Net Banking
52825,1481,2024-09-19,2010,1,0.05,Net Banking
52826,1182,2025-10-18,2006,4,0.1,Cash on Delivery
52827,1381,2025-03-24,2016,2,0.2,Net Banking
52828,1256,2024-07-10,2005,2,0.25,Credit Card
52829,1038,2024-04-23,2012,3,0.25,Net Banking
52830,1176,2024-01-26,2006,2,0.15,Debit Card
52831,1027,2025-05-13,2014,2,0.0,Net Banking
52832,1276,2025-05-22,2016,1,0.0,UPI
52833,1140,2025-06-28,2007,1,0.15,Cash on Delivery
52834,1299,2024-03-02,2002,1,0.15,Debit Card
52835,1445,2024-08-16,2006,3,0.15,Credit Card
52836,1287,2025-08-29,2009,2,0.05,Net Banking
52837,1091,2024-02-04,2007,1,0.1,Net Banking
52838,1480,2025-12-05,2002,2,0.05,Credit Card
52839,1061,2025-03-31,2019,1,0.1,Net Banking
52840,1458,2025-08-10,2008,4,0.05,UPI
52841,1451,2025-05-16,2011,1,0.2,Debit Card
52842,1365,2025-08-17,2004,4,0.0,Net Banking
52843,1347,2024-01-25,2016,2,0.1,Credit Card
52844,1163,2025-07-22,2018,2,0.05,Credit Card
52845,1351,2024-02-01,2013,1,0.1,Debit Card
52846,1143,2024-01-12,2005,5,0.1,UPI
52847,1400,2024-11-14,2002,1,0.2,Debit Card
52848,1253,2025-08-26,2011,2,0.0,Net Banking
52849,1269,2024-01-01,2001,5,0.0,UPI
52850,1369,2025-03-10,2013,4,0.15,UPI
52851,1291,2024-05-15,2005,2,0.05,Credit Card
52852,1500,2024-07-14,2018,5,0.0,UPI
52853,1459,2024-05-12,2014,3,0.1,Net Banking
52854,1187,2024-03-26,2013,1,0.1,Net Banking
52855,1405,2025-04-20,2007,2,0.0,Net Banking
52856,1499,2024-11-19,2008,1,0.05,Cash on Delivery
52857,1438,2024-06-28,2018,1,0.15,UPI
52858,1459,2025-05-30,2007,3,0.1,UPI
52859,1414,2025-09-29,2020,2,0.0,Net Banking
52860,1304,2024-06-23,2017,1,0.05,Credit Card
52861,1291,2024-01-21,2016,4,0.1,UPI
52862,1086,2024-04-14,2011,1,0.0,Cash on Delivery
52863,1166,2025-07-31,2019,5,0.15,UPI
52864,1415,2025-03-18,2001,4,0.1,Debit Card
52865,1462,2024-02-18,2008,4,0.1,Cash on Delivery
52866,1408,2025-06-11,2001,3,0.2,Credit Card
52867,1114,2024-05-24,2009,1,0.05,Cash on Delivery
52868,1433,2024-12-05,2019,2,0.0,Cash on Delivery
52869,1480,2024-12-19,2009,1,0.1,UPI
52870,1356,2024-03-15,2010,1,0.1,Cash on Delivery
52871,1416,2025-07-31,2011,2,0.05,Net Banking
52872,1183,2025-09-28,2001,1,0.05,Cash on Delivery
52873,1207,2024-11-14,2020,5,0.05,UPI
52874,1256,2024-03-27,2008,4,0.05,Net Banking
52875,1235,2025-07-06,2020,2,0.15,Credit Card
52876,1442,2025-11-28,2012,2,0.1,Debit Card
52877,1355,2024-02-11,2001,2,0.05,Cash on Delivery
52878,1003,2024-04-02,2010,4,0.05,Net Banking
52879,1208,2025-11-27,2004,3,0.05,Net Banking
52880,1197,2025-12-27,2015,1,0.05,Credit Card
52881,1341,2025-05-21,2019,2,0.0,Credit Card
52882,1125,2025-06-12,2006,2,0.05,Debit Card
52883,1138,2024-09-21,2005,4,0.05,Debit Card
52884,1339,2025-09-17,2005,1,0.1,UPI
52885,1025,2024-10-18,2018,1,0.15,Debit Card
52886,1068,2025-04-08,2003,4,0.05,Debit Card
52887,1061,2025-07-13,2002,4,0.2,Net Banking
52888,1029,2024-04-06,2004,4,0.15,Cash on Delivery
52889,1383,2024-04-04,2018,2,0.25,Cash on Delivery
52890,1019,2024-11-21,2009,2,0.15,Debit Card
52891,1171,2024-03-14,2019,2,0.1,UPI
52892,1450,2024-12-01,2010,1,0.1,UPI
52893,1074,2024-03-08,2015,2,0.0,Cash on Delivery
52894,1061,2024-03-17,2001,1,0.15,Credit Card
52895,1427,2024-07-26,2011,1,0.1,Net Banking
52896,1153,2024-08-08,2014,4,0.1,Debit Card
52897,1276,2024-09-18,2010,1,0.1,Net Banking
52898,1048,2025-02-13,2019,4,0.05,Debit Card
52899,1211,2024-11-26,2016,1,0.1,Debit Card
52900,1343,2024-12-09,2008,1,0.05,Cash on Delivery
52901,1408,2024-03-14,2002,2,0.15,Net Banking
52902,1139,2025-09-28,2007,3,0.15,Net Banking
52903,1110,2025-11-30,2019,2,0.15,Credit Card
52904,1482,2024-09-10,2007,4,0.15,Credit Card
52905,1183,2024-11-27,2015,1,0.0,Net Banking
52906,1028,2025-02-01,2008,4,0.2,Credit Card
52907,1197,2024-12-10,2014,1,0.05,Credit Card
52908,1191,2025-08-06,2001,4,0.2,Debit Card
52909,1315,2025-10-29,2013,2,0.0,Cash on Delivery
52910,1389,2025-03-30,2003,3,0.05,Debit Card
52911,1051,2024-04-24,2006,2,0.15,Credit Card
52912,1149,2024-11-08,2019,1,0.1,Debit Card
52913,1268,2024-08-15,2015,4,0.05,Debit Card
52914,1050,2024-09-01,2004,1,0.1,UPI
52915,1388,2025-06-09,2003,1,0.1,Debit Card
52916,1246,2025-06-11,2004,3,0.05,Debit Card
52917,1113,2025-03-02,2005,1,0.1,Cash on Delivery
52918,1170,2024-02-11,2018,1,0.0,Net Banking
52919,1468,2025-04-09,2010,2,0.1,UPI
52920,1166,2025-09-13,2008,3,0.0,UPI
52921,1409,2024-10-04,2012,1,0.1,UPI
52922,1014,2024-01-19,2003,2,0.05,UPI
52923,1203,2024-03-06,2018,3,0.05,Cash on Delivery
52924,1288,2024-06-15,2008,4,0.1,Net Banking
52925,1395,2025-08-07,2001,4,0.1,Cash on Delivery
52926,1189,2025-02-06,2014,3,0.25,UPI
52927,1402,2025-02-12,2013,2,0.15,Net Banking
52928,1155,2024-04-21,2012,2,0.15,Cash on Delivery
52929,1055,2024-09-30,2003,1,0.1,Net Banking
52930,1182,2025-02-10,2018,3,0.05,Cash on Delivery
52931,1210,2025-01-07,2013,5,0.0,Net Banking
52932,1376,2025-08-19,2015,3,0.05,Cash on Delivery
52933,1471,2025-10-12,2010,1,0.15,UPI
52934,1075,2024-02-08,2001,2,0.05,UPI
52935,1277,2024-04-14,2006,2,0.1,UPI
52936,1428,2024-11-19,2009,3,0.05,Cash on Delivery
52937,1133,2025-02-17,2010,3,0.05,Net Banking
52938,1343,2025-03-04,2015,2,0.0,Net Banking
52939,1425,2025-09-26,2009,1,0.1,Credit Card
52940,1059,2025-12-30,2014,4,0.05,Debit Card
52941,1345,2024-03-01,2011,3,0.1,UPI
52942,1489,2025-09-03,2007,1,0.1,UPI
52943,1182,2024-11-02,2002,1,0.15,UPI
52944,1458,2024-12-19,2014,4,0.15,Credit Card
52945,1406,2025-01-27,2006,4,0.15,Credit Card
52946,1339,2024-07-22,2005,2,0.1,Credit Card
52947,1321,2024-09-14,2005,1,0.05,UPI
52948,1064,2025-04-30,2019,1,0.2,Net Banking
52949,1327,2025-05-31,2019,1,0.0,UPI
52950,1260,2025-03-21,2006,2,0.0,Credit Card
52951,1193,2025-12-09,2010,2,0.05,Credit Card
52952,1143,2024-06-28,2014,2,0.1,Debit Card
52953,1104,2024-12-07,2017,3,0.0,Cash on Delivery
52954,1460,2024-05-12,2003,1,0.15,Debit Card
52955,1406,2025-03-18,2001,1,0.1,Debit Card
52956,1214,2024-09-09,2010,1,0.1,UPI
52957,1242,2024-09-21,2003,1,0.05,Cash on Delivery
52958,1431,2024-04-02,2005,1,0.1,Cash on Delivery
52959,1209,2025-10-23,2019,2,0.0,UPI
52960,1093,2025-02-14,2010,3,0.0,Net Banking
52961,1430,2024-05-17,2016,3,0.05,UPI
52962,1142,2024-07-26,2001,3,0.15,Net Banking
52963,1434,2025-09-28,2006,2,0.1,Net Banking
52964,1404,2025-07-26,2009,3,0.1,Cash on Delivery
52965,1434,2024-11-02,2005,1,0.1,UPI
52966,1112,2024-09-22,2014,5,0.1,UPI
52967,1417,2025-10-07,2010,1,0.05,Cash on Delivery
52968,1375,2024-11-13,2002,1,0.0,Debit Card
52969,1059,2024-04-22,2005,1,0.2,UPI
52970,1043,2025-01-12,2001,5,0.1,Credit Card
52971,1207,2025-03-29,2010,5,0.1,Credit Card
52972,1268,2024-07-09,2009,3,0.1,UPI
52973,1296,2025-03-15,2003,2,0.15,Net Banking
52974,1118,2024-07-05,2015,2,0.1,Cash on Delivery
52975,1020,2025-01-01,2004,5,0.0,Net Banking
52976,1222,2024-03-29,2013,3,0.2,Credit Card
52977,1166,2024-07-05,2006,4,0.05,Credit Card
52978,1131,2024-05-11,2020,1,0.0,Cash on Delivery
52979,1156,2025-09-26,2017,1,0.0,Credit Card
52980,1184,2025-07-13,2005,3,0.15,Debit Card
52981,1090,2025-01-10,2015,1,0.15,Credit Card
52982,1094,2025-11-21,2008,4,0.15,Net Banking
52983,1013,2025-11-22,2005,2,0.2,Net Banking
52984,1461,2024-04-08,2013,4,0.05,Debit Card
52985,1322,2024-02-03,2001,1,0.1,Net Banking
52986,1293,2025-08-04,2001,3,0.1,Net Banking
52987,1433,2024-06-19,2007,2,0.25,Net Banking
52988,1230,2024-12-31,2005,2,0.05,UPI
52989,1322,2024-02-28,2014,2,0.2,Debit Card
52990,1292,2024-06-29,2015,5,0.0,Debit Card
52991,1438,2024-01-19,2017,3,0.15,Credit Card
52992,1026,2024-08-13,2018,1,0.1,Debit Card
52993,1075,2025-04-17,2007,4,0.15,Cash on Delivery
52994,1456,2024-04-04,2018,1,0.0,Debit Card
52995,1364,2024-10-23,2019,1,0.0,Cash on Delivery
52996,1424,2025-08-15,2020,1,0.0,Net Banking
52997,1299,2024-06-23,2007,4,0.1,Cash on Delivery
52998,1150,2024-08-09,2008,1,0.1,UPI
52999,1148,2025-09-06,2013,1,0.2,Net Banking
53000,1008,2024-02-23,2018,4,0.1,Cash on Delivery
53001,1029,2025-11-25,2011,3,0.0,Net Banking
53002,1296,2025-02-06,2009,1,0.0,UPI
53003,1474,2024-11-13,2001,3,0.0,Net Banking
53004,1414,2024-12-14,2008,4,0.15,Net Banking
53005,1209,2025-03-18,2012,1,0.15,Debit Card
53006,1128,2025-08-02,2002,3,0.25,Credit Card
53007,1340,2025-06-23,2015,2,0.05,Cash on Delivery
53008,1116,2024-10-08,2018,2,0.0,Credit Card
53009,1439,2024-12-25,2017,2,,UPI
53010,1144,2025-09-22,2015,3,0.1,UPI
53011,1430,2025-10-07,2020,1,0.25,Net Banking
53012,1318,2025-10-02,2020,3,0.0,Credit Card
53013,1235,2024-01-08,2009,1,0.0,Cash on Delivery
53014,1007,2025-07-16,2003,2,0.15,Cash on Delivery
53015,1464,2025-05-05,2020,1,0.1,Net Banking
53016,1045,2024-12-06,2019,3,0.05,Cash on Delivery
53017,1443,2025-04-16,2018,1,0.15,Debit Card
53018,1239,2025-11-17,2020,2,0.0,Credit Card
53019,1440,2025-11-25,2008,2,0.2,UPI
53020,1432,2025-12-04,2001,3,0.0,Cash on Delivery
53021,1155,2024-09-05,2015,2,0.0,Cash on Delivery
53022,1181,2024-08-22,2019,3,0.05,Cash on Delivery
53023,1215,2024-03-23,2010,1,,Net Banking
53024,1088,2024-04-02,2012,1,0.1,UPI
53025,1256,2025-01-28,2006,2,0.1,Credit Card
53026,1073,2024-09-24,2013,4,0.1,Cash on Delivery
53027,1419,2025-02-20,2004,1,0.1,Debit Card
53028,1179,2025-09-23,2013,1,0.05,Net Banking
53029,1212,2025-08-05,2017,1,0.0,Credit Card
53030,1293,2025-06-12,2001,2,0.25,Cash on Delivery
53031,1234,2024-09-09,2005,2,0.15,Credit Card
53032,1465,2024-05-01,2017,3,0.0,Net Banking
53033,1239,2024-01-10,2018,1,0.05,Debit Card
53034,1223,2024-11-11,2007,1,0.1,Cash on Delivery
53035,1119,2024-09-29,2016,1,0.0,Debit Card
53036,1313,2024-11-01,2008,2,0.1,Net Banking
53037,1264,2024-07-28,2012,3,0.1,Debit Card
53038,1207,2025-12-30,2014,1,0.0,Net Banking
53039,1095,2025-04-08,2019,4,0.0,Debit Card
53040,1373,2025-12-12,2011,1,0.15,Credit Card
53041,1222,2025-12-28,2012,3,0.05,Credit Card
53042,1366,2025-12-17,2013,2,0.0,Net Banking
53043,1276,2025-02-19,2008,1,0.15,Credit Card
53044,1380,2024-08-03,2001,3,0.15,Debit Card
53045,1231,2024-03-20,2009,3,0.05,Debit Card
53046,1309,2025-04-24,2002,2,0.15,Cash on Delivery
53047,1119,2025-06-30,2014,2,0.1,Net Banking
53048,1268,2024-01-18,2013,1,0.05,Credit Card
53049,1433,2024-06-13,2016,3,0.05,Net Banking
53050,1273,2025-06-08,2002,1,0.15,Credit Card
53051,1064,2024-07-20,2004,3,0.0,Cash on Delivery
53052,1298,2024-12-11,2012,1,0.1,Debit Card
53053,1350,2024-12-31,2016,1,0.1,Debit Card
53054,1413,2025-03-23,2010,1,0.1,UPI
53055,1403,2025-05-27,2003,1,0.1,Net Banking
53056,1494,2024-11-14,2004,2,0.1,Credit Card
53057,1011,2024-08-04,2006,1,0.0,UPI
53058,1098,2024-02-03,2005,3,0.05,Net Banking
53059,1434,2024-09-22,2018,1,0.1,Credit Card
53060,1071,2025-10-01,2003,3,0.15,Cash on Delivery
53061,1364,2025-12-24,2010,2,0.1,Net Banking
53062,1058,2024-03-20,2011,5,0.05,Credit Card
53063,1290,2025-11-07,2019,5,0.25,Debit Card
53064,1251,2025-02-16,2014,4,0.0,Net Banking
53065,1276,2024-09-08,2011,3,0.0,Credit Card
53066,1050,2024-01-12,2004,2,0.05,Debit Card
53067,1358,2025-02-04,2006,3,0.0,Debit Card
53068,1216,2025-12-24,2017,4,0.1,UPI
53069,1394,2024-10-08,2019,1,0.0,Credit Card
53070,1416,2024-04-21,2013,2,0.0,UPI
53071,1052,2025-12-23,2010,1,0.05,UPI
53072,1271,2025-01-12,2011,2,0.1,Cash on Delivery
53073,1485,2024-09-24,2006,2,0.15,UPI
53074,1084,2024-10-24,2002,2,0.15,UPI
53075,1387,2024-11-12,2001,2,0.0,Cash on Delivery
53076,1293,2025-07-23,2011,5,0.1,Cash on Delivery
53077,1126,2025-05-23,2016,2,0.0,Net Banking
53078,1296,2025-06-29,2003,3,0.05,UPI
53079,1072,2024-12-30,2005,1,0.15,Debit Card
53080,1296,2025-06-30,2015,2,0.1,Cash on Delivery
53081,1236,2024-09-27,2015,2,0.0,Credit Card
53082,1056,2025-04-18,2004,1,0.05,Net Banking
53083,1407,2025-06-20,2004,1,0.0,Net Banking
53084,1360,2024-08-21,2008,2,0.05,UPI
53085,1395,2024-02-28,2007,2,0.1,Debit Card
53086,1110,2024-09-07,2017,2,0.05,Cash on Delivery
53087,1192,2024-03-26,2015,1,0.2,Credit Card
53088,1392,2025-01-24,2005,1,0.1,UPI
53089,1093,2024-06-28,2013,2,0.15,Debit Card
53090,1350,2025-12-19,2004,1,0.15,UPI
53091,1056,2024-05-28,2017,1,0.1,UPI
53092,1060,2025-08-05,2017,1,0.1,Net Banking
53093,1138,2024-04-30,2014,1,0.0,Credit Card
53094,1039,2025-08-27,2014,1,0.1,Credit Card
53095,1028,2024-09-12,2017,1,0.05,Credit Card
53096,1049,2024-11-04,2008,1,0.0,Credit Card
53097,1420,2024-02-28,2002,2,0.05,Cash on Delivery
53098,1125,2024-03-09,2013,1,0.15,Cash on Delivery
53099,1013,2025-03-21,2016,2,0.25,Credit Card
53100,1480,2025-01-22,2016,4,0.05,Debit Card
53101,1036,2024-03-26,2006,3,0.1,Cash on Delivery
53102,1101,2024-08-14,2004,1,0.15,Cash on Delivery
53103,1282,2025-08-15,2003,4,0.05,Debit Card
53104,1086,2025-09-17,2006,1,0.0,Credit Card
53105,1004,2024-07-02,2004,1,0.05,UPI
53106,1223,2024-11-17,2018,5,0.2,Cash on Delivery
53107,1338,2024-11-13,2006,4,0.0,UPI
53108,1448,2025-07-19,2005,2,0.05,UPI
53109,1166,2025-02-02,2009,2,0.1,Debit Card
53110,1383,2025-12-09,2011,2,0.15,Credit Card
53111,1344,2024-10-19,2006,1,0.2,UPI
53112,1383,2024-10-19,2016,1,0.05,Credit Card
53113,1376,2025-04-29,2019,2,0.2,Net Banking
53114,1471,2025-03-22,2011,4,0.0,Credit Card
53115,1278,2025-11-22,2015,1,0.0,Debit Card
53116,1130,2025-02-15,2009,3,0.2,Debit Card
53117,1031,2025-05-22,2019,1,0.1,Net Banking
53118,1375,2024-08-31,2019,2,0.0,Debit Card
53119,1011,2025-02-23,2009,2,0.1,Credit Card
53120,1476,2024-06-02,2004,3,0.15,Credit Card
53121,1302,2025-02-27,2010,1,0.15,Credit Card
53122,1096,2024-09-29,2009,2,0.15,Debit Card
53123,1190,2025-10-08,2019,2,0.1,Credit Card
53124,1453,2025-06-03,2015,1,0.15,Cash on Delivery
53125,1192,2024-05-07,2019,1,0.1,Net Banking
53126,1486,2025-01-07,2002,2,0.1,Cash on Delivery
53127,1266,2025-07-21,2010,2,0.15,Credit Card
53128,1424,2025-09-29,2019,1,0.05,Debit Card
53129,1128,2024-06-07,2017,2,0.0,Net Banking
53130,1238,2025-07-24,2020,4,0.05,Cash on Delivery
53131,1408,2025-07-23,2002,1,0.1,Credit Card
53132,1355,2025-10-13,2019,2,0.0,Debit Card
53133,1428,2024-06-24,2017,1,0.0,Credit Card
53134,1112,2025-09-11,2018,1,0.05,Cash on Delivery
53135,1316,2024-07-29,2017,1,0.0,Cash on Delivery
53136,1446,2025-03-22,2002,2,0.15,Net Banking
53137,1343,2025-08-08,2019,3,0.05,Debit Card
53138,1145,2024-06-15,2001,1,0.0,UPI
53139,1065,2025-04-04,2011,2,0.1,Credit Card
53140,1247,2024-12-22,2010,2,0.15,Debit Card
53141,1223,2024-10-30,2005,1,0.0,UPI
53142,1479,2024-08-20,2016,2,0.0,Debit Card
53143,1490,2024-11-22,2005,3,0.2,Credit Card
53144,1313,2024-06-30,2012,3,0.05,Credit Card
53145,1439,2025-09-25,2004,3,0.2,Net Banking
53146,1106,2024-11-29,2006,1,0.05,Cash on Delivery
53147,1181,2025-12-15,2019,3,0.0,Cash on Delivery
53148,1184,2024-01-29,2009,1,0.0,Cash on Delivery
53149,1226,2025-12-14,2012,3,0.0,Net Banking
53150,1265,2024-04-02,2015,4,0.2,Cash on Delivery
53151,1278,2025-11-18,2016,1,0.25,Debit Card
53152,1397,2024-11-25,2013,2,0.2,Cash on Delivery
53153,1089,2025-12-23,2007,2,0.15,Cash on Delivery
53154,1176,2024-07-02,2020,3,0.15,Credit Card
53155,1018,2024-04-04,2004,1,0.1,Net Banking
53156,1371,2025-10-10,2011,5,0.15,Net Banking
53157,1460,2024-12-18,2008,2,0.0,Cash on Delivery
53158,1424,2024-09-21,2006,1,0.05,UPI
53159,1401,2025-10-08,2010,1,0.1,Credit Card
53160,1399,2025-10-17,2007,3,0.15,Cash on Delivery
53161,1106,2024-01-19,2007,1,0.1,UPI
53162,1271,2025-10-07,2004,1,0.15,Debit Card
53163,1463,2025-09-17,2003,2,0.1,Credit Card
53164,1319,2025-05-13,2007,2,0.15,Net Banking
53165,1167,2024-05-18,2004,3,0.25,UPI
53166,1013,2025-09-28,2013,2,0.0,Cash on Delivery
53167,1337,2025-12-16,2020,3,0.2,UPI
53168,1032,2025-07-26,2017,5,0.1,Net Banking
53169,1393,2025-06-08,2007,1,0.1,Debit Card
53170,1040,2024-09-11,2017,3,0.15,UPI
53171,1148,2024-03-25,2004,4,0.05,Cash on Delivery
53172,1218,2025-04-02,2011,3,0.05,UPI
53173,1219,2025-06-15,2003,3,0.1,Debit Card
53174,1469,2025-07-15,2011,1,0.0,UPI
53175,1082,2025-11-06,2003,2,0.1,Debit Card
53176,1333,2024-04-01,2012,2,0.05,Debit Card
53177,1208,2025-08-22,2001,3,0.2,Credit Card
53178,1201,2024-03-09,2004,5,0.0,Credit Card
53179,1447,2024-02-06,2014,1,0.1,Cash on Delivery
53180,1332,2024-05-19,2001,1,0.2,Cash on Delivery
53181,1428,2025-11-10,2014,1,0.2,Cash on Delivery
53182,1038,2025-07-19,2013,3,0.15,Debit Card
53183,1211,2024-06-26,2013,1,0.1,Debit Card
53184,1444,2025-09-09,2015,2,0.05,Credit Card
53185,1327,2024-05-16,2017,1,0.05,Debit Card
53186,1249,2024-07-08,2012,2,0.0,Credit Card
53187,1227,2025-10-01,2014,1,0.15,UPI
53188,1048,2024-12-07,2012,4,0.05,Cash on Delivery
53189,1018,2025-07-12,2018,2,0.1,Cash on Delivery
53190,1400,2024-01-05,2004,4,0.05,Net Banking
53191,1439,2024-09-13,2014,2,0.1,Credit Card
53192,1295,2025-10-23,2019,1,0.1,Net Banking
53193,1196,2024-08-30,2013,1,0.15,Cash on Delivery
53194,1187,2025-12-20,2018,5,0.0,Net Banking
53195,1345,2025-02-18,2011,3,0.05,UPI
53196,1224,2025-09-18,2006,1,0.0,Net Banking
53197,1318,2025-12-07,2009,3,0.0,UPI
53198,1488,2024-12-08,2012,2,0.1,Cash on Delivery
53199,1397,2025-11-12,2019,1,0.0,Debit Card
53200,1365,2025-01-13,2014,1,0.0,Credit Card
53201,1337,2025-08-16,2015,3,0.2,Net Banking
53202,1497,2025-10-27,2011,1,0.1,UPI
53203,1229,2025-10-14,2006,1,0.0,Cash on Delivery
53204,1390,2024-05-25,2014,1,0.0,Cash on Delivery
53205,1467,2024-11-18,2003,1,0.0,Debit Card
53206,1077,2024-05-01,2019,2,0.1,Cash on Delivery
53207,1188,2024-09-08,2020,1,0.1,Cash on Delivery
53208,1346,2024-11-06,2011,1,0.1,Debit Card
53209,1270,2025-08-23,2017,4,0.0,Cash on Delivery
53210,1095,2025-04-19,2017,1,0.1,UPI
53211,1310,2025-07-23,2003,1,0.05,Net Banking
53212,1132,2025-05-06,2014,2,0.1,Net Banking
53213,1039,2025-07-28,2007,2,0.15,UPI
53214,1072,2024-12-12,2019,3,0.05,Net Banking
53215,1281,2025-05-01,2003,1,0.0,Cash on Delivery
53216,1333,2025-04-17,2002,4,0.15,Net Banking
53217,1160,2025-01-16,2017,3,0.0,Net Banking
53218,1187,2024-10-06,2009,3,0.05,Cash on Delivery
53219,1486,2024-03-12,2006,1,0.15,Net Banking
53220,1191,2025-06-04,2009,1,0.1,Cash on Delivery
53221,1422,2024-12-31,2005,2,0.15,Debit Card
53222,1120,2024-04-03,2002,4,0.0,Debit Card
53223,1220,2025-01-07,2015,2,0.05,Net Banking
53224,1053,2024-12-04,2009,1,0.0,Debit Card
53225,1222,2025-03-12,2019,1,0.1,Net Banking
53226,1451,2024-12-01,2010,3,0.05,Debit Card
53227,1412,2025-10-25,2004,3,0.1,Net Banking
53228,1131,2025-05-06,2010,1,0.0,Credit Card
53229,1237,2024-02-09,2008,1,0.0,UPI
53230,1246,2024-12-24,2013,2,0.05,Debit Card
53231,1226,2025-07-27,2007,2,0.2,Cash on Delivery
53232,1208,2024-09-10,2007,3,0.2,UPI
53233,1406,2025-08-03,2004,3,0.25,Net Banking
53234,1096,2025-02-01,2015,2,0.05,UPI
53235,1422,2024-06-18,2012,1,0.0,Cash on Delivery
53236,1200,2025-11-20,2016,3,0.05,Cash on Delivery
53237,1247,2025-12-01,2006,5,0.1,Net Banking
53238,1072,2025-05-25,2009,4,0.0,Debit Card
53239,1318,2024-09-16,2003,4,0.05,Debit Card
53240,1185,2025-08-06,2008,1,0.0,Credit Card
53241,1006,2025-04-03,2007,3,0.1,Cash on Delivery
53242,1206,2025-06-12,2004,3,0.0,Credit Card
53243,1032,2024-12-06,2013,2,0.0,Cash on Delivery
53244,1099,2024-02-26,2019,1,0.05,Credit Card
53245,1394,2024-08-05,2007,4,0.05,Debit Card
53246,1387,2025-09-10,2010,2,0.1,Cash on Delivery
53247,1256,2025-11-15,2012,1,0.15,Debit Card
53248,1187,2025-12-31,2003,1,0.0,UPI
53249,1076,2025-04-08,2012,2,0.15,Debit Card
53250,1177,2024-09-03,2019,2,0.0,Cash on Delivery
53251,1315,2025-12-30,2015,1,0.05,UPI
53252,1287,2025-01-07,2008,3,0.1,Credit Card
53253,1349,2025-02-20,2012,3,0.2,Net Banking
53254,1255,2024-01-31,2020,3,0.1,Cash on Delivery
53255,1325,2025-01-02,2006,1,0.0,Net Banking
53256,1190,2025-07-12,2010,3,0.1,Net Banking
53257,1308,2025-10-07,2002,1,0.05,UPI
53258,1345,2024-04-17,2013,1,0.1,Credit Card
53259,1127,2025-08-06,2007,2,0.0,Debit Card
53260,1425,2025-02-21,2008,3,0.1,UPI
53261,1287,2025-09-11,2016,2,0.0,Credit Card
53262,1254,2025-02-01,2011,1,0.15,Debit Card
53263,1213,2024-09-28,2004,1,0.1,Debit Card
53264,1250,2025-11-13,2017,2,0.0,Credit Card
53265,1084,2024-04-25,2016,4,0.2,Debit Card
53266,1487,2025-08-08,2019,4,0.1,Cash on Delivery
53267,1383,2024-09-12,2011,1,0.05,Cash on Delivery
53268,1406,2024-03-21,2007,1,0.0,UPI
53269,1388,2024-05-07,2013,1,0.1,Debit Card
53270,1013,2024-08-22,2019,3,0.05,Debit Card
53271,1045,2025-07-06,2017,1,0.2,Credit Card
53272,1127,2024-06-29,2013,1,0.0,Cash on Delivery
53273,1426,2024-06-05,2012,2,0.0,Net Banking
53274,1114,2025-03-29,2007,1,0.2,UPI
53275,1433,2025-07-24,2001,1,0.25,Cash on Delivery
53276,1276,2025-12-04,2001,1,0.0,Credit Card
53277,1500,2024-01-24,2020,1,0.15,UPI
53278,1205,2025-04-17,2014,2,0.0,Net Banking
53279,1337,2025-02-03,2015,5,0.15,UPI
53280,1438,2025-08-14,2011,1,0.15,Cash on Delivery
53281,1420,2024-05-13,2009,1,0.0,Net Banking
53282,1481,2025-02-24,2017,4,0.0,Credit Card
53283,1385,2024-07-31,2004,4,0.0,UPI
53284,1399,2025-04-26,2020,2,0.0,Cash on Delivery
53285,1461,2024-12-13,2019,3,0.0,Credit Card
53286,1273,2024-06-14,2007,1,0.15,Net Banking
53287,1408,2024-12-13,2001,3,0.05,UPI
53288,1058,2025-02-01,2009,5,0.1,Debit Card
53289,1328,2025-08-05,2013,2,0.15,Cash on Delivery
53290,1498,2025-12-26,2002,2,0.1,Cash on Delivery
53291,1219,2025-03-10,2002,1,0.05,Debit Card
53292,1109,2025-07-30,2015,2,0.0,Credit Card
53293,1279,2024-08-08,2017,2,0.1,Cash on Delivery
53294,1174,2024-11-03,2013,2,0.0,Credit Card
53295,1328,2025-11-27,2007,1,0.15,Net Banking
53296,1264,2025-12-19,2009,2,0.05,Debit Card
53297,1315,2025-04-10,2012,2,0.1,Credit Card
53298,1474,2024-04-08,2003,1,0.1,Net Banking
53299,1111,2024-08-29,2015,1,0.1,UPI
53300,1187,2024-06-06,2007,1,0.05,Cash on Delivery
53301,1269,2025-09-01,2001,3,0.05,Debit Card
53302,1423,2025-07-07,2014,2,0.15,UPI
53303,1229,2025-10-12,2019,3,0.0,UPI
53304,1497,2024-08-14,2016,1,0.0,UPI
53305,1156,2025-02-26,2010,4,0.1,Credit Card
53306,1473,2024-03-12,2001,3,0.15,Cash on Delivery
53307,1189,2024-08-30,2005,2,0.05,Debit Card
53308,1272,2025-06-13,2003,1,0.1,Cash on Delivery
53309,1375,2025-08-11,2017,1,0.1,Cash on Delivery
53310,1002,2024-02-14,2018,4,0.0,Cash on Delivery
53311,1246,2025-04-16,2019,1,0.1,Net Banking
53312,1210,2025-01-05,2018,1,0.15,Net Banking
53313,1401,2025-10-13,2016,1,0.25,Net Banking
53314,1286,2025-11-19,2002,3,0.0,Net Banking
53315,1359,2024-04-01,2015,1,0.1,Cash on Delivery
53316,1013,2024-01-22,2013,1,0.05,Cash on Delivery
53317,1096,2024-06-20,2013,2,0.0,Debit Card
53318,1498,2025-08-26,2016,2,0.1,Debit Card
53319,1221,2024-07-10,2008,2,0.0,Debit Card
53320,1238,2024-03-17,2011,2,0.05,Debit Card
53321,1094,2024-10-07,2008,3,0.05,Debit Card
53322,1338,2024-12-29,2010,3,0.05,Net Banking
53323,1269,2024-06-27,2001,3,0.1,Cash on Delivery
53324,1171,2024-08-25,2012,1,0.05,Debit Card
53325,1469,2024-05-14,2009,3,0.1,Credit Card
53326,1094,2024-10-06,2005,1,0.0,Debit Card
53327,1149,2024-01-19,2009,1,0.1,Debit Card
53328,1112,2025-08-17,2016,4,0.15,Cash on Delivery
53329,1055,2025-01-05,2018,3,0.0,Net Banking
53330,1337,2024-04-21,2008,2,0.1,UPI
53331,1424,2025-11-06,2011,4,0.1,Cash on Delivery
53332,1467,2025-11-10,2020,5,0.1,Net Banking
53333,1116,2024-08-08,2019,2,0.05,Credit Card
53334,1143,2024-10-30,2004,2,0.1,UPI
53335,1201,2025-12-03,2020,3,0.0,Net Banking
53336,1180,2024-11-20,2010,1,0.05,Net Banking
53337,1202,2025-03-12,2013,1,0.1,Cash on Delivery
53338,1364,2025-03-13,2020,3,0.0,Net Banking
53339,1479,2024-06-18,2014,1,0.1,Debit Card
53340,1053,2025-01-09,2002,1,0.1,Net Banking
53341,1471,2025-07-10,2004,1,0.15,UPI
53342,1384,2025-01-15,2007,1,0.0,Net Banking
53343,1180,2024-01-14,2019,5,0.25,Credit Card
53344,1414,2025-10-30,2017,3,0.1,Debit Card
53345,1417,2025-05-14,2016,2,0.05,UPI
53346,1313,2025-10-07,2013,5,0.0,UPI
53347,1308,2025-01-25,2018,4,0.1,Cash on Delivery
53348,1137,2025-07-02,2012,2,0.2,Cash on Delivery
53349,1182,2025-07-18,2001,4,0.1,Debit Card
53350,1367,2025-06-13,2015,2,0.1,UPI
53351,1001,2025-05-06,2003,1,0.05,Credit Card
53352,1044,2025-07-03,2006,1,0.05,Net Banking
53353,1227,2025-11-29,2014,2,0.05,Net Banking
53354,1331,2025-01-19,2006,2,0.15,Net Banking
53355,1098,2024-07-14,2001,2,0.05,Cash on Delivery
53356,1208,2024-10-26,2020,3,0.0,UPI
53357,1265,2025-06-30,2006,1,0.05,UPI
53358,1288,2025-12-27,2008,1,0.15,Credit Card
53359,1271,2025-12-31,2015,2,0.15,Cash on Delivery
53360,1140,2025-08-24,2014,1,0.05,Credit Card
53361,1481,2024-11-03,2016,2,0.2,UPI
53362,1237,2024-09-08,2020,2,0.0,Net Banking
53363,1462,2024-01-08,2016,2,0.0,Cash on Delivery
53364,1441,2024-07-26,2019,1,0.0,Cash on Delivery
53365,1392,2024-05-10,2001,2,0.0,Cash on Delivery
53366,1072,2025-12-09,2004,3,0.0,Net Banking
53367,1155,2025-10-15,2010,5,0.1,Cash on Delivery
53368,1190,2025-08-30,2020,3,0.1,Debit Card
53369,1268,2024-01-26,2018,2,0.1,Cash on Delivery
53370,1321,2025-09-14,2002,1,0.1,Net Banking
53371,1107,2025-03-29,2004,3,0.15,Cash on Delivery
53372,1232,2025-09-26,2015,4,0.0,Debit Card
53373,1042,2024-07-04,2004,1,0.1,Debit Card
53374,1190,2025-04-28,2016,1,0.1,Cash on Delivery
53375,1371,2025-11-10,2015,1,0.2,UPI
53376,1139,2024-02-20,2018,3,0.0,UPI
53377,1103,2024-01-05,2007,2,0.0,Credit Card
53378,1171,2025-08-11,2015,1,0.1,Debit Card
53379,1351,2024-06-08,2011,4,0.15,UPI
53380,1273,2024-07-26,2019,2,0.05,Credit Card
53381,1481,2024-09-13,2008,1,0.1,UPI
53382,1416,2024-07-23,2001,1,0.0,Cash on Delivery
53383,1221,2024-01-11,2003,1,0.25,Debit Card
53384,1213,2024-01-08,2005,2,0.0,UPI
53385,1341,2025-02-12,2018,1,0.0,Cash on Delivery
53386,1424,2024-02-01,2012,2,0.0,Credit Card
53387,1407,2025-06-23,2012,3,0.05,Cash on Delivery
53388,1056,2025-12-18,2019,2,0.0,Credit Card
53389,1390,2025-01-21,2009,1,0.15,UPI
53390,1342,2024-08-15,2011,2,0.2,Net Banking
53391,1434,2025-10-01,2017,3,0.05,Cash on Delivery
53392,1102,2025-04-19,2016,1,0.1,Net Banking
53393,1421,2025-12-24,2004,1,0.0,Debit Card
53394,1493,2024-07-25,2010,2,0.05,Net Banking
53395,1192,2024-11-13,2015,2,0.05,Debit Card
53396,1499,2025-07-10,2019,1,0.0,UPI
53397,1310,2025-09-08,2003,3,0.1,UPI
53398,1200,2024-12-13,2005,2,0.0,Cash on Delivery
53399,1233,2024-08-21,2011,4,0.15,Net Banking
53400,1433,2025-12-01,2005,1,0.1,Debit Card
53401,1227,2024-02-13,2007,3,0.15,Debit Card
53402,1371,2024-05-21,2006,1,0.2,Net Banking
53403,1139,2025-10-09,2013,2,0.2,UPI
53404,1344,2024-06-24,2002,2,0.1,UPI
53405,1305,2025-10-15,2019,2,0.1,Debit Card
53406,1149,2025-03-24,2011,3,0.05,Cash on Delivery
53407,1115,2025-08-14,2020,1,0.15,UPI
53408,1450,2024-03-22,2005,2,0.1,Credit Card
53409,1063,2024-05-14,2009,1,0.2,Debit Card
53410,1104,2025-12-19,2006,3,0.0,Net Banking
53411,1339,2024-06-25,2017,1,0.05,Net Banking
53412,1359,2025-01-17,2019,3,0.05,Debit Card
53413,1156,2024-08-30,2008,3,0.15,Debit Card
53414,1273,2025-07-20,2007,3,0.0,UPI
53415,1006,2024-05-20,2005,1,0.1,Debit Card
53416,1147,2025-04-01,2015,2,0.05,Debit Card
53417,1184,2025-03-15,2010,1,0.0,Credit Card
53418,1486,2024-02-25,2016,3,0.05,Net Banking
53419,1028,2025-06-10,2009,3,0.1,UPI
53420,1450,2025-11-27,2007,2,0.0,Cash on Delivery
53421,1038,2025-02-22,2011,3,0.1,UPI
53422,1119,2024-03-28,2009,1,0.2,Net Banking
53423,1293,2025-08-31,2017,2,0.25,Cash on Delivery
53424,1371,2025-10-17,2009,1,0.1,Debit Card
53425,1244,2024-01-08,2003,5,0.1,Credit Card
53426,1068,2025-04-21,2008,3,0.05,Credit Card
53427,1214,2024-08-02,2019,3,0.25,Net Banking
53428,1218,2025-11-15,2020,4,0.05,Net Banking
53429,1177,2025-07-05,2016,1,0.1,Credit Card
53430,1299,2025-05-11,2007,4,0.0,Cash on Delivery
53431,1164,2025-11-24,2007,1,0.05,Cash on Delivery
53432,1058,2025-05-17,2020,3,0.0,UPI
53433,1269,2025-11-29,2013,3,0.15,Debit Card
53434,1308,2024-09-01,2003,1,0.1,Cash on Delivery
53435,1058,2025-04-22,2012,1,0.1,Debit Card
53436,1288,2024-11-04,2008,1,0.05,Net Banking
53437,1465,2024-08-18,2013,5,0.15,Cash on Delivery
53438,1105,2025-01-17,2020,1,0.0,Cash on Delivery
53439,1228,2024-06-03,2016,2,0.05,Cash on Delivery
53440,1247,2024-06-23,2007,3,0.1,UPI
53441,1188,2024-04-24,2004,1,0.2,Net Banking
53442,1494,2025-01-24,2012,2,0.0,Credit Card
53443,1083,2024-11-06,2017,2,0.1,UPI
53444,1186,2024-10-26,2001,1,0.1,UPI
53445,1252,2024-01-18,2017,3,0.15,Cash on Delivery
53446,1355,2024-01-12,2002,1,0.0,UPI
53447,1238,2025-02-07,2006,1,0.05,Credit Card
53448,1360,2025-12-04,2012,2,0.0,UPI
53449,1184,2024-08-19,2011,2,0.0,UPI
53450,1284,2025-08-27,2011,4,0.0,Cash on Delivery
53451,1385,2025-12-30,2018,4,0.25,Net Banking
53452,1426,2024-10-04,2008,2,0.0,Credit Card
53453,1210,2024-12-18,2007,1,0.2,Cash on Delivery
53454,1304,2024-10-29,2014,1,0.0,UPI
53455,1296,2025-06-24,2016,1,0.2,Credit Card
53456,1097,2025-04-14,2012,2,0.1,Debit Card
53457,1447,2024-03-17,2009,3,0.0,UPI
53458,1460,2025-06-04,2020,1,0.1,Net Banking
53459,1456,2024-01-24,2016,1,0.05,UPI
53460,1472,2024-01-15,2019,2,0.05,Net Banking
53461,1208,2025-11-06,2016,1,0.05,Debit Card
53462,1370,2025-06-08,2009,3,0.05,Cash on Delivery
53463,1388,2024-12-12,2013,2,0.1,Cash on Delivery
53464,1422,2024-06-20,2005,2,0.15,Cash on Delivery
53465,1492,2024-11-22,2019,1,0.05,Credit Card
53466,1411,2025-12-12,2010,4,0.2,Net Banking
53467,1137,2025-04-29,2007,1,0.2,UPI
53468,1367,2025-05-03,2009,4,0.0,Credit Card
53469,1400,2025-04-06,2014,1,0.0,Credit Card
53470,1184,2025-01-12,2015,4,0.05,UPI
53471,1076,2025-08-10,2013,3,0.1,Debit Card
53472,1287,2024-06-12,2010,1,0.05,Cash on Delivery
53473,1472,2025-01-06,2014,3,0.05,Debit Card
53474,1375,2025-07-26,2012,3,0.1,Debit Card
53475,1142,2025-02-27,2019,1,0.1,Cash on Delivery
53476,1237,2025-04-21,2006,1,0.0,Debit Card
53477,1025,2025-01-16,2012,2,0.2,Credit Card
53478,1290,2024-06-03,2013,2,0.1,UPI
53479,1067,2024-09-13,2008,3,0.05,Credit Card
53480,1250,2025-11-04,2016,3,0.1,Credit Card
53481,1408,2024-03-08,2002,2,0.0,Net Banking
53482,1118,2024-12-09,2007,3,0.1,Cash on Delivery
53483,1490,2024-10-03,2012,2,0.0,Cash on Delivery
53484,1073,2025-11-03,2007,1,0.0,Credit Card
53485,1282,2025-01-25,2019,4,0.05,Cash on Delivery
53486,1404,2025-03-24,2014,1,0.0,Net Banking
53487,1448,2024-09-15,2009,1,0.1,UPI
53488,1360,2024-11-02,2018,3,0.1,Debit Card
53489,1010,2024-04-04,2011,2,0.0,Cash on Delivery
53490,1211,2025-04-08,2016,1,0.0,Credit Card
53491,1323,2024-09-02,2019,1,0.15,Cash on Delivery
53492,1152,2025-09-26,2011,2,0.0,Credit Card
53493,1005,2024-07-05,2018,5,0.05,Debit Card
53494,1195,2025-01-07,2011,2,0.1,Cash on Delivery
53495,1442,2025-07-25,2004,2,0.15,Debit Card
53496,1283,2025-02-09,2018,1,0.15,Credit Card
53497,1464,2025-02-11,2019,1,0.15,Net Banking
53498,1113,2024-05-04,2013,1,0.0,Net Banking
53499,1271,2024-12-02,2004,1,0.15,UPI
53500,1163,2024-12-06,2010,2,0.0,Credit Card
53501,1460,2025-07-16,2005,1,0.0,Credit Card
53502,1105,2024-06-26,2003,1,0.1,Credit Card
53503,1181,2025-10-12,2016,3,0.1,Net Banking
53504,1044,2024-06-18,2008,4,0.0,Net Banking
53505,1282,2024-02-08,2007,4,0.0,Net Banking
53506,1175,2024-03-09,2019,2,0.15,Cash on Delivery
53507,1162,2024-08-23,2014,1,0.15,Cash on Delivery
53508,1471,2025-07-13,2015,3,0.1,Net Banking
53509,1351,2025-01-15,2017,1,0.05,Debit Card
53510,1434,2024-02-26,2001,2,0.15,Cash on Delivery
53511,1340,2024-10-03,2006,3,0.15,Cash on Delivery
53512,1140,2024-04-08,2015,3,0.1,Cash on Delivery
53513,1471,2025-06-10,2012,4,0.05,Cash on Delivery
53514,1132,2024-11-20,2020,3,0.0,UPI
53515,1087,2025-04-05,2002,3,0.05,Cash on Delivery
53516,1176,2024-06-27,2005,1,0.05,Debit Card
53517,1183,2025-07-27,2009,4,0.05,UPI
53518,1368,2024-04-28,2020,1,0.1,Cash on Delivery
53519,1129,2025-04-13,2014,4,0.0,Credit Card
53520,1246,2025-07-02,2018,1,0.15,UPI
53521,1089,2025-10-07,2008,1,0.0,Cash on Delivery
53522,1066,2025-03-30,2002,3,0.1,Debit Card
53523,1158,2024-01-26,2009,1,0.15,Net Banking
53524,1387,2025-05-04,2007,3,0.1,Cash on Delivery
53525,1378,2024-01-08,2018,1,0.05,Credit Card
53526,1149,2025-05-30,2016,4,0.1,Debit Card
53527,1473,2025-06-16,2005,3,0.15,UPI
53528,1340,2024-05-28,2015,2,0.25,Debit Card
53529,1433,2025-05-02,2005,1,0.1,Cash on Delivery
53530,1116,2024-01-25,2011,1,0.15,Credit Card
53531,1214,2025-10-16,2014,3,0.0,Debit Card
53532,1469,2025-07-08,2019,1,0.2,Debit Card
53533,1446,2025-02-28,2003,1,0.2,Net Banking
53534,1481,2024-10-19,2010,2,0.1,Net Banking
53535,1372,2024-07-03,2006,2,0.15,Cash on Delivery
53536,1294,2025-07-07,2003,1,0.1,UPI
53537,1253,2025-03-06,2002,1,0.05,UPI
53538,1143,2025-08-26,2013,1,0.15,Credit Card
53539,1250,2024-11-12,2018,4,0.1,Cash on Delivery
53540,1366,2025-02-01,2002,1,0.1,UPI
53541,1436,2024-11-19,2015,5,0.1,Debit Card
53542,1463,2025-07-18,2005,1,0.15,Cash on Delivery
53543,1302,2025-08-18,2015,1,0.15,Debit Card
53544,1025,2025-06-29,2017,2,0.0,Credit Card
53545,1277,2024-03-16,2002,1,0.1,Cash on Delivery
53546,1472,2025-12-09,2018,2,0.25,Credit Card
53547,1377,2025-04-30,2015,3,0.1,Net Banking
53548,1378,2024-03-28,2020,1,0.2,Credit Card
53549,1389,2024-08-19,2003,3,0.15,Net Banking
53550,1070,2024-01-07,2005,2,0.1,Cash on Delivery
53551,1113,2025-07-03,2011,1,0.05,Debit Card
53552,1363,2024-02-21,2009,1,0.05,Debit Card
53553,1112,2025-10-16,2005,4,0.1,Debit Card
53554,1364,2025-01-30,2001,1,0.05,Credit Card
53555,1303,2024-08-08,2014,4,0.15,Cash on Delivery
53556,1471,2025-03-03,2005,2,0.15,Cash on Delivery
53557,1452,2024-05-22,2008,1,0.05,Net Banking
53558,1091,2024-12-28,2014,2,0.15,Cash on Delivery
53559,1018,2025-01-16,2016,3,0.1,Debit Card
53560,1149,2025-07-14,2006,3,0.05,Cash on Delivery
53561,1476,2024-10-03,2008,2,0.05,Net Banking
53562,1227,2024-09-27,2002,4,0.2,Cash on Delivery
53563,1214,2024-01-14,2019,1,0.05,Cash on Delivery
53564,1360,2024-10-24,2009,4,0.05,Debit Card
53565,1151,2025-04-08,2005,3,0.05,Cash on Delivery
53566,1192,2025-06-10,2005,3,0.0,Credit Card
53567,1451,2024-08-21,2019,3,0.1,Net Banking
53568,1040,2025-07-28,2004,2,0.0,Net Banking
53569,1242,2025-12-08,2016,2,0.15,Net Banking
53570,1138,2024-01-27,2016,2,0.0,Cash on Delivery
53571,1345,2025-04-15,2016,1,0.1,Credit Card
53572,1180,2024-04-02,2007,2,0.0,Net Banking
53573,1497,2025-09-08,2018,1,0.25,UPI
53574,1200,2024-11-04,2001,2,0.1,Debit Card
53575,1203,2024-02-21,2003,1,0.15,UPI
53576,1061,2024-11-14,2008,1,0.15,UPI
53577,1192,2024-06-29,2001,1,0.15,Net Banking
53578,1005,2025-07-22,2007,3,0.15,UPI
53579,1378,2024-04-29,2007,2,0.0,UPI
53580,1237,2024-02-12,2008,3,0.1,Credit Card
53581,1181,2025-10-08,2019,1,0.05,Debit Card
53582,1311,2024-09-16,2017,2,0.15,Cash on Delivery
53583,1037,2024-07-15,2011,1,0.2,Net Banking
53584,1056,2025-10-06,2015,1,0.2,Net Banking
53585,1443,2024-09-11,2009,2,0.0,UPI
53586,1237,2024-12-01,2017,2,0.05,Cash on Delivery
53587,1358,2025-07-06,2011,1,0.05,Cash on Delivery
53588,1349,2025-05-16,2006,2,0.0,Cash on Delivery
53589,1197,2024-09-11,2009,4,0.0,Net Banking
53590,1073,2025-05-28,2018,1,0.05,Net Banking
53591,1059,2025-12-07,2020,1,0.25,Credit Card
53592,1240,2024-08-29,2002,2,0.1,Net Banking
53593,1002,2024-05-28,2004,1,0.1,Net Banking
53594,1449,2025-12-10,2018,5,0.1,Credit Card
53595,1360,2024-10-25,2001,2,0.1,Net Banking
53596,1188,2025-09-11,2011,2,0.2,UPI
53597,1307,2025-03-28,2003,2,0.1,UPI
53598,1030,2025-01-27,2008,2,0.0,Credit Card
53599,1267,2024-07-30,2005,1,0.1,Credit Card
53600,1476,2025-10-29,2020,4,0.25,UPI
53601,1108,2025-06-21,2005,2,0.05,Cash on Delivery
53602,1332,2025-08-16,2011,1,0.1,Net Banking
53603,1423,2025-08-17,2012,2,0.0,Debit Card
53604,1090,2024-05-10,2009,1,0.0,Debit Card
53605,1205,2024-11-24,2013,1,0.15,Credit Card
53606,1379,2025-09-03,2020,2,0.05,Debit Card
53607,1456,2024-09-12,2003,2,0.05,Cash on Delivery
53608,1447,2025-04-23,2013,2,0.05,Debit Card
53609,1448,2025-07-14,2011,1,0.25,UPI
53610,1445,2024-03-03,2011,2,0.0,Credit Card
53611,1381,2024-11-06,2020,1,0.15,Debit Card
53612,1438,2025-02-10,2007,2,0.05,Net Banking
53613,1220,2024-04-14,2017,2,0.15,Credit Card
53614,1378,2025-09-08,2016,2,0.25,Cash on Delivery
53615,1094,2024-01-15,2014,4,0.05,UPI
53616,1457,2025-11-17,2001,3,0.0,Debit Card
53617,1103,2024-09-15,2011,5,0.0,UPI
53618,1223,2025-12-23,2013,5,0.15,Cash on Delivery
53619,1186,2025-02-15,2001,3,0.0,Debit Card
53620,1469,2024-09-15,2002,4,0.05,Credit Card
53621,1184,2025-09-05,2009,4,0.0,Credit Card
53622,1495,2024-09-16,2013,3,0.05,Net Banking
53623,1162,2025-11-01,2005,1,0.0,Cash on Delivery
53624,1247,2024-02-14,2009,1,0.15,Debit Card
53625,1031,2024-11-26,2013,3,0.15,
53626,1052,2024-06-13,2005,2,0.05,UPI
53627,1345,2024-07-11,2015,3,0.1,Debit Card
53628,1076,2025-06-04,2007,1,0.1,Cash on Delivery
53629,1385,2025-02-04,2014,2,0.15,Cash on Delivery
53630,1439,2025-01-08,2016,3,0.1,UPI
53631,1278,2024-03-05,2006,4,0.1,Debit Card
53632,1040,2025-01-21,2002,1,0.1,Debit Card
53633,1101,2025-05-09,2016,4,0.15,UPI
53634,1111,2025-11-23,2019,3,0.05,Debit Card
53635,1385,2025-02-18,2005,1,0.05,Debit Card
53636,1321,2024-01-30,2004,1,0.05,Credit Card
53637,1249,2024-09-22,2014,1,0.1,Credit Card
53638,1191,2024-11-23,2006,1,0.05,Net Banking
53639,1490,2025-05-06,2008,2,0.1,Net Banking
53640,1182,2024-08-04,2003,1,0.05,Cash on Delivery
53641,1426,2024-11-15,2004,1,0.15,Credit Card
53642,1405,2025-02-02,2001,3,0.0,Credit Card
53643,1335,2024-04-14,2002,2,0.1,Credit Card
53644,1209,2025-11-26,2013,2,0.1,Credit Card
53645,1022,2024-11-25,2009,1,0.05,Cash on Delivery
53646,1166,2025-10-21,2012,3,0.05,UPI
53647,1099,2025-09-08,2010,4,0.15,Cash on Delivery
53648,1493,2024-02-16,2010,2,0.05,UPI
53649,1208,2025-08-21,2018,4,0.15,Net Banking
53650,1008,2025-10-02,2012,3,0.2,Credit Card
53651,1190,2024-11-09,2016,3,0.1,UPI
53652,1175,2024-05-26,2006,3,0.15,Cash on Delivery
53653,1273,2025-04-06,2010,1,0.1,UPI
53654,1017,2025-08-06,2015,1,0.1,Debit Card
53655,1090,2025-04-30,2009,1,0.25,Net Banking
53656,1141,2025-10-13,2002,1,0.05,Net Banking
53657,1145,2025-02-13,2018,1,0.0,Credit Card
53658,1166,2024-01-27,2012,4,0.05,Credit Card
53659,1337,2024-01-29,2003,1,0.1,Cash on Delivery
53660,1496,2024-09-27,2007,5,0.0,UPI
53661,1078,2025-11-16,2009,2,0.2,Debit Card
53662,1429,2025-05-15,2008,1,0.05,Net Banking
53663,1262,2024-09-09,2006,2,0.15,UPI
53664,1163,2025-01-19,2001,1,0.0,Debit Card
53665,1366,2024-02-29,2014,5,0.05,UPI
53666,1014,2024-04-16,2016,3,0.0,Credit Card
53667,1239,2024-08-07,2016,1,0.05,Net Banking
53668,1072,2025-03-16,2004,4,0.1,Debit Card
53669,1445,2025-10-19,2006,3,0.2,Credit Card
53670,1143,2025-07-17,2015,1,0.05,Cash on Delivery
53671,1310,2025-07-25,2008,2,0.1,Cash on Delivery
53672,1283,2025-06-29,2001,2,0.05,Credit Card
53673,1269,2024-04-05,2013,1,0.0,Debit Card
53674,1241,2024-03-29,2018,3,0.1,Debit Card
53675,1415,2024-08-18,2018,1,0.0,Net Banking
53676,1245,2024-10-01,2013,2,0.2,Credit Card
53677,1163,2024-09-02,2014,1,0.15,Cash on Delivery
53678,1060,2024-04-20,2011,5,0.05,Credit Card
53679,1006,2024-08-21,2007,3,0.1,UPI
53680,1197,2024-10-04,2018,1,0.0,Debit Card
53681,1470,2025-04-21,2004,1,0.15,UPI
53682,1058,2025-02-20,2017,1,0.15,Cash on Delivery
53683,1305,2025-11-08,2019,3,0.15,Debit Card
53684,1407,2024-05-07,2014,1,0.05,Cash on Delivery
53685,1217,2024-08-24,2010,3,0.05,Cash on Delivery
53686,1418,2025-09-10,2006,4,0.1,Cash on Delivery
53687,1026,2024-05-07,2018,2,0.25,Net Banking
53688,1303,2025-12-07,2004,1,0.2,Cash on Delivery
53689,1005,2025-01-28,2011,1,0.05,Cash on Delivery
53690,1474,2025-04-19,2013,2,0.15,UPI
53691,1020,2025-10-16,2008,2,0.2,UPI
53692,1390,2025-01-29,2010,2,0.05,UPI
53693,1198,2024-04-20,2011,2,0.15,Debit Card
53694,1059,2024-03-30,2003,1,0.05,Net Banking
53695,1448,2024-10-06,2015,4,0.05,Debit Card
53696,1242,2024-11-28,2008,1,0.0,Net Banking
53697,1146,2024-08-11,2020,2,0.1,Net Banking
53698,1388,2024-04-10,2018,3,0.15,Credit Card
53699,1273,2024-05-11,2001,1,0.1,Credit Card
53700,1249,2024-01-13,2008,3,0.0,Credit Card
53701,1014,2025-04-01,2003,3,0.05,Net Banking
53702,1462,2025-03-16,2001,2,0.1,Net Banking
53703,1013,2024-04-07,2020,1,0.1,Debit Card
53704,1391,2024-04-29,2016,1,0.1,Net Banking
53705,1384,2024-10-19,2009,1,0.0,Cash on Delivery
53706,1044,2025-12-11,2017,1,0.15,Cash on Delivery
53707,1375,2024-01-01,2016,5,0.2,Net Banking
53708,1399,2025-07-25,2006,2,0.1,Cash on Delivery
53709,1019,2024-09-06,2007,1,0.15,Net Banking
53710,1063,2025-10-13,2016,4,0.2,Credit Card
53711,1491,2024-05-28,2008,3,0.1,Net Banking
53712,1239,2025-01-29,2010,1,0.1,Credit Card
53713,1492,2024-02-13,2014,1,0.15,UPI
53714,1419,2025-11-28,2011,1,0.05,Cash on Delivery
53715,1337,2025-09-11,2002,5,0.1,UPI
53716,1419,2024-02-13,2012,2,0.15,Cash on Delivery
53717,1403,2024-03-18,2020,4,0.05,UPI
53718,1404,2024-08-13,2020,1,0.2,Net Banking
53719,1100,2024-06-10,2013,4,0.1,UPI
53720,1163,2024-09-09,2015,1,0.05,Cash on Delivery
53721,1416,2024-05-11,2012,5,0.1,Debit Card
53722,1122,2025-03-23,2013,4,0.05,Cash on Delivery
53723,1432,2025-04-18,2008,1,0.15,Debit Card
53724,1044,2025-10-17,2016,3,0.1,Net Banking
53725,1360,2024-04-18,2003,3,0.2,Cash on Delivery
53726,1408,2025-12-06,2013,4,0.1,UPI
53727,1317,2024-02-04,2012,1,0.1,Net Banking
53728,1381,2025-04-11,2019,2,0.25,Cash on Delivery
53729,1145,2024-10-01,2002,4,0.0,Net Banking
53730,1327,2024-07-05,2001,3,0.15,Debit Card
53731,1363,2024-08-30,2008,2,0.0,Net Banking
53732,1050,2024-09-20,2009,3,0.15,UPI
53733,1065,2025-06-05,2008,1,0.1,Cash on Delivery
53734,1355,2025-11-08,2017,3,0.2,Debit Card
53735,1288,2025-06-24,2009,1,0.15,Net Banking
53736,1164,2024-03-27,2006,1,0.0,Credit Card
53737,1141,2025-06-18,2015,2,0.0,Debit Card
53738,1454,2024-07-28,2013,2,0.1,Debit Card
53739,1314,2024-02-15,2012,2,0.1,UPI
53740,1128,2025-04-11,2013,2,0.0,UPI
53741,1398,2025-06-23,2007,1,0.0,Net Banking
53742,1421,2024-01-26,2018,1,0.1,Credit Card
53743,1368,2024-09-22,2014,3,0.0,Debit Card
53744,1463,2024-06-23,2011,2,0.15,Net Banking
53745,1239,2025-05-30,2014,2,0.15,Credit Card
53746,1324,2024-11-06,2017,2,0.15,Net Banking
53747,1296,2024-11-17,2002,4,0.0,Debit Card
53748,1187,2025-08-01,2019,3,0.0,Net Banking
53749,1208,2024-05-14,2016,1,0.1,UPI
53750,1220,2024-02-24,2010,3,0.25,UPI
53751,1400,2025-06-26,2008,5,0.05,Cash on Delivery
53752,1190,2025-08-08,2005,2,0.05,Credit Card
53753,1388,2025-06-14,2007,5,0.0,Debit Card
53754,1429,2024-06-04,2013,2,0.1,Credit Card
53755,1346,2025-10-29,2016,2,0.1,UPI
53756,1284,2024-05-26,2005,1,0.0,Debit Card
53757,1352,2025-04-29,2016,2,0.1,Cash on Delivery
53758,1237,2025-08-21,2015,1,0.1,UPI
53759,1194,2024-01-20,2009,1,0.1,UPI
53760,1287,2024-09-25,2012,1,0.1,Credit Card
53761,1259,2024-11-28,2008,1,0.15,Net Banking
53762,1246,2025-07-08,2013,2,0.1,Credit Card
53763,1136,2025-02-04,2005,2,0.1,UPI
53764,1280,2024-11-01,2014,1,0.15,Credit Card
53765,1271,2024-01-28,2016,5,0.2,Net Banking
53766,1171,2025-04-11,2011,1,0.05,Cash on Delivery
53767,1159,2024-09-16,2020,2,0.0,Debit Card
53768,1201,2025-06-17,2012,1,0.15,UPI
53769,1487,2024-04-10,2015,1,0.0,Credit Card
53770,1045,2025-07-04,2012,1,0.2,UPI
53771,1450,2024-12-18,2009,2,0.0,Debit Card
53772,1264,2024-10-26,2001,3,0.2,Credit Card
53773,1071,2025-11-12,2003,1,0.1,Cash on Delivery
53774,1364,2024-10-22,2012,1,0.15,Debit Card
53775,1371,2024-12-18,2020,1,0.05,Net Banking
53776,1103,2024-05-09,2013,3,0.25,Net Banking
53777,1490,2024-06-04,2006,3,0.0,UPI
53778,1125,2024-03-14,2010,1,0.05,Net Banking
53779,1313,2024-12-07,2010,1,0.0,Credit Card
53780,1464,2025-04-09,2016,4,0.2,Net Banking
53781,1483,2024-03-30,2001,2,0.1,Cash on Delivery
53782,1286,2025-08-01,2016,2,0.1,Credit Card
53783,1458,2025-03-30,2004,1,0.1,UPI
53784,1230,2025-12-12,2006,2,0.15,UPI
53785,1146,2024-11-27,2019,5,0.1,Net Banking
53786,1370,2024-12-13,2002,5,0.1,Net Banking
53787,1197,2024-08-20,2018,3,0.15,UPI
53788,1373,2025-08-20,2010,2,0.15,Credit Card
53789,1221,2024-04-11,2004,2,0.0,Debit Card
53790,1423,2025-04-25,2001,1,0.0,UPI
53791,1060,2024-08-01,2015,5,0.0,Cash on Delivery
53792,1098,2024-04-17,2010,3,0.05,Credit Card
53793,1171,2024-06-13,2018,2,0.1,Debit Card
53794,1382,2025-08-25,2016,1,0.1,Debit Card
53795,1173,2025-12-04,2013,2,0.2,Credit Card
53796,1151,2024-11-30,2015,5,0.05,UPI
53797,1453,2024-03-26,2002,2,0.15,Debit Card
53798,1350,2025-02-27,2020,1,0.1,Cash on Delivery
53799,1390,2025-09-04,2004,1,0.0,Credit Card
53800,1440,2024-12-29,2001,1,0.1,Net Banking
53801,1122,2024-02-29,2007,4,0.25,UPI
53802,1494,2025-04-26,2011,5,0.0,Credit Card
53803,1108,2024-09-06,2010,4,0.1,Cash on Delivery
53804,1004,2025-07-13,2001,3,0.0,Debit Card
53805,1093,2024-04-26,2011,2,0.05,UPI
53806,1407,2025-06-28,2010,2,0.1,UPI
53807,1006,2024-02-13,2014,2,0.15,Credit Card
53808,1288,2025-05-23,2014,3,0.15,Credit Card
53809,1106,2024-06-13,2007,2,0.1,Cash on Delivery
53810,1146,2025-01-02,2011,2,0.2,Net Banking
53811,1271,2024-10-18,2004,1,0.05,Credit Card
53812,1424,2024-10-12,2002,1,0.15,Credit Card
53813,1378,2024-07-22,2007,3,0.1,Credit Card
53814,1096,2025-11-14,2019,4,0.2,Cash on Delivery
53815,1457,2025-06-07,2014,2,0.15,Debit Card
53816,1229,2024-04-30,2019,1,0.2,Net Banking
53817,1202,2025-10-25,2007,4,0.0,Cash on Delivery
53818,1212,2025-10-25,2012,3,0.1,Credit Card
53819,1006,2024-07-06,2003,2,0.15,Debit Card
53820,1112,2024-01-13,2015,2,0.15,Credit Card
53821,1376,2025-08-25,2005,2,0.1,Cash on Delivery
53822,1379,2024-07-18,2008,2,0.0,UPI
53823,1447,2025-08-08,2014,4,0.05,Credit Card
53824,1323,2025-03-31,2004,1,0.05,Debit Card
53825,1106,2025-03-23,2007,1,0.15,Net Banking
53826,1139,2024-03-11,2007,1,0.15,UPI
53827,1299,2025-08-12,2018,1,0.0,Credit Card
53828,1401,2024-05-09,2014,1,0.2,Credit Card
53829,1096,2024-02-12,2008,1,0.0,Debit Card
53830,1388,2025-06-03,2012,1,0.05,UPI
53831,1447,2024-01-13,2010,1,0.0,UPI
53832,1452,2025-12-25,2014,1,0.15,UPI
53833,1337,2025-09-14,2009,1,0.15,Credit Card
53834,1297,2025-06-18,2006,2,0.05,UPI
53835,1467,2024-10-28,2005,2,0.1,Credit Card
53836,1389,2025-06-10,2001,1,0.0,Credit Card
53837,1416,2025-10-03,2001,2,0.05,UPI
53838,1214,2025-07-26,2020,5,0.05,Cash on Delivery
53839,1454,2024-04-24,2017,4,0.0,Net Banking
53840,1291,2025-04-04,2011,1,0.15,Net Banking
53841,1022,2025-05-19,2012,3,0.1,Cash on Delivery
53842,1193,2024-11-03,2003,1,0.05,UPI
53843,1468,2024-11-20,2006,1,0.0,Credit Card
53844,1150,2025-08-01,2011,1,0.0,Debit Card
53845,1368,2024-06-23,2013,1,0.05,Cash on Delivery
53846,1247,2025-05-28,2011,2,0.1,Net Banking
53847,1267,2024-06-20,2008,2,0.05,Net Banking
53848,1461,2025-05-16,2010,3,0.15,Credit Card
53849,1251,2024-11-29,2002,1,0.05,Net Banking
53850,1490,2024-10-10,2014,1,0.05,Net Banking
53851,1003,2025-04-19,2016,1,0.2,Credit Card
53852,1393,2024-02-23,2017,1,0.05,UPI
53853,1316,2025-04-02,2011,5,0.05,Net Banking
53854,1076,2025-08-01,2002,3,0.05,UPI
53855,1087,2025-02-23,2005,5,0.0,Debit Card
53856,1270,2025-09-05,2016,3,0.0,UPI
53857,1225,2025-09-23,2016,2,0.05,Credit Card
53858,1018,2025-12-03,2002,2,0.15,Credit Card
53859,1113,2025-02-12,2016,2,0.15,Credit Card
53860,1251,2024-10-30,2005,2,0.1,Net Banking
53861,1233,2025-07-12,2008,3,0.1,Cash on Delivery
53862,1329,2024-08-09,2020,2,0.1,Net Banking
53863,1279,2025-06-16,2014,1,0.05,UPI
53864,1202,2024-06-06,2010,3,0.0,Debit Card
53865,1083,2024-12-13,2002,3,0.05,Debit Card
53866,1125,2024-06-07,2003,2,0.1,Debit Card
53867,1175,2024-08-22,2018,2,0.0,Debit Card
53868,1069,2025-10-23,2002,1,0.0,Cash on Delivery
53869,1047,2025-02-08,2009,2,,Debit Card
53870,1372,2024-09-13,2002,1,0.05,Net Banking
53871,1256,2025-11-07,2007,1,0.05,Debit Card
53872,1215,2025-08-11,2007,2,0.0,Credit Card
53873,1030,2025-08-19,2014,1,0.0,UPI
53874,1281,2025-07-11,2005,3,0.05,Net Banking
53875,1412,2024-02-16,2008,4,0.0,Cash on Delivery
53876,1482,2024-07-31,2018,1,0.05,Net Banking
53877,1237,2025-04-23,2006,3,0.0,Credit Card
53878,1248,2025-05-01,2014,2,0.15,Debit Card
53879,1368,2025-07-24,2018,1,0.05,Debit Card
53880,1495,2025-07-19,2017,2,0.05,Cash on Delivery
53881,1025,2024-12-07,2009,2,0.0,UPI
53882,1074,2025-06-07,2013,2,0.0,Debit Card
53883,1206,2025-12-04,2016,4,0.0,Cash on Delivery
53884,1490,2025-05-17,2010,2,0.25,Debit Card
53885,1494,2024-01-06,2010,5,0.15,Net Banking
53886,1314,2024-05-23,2004,2,0.0,Cash on Delivery
53887,1094,2024-09-17,2012,1,0.1,Cash on Delivery
53888,1375,2025-08-07,2008,2,0.05,Cash on Delivery
53889,1127,2025-11-16,2015,1,0.0,Debit Card
53890,1425,2024-08-19,2019,2,0.15,Cash on Delivery
53891,1025,2024-09-26,2015,3,0.0,Net Banking
53892,1334,2025-03-22,2008,2,0.05,UPI
53893,1355,2024-08-09,2008,1,0.1,UPI
53894,1116,2024-02-21,2019,2,0.1,Credit Card
53895,1048,2024-04-25,2009,1,0.25,Net Banking
53896,1226,2025-06-21,2017,3,0.15,Net Banking
53897,1266,2025-07-18,2008,3,0.15,Cash on Delivery
53898,1099,2025-06-24,2012,5,0.05,Credit Card
53899,1459,2024-01-19,2015,1,0.0,Net Banking
53900,1011,2025-01-26,2004,2,0.15,Net Banking
53901,1085,2025-09-20,2006,2,0.25,Net Banking
53902,1405,2025-09-09,2016,4,0.05,Debit Card
53903,1214,2025-02-22,2005,2,0.25,Net Banking
53904,1173,2024-11-04,2013,1,0.0,Debit Card
53905,1391,2024-07-04,2015,2,0.05,Net Banking
53906,1209,2024-09-17,2017,2,0.0,UPI
53907,1448,2025-06-11,2020,3,0.1,Debit Card
53908,1382,2024-09-29,2005,4,0.15,Debit Card
53909,1064,2024-06-08,2019,1,0.05,Cash on Delivery
53910,1258,2024-08-11,2007,4,0.2,Net Banking
53911,1332,2024-09-12,2003,1,0.1,Credit Card
53912,1121,2024-06-28,2013,5,0.1,Credit Card
53913,1298,2024-01-20,2014,3,0.15,Credit Card
53914,1466,2025-09-15,2016,2,0.0,Credit Card
53915,1054,2025-09-23,2013,3,0.15,UPI
53916,1331,2025-12-06,2002,1,0.0,Credit Card
53917,1272,2025-04-12,2014,1,0.05,Cash on Delivery
53918,1241,2025-09-14,2020,1,0.1,Credit Card
53919,1243,2024-07-28,2007,1,0.2,Cash on Delivery
53920,1018,2025-05-27,2005,2,0.1,Debit Card
53921,1483,2024-02-27,2014,1,0.1,Net Banking
53922,1187,2024-04-02,2009,4,0.15,Credit Card
53923,1346,2024-08-08,2010,2,0.05,Cash on Delivery
53924,1144,2025-12-23,2007,3,0.15,Cash on Delivery
53925,1262,2024-08-19,2014,2,0.05,Net Banking
53926,1441,2024-12-29,2014,1,0.0,Debit Card
53927,1364,2025-09-06,2002,1,0.05,Credit Card
53928,1491,2025-07-15,2017,1,0.0,Cash on Delivery
53929,1431,2025-01-08,2020,3,0.0,Credit Card
53930,1239,2025-09-13,2004,2,0.05,UPI
53931,1304,2025-03-31,2013,1,0.0,Cash on Delivery
53932,1298,2024-03-28,2018,3,0.1,Debit Card
53933,1076,2024-01-20,2003,1,0.1,Net Banking
53934,1188,2024-01-14,2019,3,0.1,Cash on Delivery
53935,1333,2024-05-12,2005,2,0.05,UPI
53936,1388,2024-02-03,2001,3,0.15,Net Banking
53937,1487,2024-07-26,2009,4,0.0,Debit Card
53938,1246,2024-07-17,2008,3,0.1,Credit Card
53939,1130,2025-08-14,2003,2,0.05,Credit Card
53940,1474,2025-08-05,2002,1,0.1,Cash on Delivery
53941,1315,2024-06-03,2001,3,0.05,Net Banking
53942,1411,2025-08-12,2012,2,0.15,UPI
53943,1283,2024-03-18,2013,1,0.2,UPI
53944,1079,2024-06-20,2010,3,0.15,Debit Card
53945,1072,2024-10-15,2017,1,0.0,Net Banking
53946,1263,2025-06-28,2011,1,0.05,Net Banking
53947,1191,2025-02-23,2005,4,0.2,Credit Card
53948,1367,2024-01-07,2009,2,0.05,Debit Card
53949,1375,2024-06-08,2013,1,0.2,Debit Card
53950,1430,2024-08-27,2020,3,0.05,Debit Card
53951,1063,2025-02-26,2011,4,0.2,Net Banking
53952,1488,2025-06-19,2004,1,0.2,Credit Card
53953,1380,2025-12-26,2011,3,0.1,Debit Card
53954,1012,2024-03-10,2009,3,0.0,Credit Card
53955,1141,2024-08-03,2007,1,0.05,Debit Card
53956,1254,2024-04-13,2016,2,0.2,Net Banking
53957,1043,2025-12-27,2005,1,0.2,Credit Card
53958,1017,2024-02-23,2006,3,0.0,Cash on Delivery
53959,1063,2024-11-25,2019,3,0.05,Debit Card
53960,1253,2024-07-21,2001,1,0.15,Net Banking
53961,1465,2024-10-14,2016,3,0.1,Credit Card
53962,1376,2024-02-14,2018,3,0.15,UPI
53963,1292,2024-07-16,2013,1,0.15,Net Banking
53964,1469,2024-08-03,2001,3,0.2,Net Banking
53965,1008,2025-04-25,2010,1,0.0,UPI
53966,1325,2024-11-04,2007,4,0.0,UPI
53967,1090,2025-03-10,2005,2,0.0,Cash on Delivery
53968,1208,2024-11-27,2013,2,0.2,Cash on Delivery
53969,1292,2025-11-26,2016,2,0.1,Cash on Delivery
53970,1284,2024-01-27,2020,2,0.0,Net Banking
53971,1118,2024-06-14,2014,3,0.05,Net Banking
53972,1349,2024-11-13,2011,2,0.05,Net Banking
53973,1175,2024-09-30,2019,4,0.15,Cash on Delivery
53974,1076,2025-01-17,2002,2,0.15,Credit Card
53975,1101,2024-12-30,2008,1,0.1,Net Banking
53976,1414,2024-04-12,2013,4,0.0,Net Banking
53977,1151,2025-05-17,2007,3,0.2,Net Banking
53978,1400,2025-01-07,2012,3,0.0,Cash on Delivery
53979,1270,2025-09-07,2008,5,0.1,Debit Card
53980,1458,2024-09-01,2016,1,0.0,Cash on Delivery
53981,1071,2024-06-17,2018,2,0.0,Debit Card
53982,1493,2025-09-19,2019,1,0.0,Cash on Delivery
53983,1180,2025-10-14,2004,2,0.1,Credit Card
53984,1124,2025-02-21,2012,3,0.1,Credit Card
53985,1381,2024-12-21,2016,5,0.0,Net Banking
53986,1293,2025-04-22,2017,2,0.05,Cash on Delivery
53987,1285,2024-05-04,2004,3,0.15,Debit Card
53988,1195,2025-06-20,2020,4,0.0,Debit Card
53989,1399,2025-12-06,2009,3,0.0,Credit Card
53990,1228,2025-09-03,2005,1,0.05,Net Banking
53991,1431,2025-02-05,2017,2,0.15,Debit Card
53992,1430,2025-05-31,2017,5,0.05,Cash on Delivery
53993,1436,2025-06-14,2002,5,0.25,Net Banking
53994,1275,2025-11-12,2002,2,0.05,Cash on Delivery
53995,1461,2024-09-10,2007,4,0.05,Cash on Delivery
53996,1106,2024-04-30,2004,1,0.0,Credit Card
53997,1021,2024-02-01,2013,1,0.1,Cash on Delivery
53998,1064,2025-10-22,2020,4,0.0,UPI
53999,1165,2024-02-06,2011,1,0.1,Net Banking
54000,1027,2025-11-19,2003,1,0.0,UPI
54001,1311,2024-12-07,2002,2,0.05,Cash on Delivery
54002,1500,2024-01-13,2016,2,0.15,Cash on Delivery
54003,1285,2024-07-01,2003,2,0.15,Credit Card
54004,1148,2025-10-18,2015,1,0.0,Credit Card
54005,1281,2024-09-21,2017,4,0.1,Credit Card
54006,1326,2024-03-28,2016,4,0.1,Credit Card
54007,1319,2025-04-06,2020,2,0.0,Debit Card
54008,1164,2024-02-15,2007,2,0.1,Credit Card
54009,1386,2025-01-26,2016,3,0.05,Cash on Delivery
54010,1406,2024-04-28,2005,2,0.1,Cash on Delivery
54011,1224,2025-06-14,2002,2,0.15,Net Banking
54012,1272,2025-03-22,2001,2,0.0,UPI
54013,1146,2025-08-28,2013,1,0.0,Debit Card
54014,1453,2024-02-15,2016,1,0.05,Debit Card
54015,1438,2025-05-22,2005,2,0.2,Net Banking
54016,1356,2025-07-11,2003,3,0.15,Net Banking
54017,1030,2025-06-09,2015,3,0.0,Credit Card
54018,1045,2025-08-19,2016,3,0.05,Net Banking
54019,1275,2024-01-03,2011,1,0.05,Debit Card
54020,1471,2024-01-28,2019,3,0.1,UPI
54021,1034,2025-01-15,2018,1,0.1,UPI
54022,1141,2024-06-05,2009,2,0.25,Debit Card
54023,1427,2025-05-25,2008,3,0.0,Credit Card
54024,1318,2024-11-28,2019,2,0.1,UPI
54025,1374,2025-11-17,2005,2,0.15,UPI
54026,1221,2024-04-23,2017,2,0.15,Credit Card
54027,1356,2025-01-23,2005,4,0.05,UPI
54028,1022,2025-05-01,2014,2,0.1,Cash on Delivery
54029,1180,2024-09-06,2007,3,0.05,Debit Card
54030,1436,2025-07-24,2009,5,0.05,UPI
54031,1367,2025-12-15,2017,3,0.2,UPI
54032,1420,2024-11-10,2003,2,0.2,Credit Card
54033,1329,2024-08-26,2008,1,0.15,UPI
54034,1231,2024-08-21,2013,1,0.05,Credit Card
54035,1499,2024-10-29,2016,2,0.15,Debit Card
54036,1403,2025-08-29,2010,3,0.0,Cash on Delivery
54037,1038,2025-10-14,2018,2,0.0,Net Banking
54038,1070,2024-11-29,2003,5,0.1,Debit Card
54039,1116,2024-04-22,2012,1,0.05,UPI
54040,1239,2025-09-12,2016,3,0.2,Cash on Delivery
54041,1335,2024-12-27,2018,2,0.05,Net Banking
54042,1441,2024-04-06,2017,2,0.05,Net Banking
54043,1148,2024-01-16,2007,3,0.1,UPI
54044,1009,2025-07-09,2019,1,0.15,Net Banking
54045,1288,2025-01-10,2008,1,0.1,Net Banking
54046,1388,2025-01-24,2017,2,0.0,Debit Card
54047,1050,2025-09-11,2007,2,0.15,Debit Card
54048,1338,2024-08-04,2001,3,0.05,Net Banking
54049,1005,2025-02-02,2008,5,0.0,Credit Card
54050,1404,2024-09-16,2019,1,0.1,UPI
54051,1343,2024-11-15,2020,2,0.0,Credit Card
54052,1126,2024-07-14,2020,3,0.25,Credit Card
54053,1075,2025-04-22,2010,5,0.1,Net Banking
54054,1165,2025-02-21,2012,4,0.25,UPI
54055,1278,2025-04-19,2001,3,0.05,Credit Card
54056,1442,2025-08-29,2004,2,0.25,Debit Card
54057,1324,2025-07-21,2004,1,0.0,Debit Card
54058,1477,2025-06-27,2009,2,0.0,UPI
54059,1300,2024-08-18,2015,2,0.0,Credit Card
54060,1290,2025-06-04,2015,3,0.1,Cash on Delivery
54061,1077,2025-12-03,2007,2,0.0,Cash on Delivery
54062,1298,2024-07-18,2012,3,0.1,UPI
54063,1137,2025-11-03,2003,2,0.05,UPI
54064,1106,2025-08-21,2020,3,0.05,Cash on Delivery
54065,1095,2024-01-21,2009,1,0.1,Credit Card
54066,1135,2024-11-06,2014,1,0.0,Credit Card
54067,1068,2025-08-10,2013,1,0.15,Net Banking
54068,1147,2025-10-14,2012,4,0.1,UPI
54069,1490,2025-09-29,2001,1,0.2,Credit Card
54070,1478,2025-08-18,2019,3,0.05,Cash on Delivery
54071,1159,2025-03-09,2016,1,0.25,Cash on Delivery
54072,1384,2025-01-05,2012,2,0.1,Debit Card
54073,1163,2025-07-13,2010,4,0.25,Credit Card
54074,1441,2024-03-18,2002,2,0.0,Net Banking
54075,1341,2025-06-25,2018,1,0.15,Net Banking
54076,1189,2024-10-11,2013,1,0.15,UPI
54077,1415,2025-10-09,2006,4,0.0,Debit Card
54078,1339,2024-05-19,2012,2,0.1,Cash on Delivery
54079,1095,2025-07-06,2004,2,0.15,Cash on Delivery
54080,1181,2024-10-08,2001,2,0.1,UPI
54081,1288,2025-07-15,2011,1,0.0,Net Banking
54082,1322,2024-09-14,2008,1,0.1,Net Banking
54083,1187,2024-12-25,2002,3,0.0,Cash on Delivery
54084,1372,2025-03-15,2002,3,0.15,UPI
54085,1138,2024-09-26,2016,1,0.0,Credit Card
54086,1130,2024-05-13,2001,3,0.0,Debit Card
54087,1194,2025-10-01,2004,3,0.05,Net Banking
54088,1316,2024-04-13,2006,4,0.1,Net Banking
54089,1472,2024-04-04,2020,1,0.25,Net Banking
54090,1273,2025-12-29,2014,1,0.0,Credit Card
54091,1352,2025-07-26,2020,4,0.0,Credit Card
54092,1144,2025-04-24,2015,1,0.05,Debit Card
54093,1016,2024-08-28,2007,1,0.15,Net Banking
54094,1302,2024-01-13,2007,4,0.1,Cash on Delivery
54095,1423,2024-05-26,2018,1,0.05,Net Banking
54096,1245,2025-08-23,2002,2,0.1,Debit Card
54097,1415,2024-04-04,2020,2,0.05,Debit Card
54098,1107,2024-10-19,2015,3,0.05,Cash on Delivery
54099,1088,2024-01-25,2001,1,0.05,Credit Card
54100,1129,2024-09-28,2017,4,0.15,Cash on Delivery
54101,1395,2025-05-19,2020,2,0.2,Debit Card
54102,1375,2024-06-14,2013,2,0.15,Cash on Delivery
54103,1341,2024-03-27,2012,1,0.05,Net Banking
54104,1004,2025-10-15,2015,1,0.1,Debit Card
54105,1327,2025-10-07,2005,2,0.0,Credit Card
54106,1410,2025-09-29,2007,2,0.15,Credit Card
54107,1367,2025-05-05,2008,4,0.1,Cash on Delivery
54108,1306,2024-05-20,2014,2,0.2,Cash on Delivery
54109,1396,2024-04-12,2004,2,0.0,Cash on Delivery
54110,1095,2024-08-13,2014,2,0.15,Net Banking
54111,1209,2025-07-28,2010,3,0.1,Credit Card
54112,1225,2024-10-20,2016,2,0.05,Debit Card
54113,1459,2024-11-01,2011,1,0.1,Debit Card
54114,1348,2024-09-10,2014,4,0.2,Credit Card
54115,1480,2024-06-28,2014,2,0.2,Cash on Delivery
54116,1321,2024-02-09,2002,2,0.15,UPI
54117,1047,2025-12-01,2013,2,0.0,Cash on Delivery
54118,1476,2025-06-03,2003,3,0.15,Credit Card
54119,1181,2025-09-07,2018,1,0.1,Net Banking
54120,1106,2025-06-29,2004,1,0.05,Cash on Delivery
54121,1199,2024-08-23,2019,3,0.0,Debit Card
54122,1386,2025-04-07,2016,1,0.0,Net Banking
54123,1106,2024-08-15,2004,3,0.0,Credit Card
54124,1280,2025-11-30,2019,1,0.15,UPI
54125,1260,2025-04-27,2015,1,0.0,Cash on Delivery
54126,1108,2025-03-05,2001,1,0.0,Net Banking
54127,1019,2024-01-22,2016,2,0.05,Net Banking
54128,1410,2024-12-08,2015,2,0.1,Debit Card
54129,1459,2024-02-09,2016,1,0.0,Cash on Delivery
54130,1296,2024-06-21,2020,1,0.0,UPI
54131,1306,2025-03-14,2001,4,0.0,Net Banking
54132,1171,2024-06-27,2017,2,0.1,Debit Card
54133,1331,2025-08-20,2005,3,0.0,Cash on Delivery
54134,1493,2024-05-12,2005,4,0.1,Cash on Delivery
54135,1195,2024-12-16,2007,5,0.0,UPI
54136,1012,2025-06-08,2013,4,0.0,Debit Card
54137,1195,2025-06-23,2012,1,0.05,UPI
54138,1490,2025-05-20,2004,5,0.0,Net Banking
54139,1283,2024-03-24,2004,3,0.0,Credit Card
54140,1369,2025-04-08,2006,3,0.05,Credit Card
54141,1182,2024-12-08,2015,1,0.05,UPI
54142,1450,2024-10-06,2019,4,0.15,UPI
54143,1305,2024-09-19,2006,3,0.0,Credit Card
54144,1144,2024-06-14,2012,3,0.15,Net Banking
54145,1386,2024-10-19,2014,1,0.15,UPI
54146,1316,2025-05-23,2018,1,0.15,Net Banking
54147,1182,2025-08-02,2012,5,0.05,Net Banking
54148,1030,2024-08-13,2015,2,0.15,Debit Card
54149,1084,2024-06-18,2019,2,0.0,Net Banking
54150,1166,2025-08-20,2008,3,0.0,Cash on Delivery
54151,1284,2025-10-06,2009,1,0.0,Credit Card
54152,1281,2025-03-23,2005,2,0.2,Credit Card
54153,1096,2025-11-20,2005,1,0.05,UPI
54154,1381,2025-05-16,2006,1,0.2,UPI
54155,1266,2025-06-10,2003,1,0.05,Debit Card
54156,1444,2025-01-13,2005,1,0.2,Debit Card
54157,1298,2024-07-19,2001,1,0.2,Cash on Delivery
54158,1296,2025-09-10,2011,2,0.2,UPI
54159,1225,2024-09-06,2020,4,0.1,Credit Card
54160,1333,2025-02-12,2001,2,0.15,Cash on Delivery
54161,1361,2025-08-23,2007,1,0.2,UPI
54162,1374,2024-05-04,2015,1,0.05,Cash on Delivery
54163,1042,2024-04-22,2017,3,0.05,Net Banking
54164,1303,2024-05-16,2008,5,0.15,Net Banking
54165,1421,2025-05-10,2002,1,0.05,Cash on Delivery
54166,1246,2025-11-08,2013,1,0.15,UPI
54167,1208,2024-05-29,2012,2,0.0,Net Banking
54168,1237,2024-12-08,2005,3,0.1,Net Banking
54169,1022,2025-08-02,2013,2,0.0,Cash on Delivery
54170,1185,2024-11-16,2006,2,0.05,Net Banking
54171,1468,2025-06-15,2015,3,0.05,Credit Card
54172,1242,2024-10-15,2011,5,0.15,Net Banking
54173,1363,2025-05-03,2004,1,0.0,Cash on Delivery
54174,1283,2025-05-06,2001,5,0.15,Net Banking
54175,1041,2025-09-03,2015,2,0.15,Net Banking
54176,1336,2024-09-08,2012,3,0.1,Debit Card
54177,1162,2024-03-17,2009,2,0.0,Cash on Delivery
54178,1160,2025-10-08,2011,2,0.0,Cash on Delivery
54179,1474,2025-01-26,2005,3,0.1,Debit Card
54180,1089,2025-02-15,2007,2,0.0,Debit Card
54181,1322,2024-06-21,2008,1,0.1,Credit Card
54182,1012,2024-07-19,2001,2,0.2,Net Banking
54183,1424,2024-08-04,2001,2,0.0,UPI
54184,1073,2025-01-10,2003,1,0.1,UPI
54185,1076,2025-12-20,2008,4,0.25,Debit Card
54186,1346,2025-08-08,2011,1,0.15,Cash on Delivery
54187,1201,2024-01-11,2001,2,0.15,Cash on Delivery
54188,1010,2024-01-12,2014,1,0.15,Credit Card
54189,1352,2025-08-12,2001,2,0.05,UPI
54190,1226,2025-03-10,2006,1,0.2,Cash on Delivery
54191,1176,2025-11-14,2006,2,0.2,Credit Card
54192,1276,2025-08-30,2003,1,0.1,Credit Card
54193,1039,2025-01-07,2010,1,0.05,Debit Card
54194,1060,2024-09-29,2012,3,0.05,UPI
54195,1066,2025-11-21,2010,2,0.05,Credit Card
54196,1321,2025-07-29,2002,1,0.0,Credit Card
54197,1435,2025-05-23,2013,1,0.1,Credit Card
54198,1124,2024-05-11,2016,4,0.1,UPI
54199,1164,2024-11-14,2013,1,0.1,Debit Card
54200,1408,2025-09-12,2004,4,0.0,Net Banking
54201,1411,2024-06-16,2004,2,0.15,Cash on Delivery
54202,1386,2025-01-31,2011,1,0.0,UPI
54203,1159,2024-06-28,2014,3,0.0,UPI
54204,1057,2024-02-27,2003,4,0.1,UPI
54205,1078,2025-04-24,2019,1,0.05,Net Banking
54206,1194,2025-08-13,2001,2,0.0,Cash on Delivery
54207,1285,2025-04-04,2005,2,0.05,Cash on Delivery
54208,1015,2024-03-01,2017,4,0.15,Credit Card
54209,1012,2025-01-03,2001,3,0.1,Credit Card
54210,1101,2024-04-30,2019,1,0.05,Debit Card
54211,1156,2025-12-19,2019,1,0.0,UPI
54212,1340,2025-06-29,2004,1,0.1,Debit Card
54213,1125,2025-08-04,2019,1,0.2,UPI
54214,1359,2024-01-17,2006,1,0.1,Cash on Delivery
54215,1280,2025-05-10,2015,2,0.15,Debit Card
54216,1405,2025-05-11,2004,1,0.1,Cash on Delivery
54217,1394,2025-05-19,2001,2,0.15,Credit Card
54218,1110,2025-06-15,2017,2,0.2,Cash on Delivery
54219,1334,2024-11-10,2011,1,0.15,Net Banking
54220,1357,2024-03-09,2017,1,0.2,Debit Card
54221,1146,2025-12-27,2001,1,0.05,UPI
54222,1216,2024-06-09,2009,1,0.2,Cash on Delivery
54223,1398,2025-09-05,2014,3,0.1,Debit Card
54224,1162,2025-12-18,2015,2,0.15,UPI
54225,1128,2024-05-24,2001,1,0.0,Debit Card
54226,1314,2025-07-22,2002,2,0.1,Debit Card
54227,1332,2025-08-17,2018,1,0.15,Net Banking
54228,1150,2025-01-19,2018,2,0.0,Cash on Delivery
54229,1454,2024-09-25,2006,2,0.1,Net Banking
54230,1036,2025-03-29,2020,2,0.15,Credit Card
54231,1173,2025-11-29,2008,1,0.05,Debit Card
54232,1420,2025-06-01,2001,1,0.05,Cash on Delivery
54233,1022,2024-12-15,2015,3,0.1,Credit Card
54234,1206,2024-04-19,2010,4,0.1,Credit Card
54235,1127,2025-04-27,2004,4,0.0,Net Banking
54236,1336,2025-02-10,2010,1,0.0,Credit Card
54237,1445,2025-10-11,2011,3,0.0,UPI
54238,1356,2024-02-20,2005,3,0.05,UPI
54239,1440,2025-02-06,2009,4,0.0,UPI
54240,1217,2025-07-16,2005,1,0.15,Credit Card
54241,1096,2025-04-20,2011,3,0.1,Debit Card
54242,1417,2024-03-27,2003,1,0.15,Cash on Delivery
54243,1429,2024-03-08,2004,2,0.0,UPI
54244,1164,2025-08-18,2010,1,0.1,UPI
54245,1148,2024-02-11,2007,3,0.05,UPI
54246,1018,2025-12-31,2001,4,0.15,Net Banking
54247,1294,2024-02-26,2006,1,0.15,Net Banking
54248,1195,2024-07-14,2008,2,0.15,UPI
54249,1151,2025-11-08,2017,1,0.0,UPI
54250,1480,2024-03-02,2007,2,0.15,Net Banking
54251,1365,2024-09-19,2001,1,0.1,Cash on Delivery
54252,1123,2024-04-21,2009,1,0.15,Debit Card
54253,1400,2025-12-11,2011,4,0.1,Cash on Delivery
54254,1187,2024-06-26,2019,1,0.1,Debit Card
54255,1453,2024-01-26,2002,2,0.0,Credit Card
54256,1452,2025-02-13,2011,4,0.1,Credit Card
54257,1149,2025-06-14,2003,4,0.05,Cash on Delivery
54258,1104,2024-11-12,2017,3,0.0,Net Banking
54259,1243,2025-06-15,2010,1,0.0,UPI
54260,1462,2024-04-15,2003,3,0.2,Credit Card
54261,1231,2025-04-08,2003,1,0.05,Net Banking
54262,1479,2024-09-02,2007,4,0.15,Net Banking
54263,1206,2024-03-21,2002,3,0.2,Debit Card
54264,1198,2025-10-23,2001,3,0.2,Credit Card
54265,1396,2025-01-30,2007,1,0.2,Cash on Delivery
54266,1400,2025-06-05,2020,2,0.2,Net Banking
54267,1337,2024-09-20,2011,3,0.05,Cash on Delivery
54268,1493,2025-10-22,2006,4,0.0,Cash on Delivery
54269,1087,2024-09-30,2004,1,0.1,Credit Card
54270,1142,2025-12-06,2019,4,0.1,Cash on Delivery
54271,1317,2024-06-20,2019,1,0.0,Cash on Delivery
54272,1199,2024-09-21,2014,2,0.1,UPI
54273,1046,2024-01-26,2003,3,0.1,Cash on Delivery
54274,1288,2025-04-13,2004,1,0.15,UPI
54275,1015,2025-04-20,2008,1,0.1,Credit Card
54276,1044,2024-12-21,2018,3,0.1,Cash on Delivery
54277,1401,2024-01-26,2004,2,0.05,Net Banking
54278,1169,2024-02-03,2011,1,0.1,Cash on Delivery
54279,1310,2024-09-20,2016,3,0.2,UPI
54280,1495,2024-05-17,2003,3,0.0,Net Banking
54281,1044,2025-11-25,2007,2,0.05,Credit Card
54282,1098,2025-07-19,2002,1,0.1,Debit Card
54283,1261,2025-04-06,2001,1,0.05,Debit Card
54284,1109,2024-06-16,2001,3,0.05,UPI
54285,1283,2025-09-22,2006,2,0.05,Credit Card
54286,1372,2025-10-16,2019,2,0.0,Credit Card
54287,1343,2024-03-21,2007,3,0.05,Cash on Delivery
54288,1104,2025-02-10,2005,2,0.15,Debit Card
54289,1256,2025-07-27,2018,1,0.1,Cash on Delivery
54290,1379,2024-02-15,2013,4,0.0,Credit Card
54291,1206,2025-08-21,2001,2,0.05,UPI
54292,1335,2025-09-02,2010,2,0.0,UPI
54293,1043,2024-02-22,2009,4,0.2,Net Banking
54294,1353,2025-12-04,2017,4,0.05,UPI
54295,1245,2025-04-20,2001,2,0.25,Debit Card
54296,1287,2025-08-14,2001,1,0.05,Net Banking
54297,1355,2024-01-16,2007,5,0.15,Debit Card
54298,1273,2024-12-25,2004,3,0.05,Cash on Delivery
54299,1476,2025-05-01,2012,2,0.0,Cash on Delivery
54300,1083,2025-12-06,2016,2,0.0,UPI
54301,1110,2025-05-16,2014,2,0.1,Net Banking
54302,1438,2024-05-20,2010,4,0.05,Debit Card
54303,1190,2025-09-11,2014,2,0.05,Debit Card
54304,1471,2025-03-22,2007,3,0.15,Credit Card
54305,1288,2024-10-16,2004,3,0.0,UPI
54306,1424,2024-07-27,2002,3,0.05,Cash on Delivery
54307,1397,2025-04-19,2018,3,0.15,Credit Card
54308,1251,2025-02-16,2016,3,0.1,Cash on Delivery
54309,1212,2025-11-07,2009,2,0.15,Cash on Delivery
54310,1291,2025-03-02,2005,1,0.05,Debit Card
54311,1133,2025-01-05,2009,3,0.05,Cash on Delivery
54312,1201,2025-10-25,2008,2,0.0,Net Banking
54313,1285,2024-10-16,2020,1,0.2,Cash on Delivery
54314,1326,2025-03-07,2016,1,0.2,Net Banking
54315,1409,2024-09-24,2020,1,0.25,Cash on Delivery
54316,1095,2024-05-30,2018,3,0.05,Credit Card
54317,1278,2025-12-19,2004,3,0.15,Debit Card
54318,1450,2024-09-11,2016,1,0.05,Credit Card
54319,1429,2024-12-18,2004,3,0.1,Debit Card
54320,1325,2025-01-11,2006,1,0.15,Credit Card
54321,1219,2025-10-14,2003,3,0.0,UPI
54322,1089,2024-12-23,2018,2,0.0,Cash on Delivery
54323,1072,2025-08-30,2015,3,0.05,Cash on Delivery
54324,1247,2025-01-04,2008,2,0.15,UPI
54325,1129,2024-08-14,2018,1,0.05,UPI
54326,1212,2025-12-05,2003,3,0.05,Net Banking
54327,1428,2024-10-29,2006,1,0.25,Credit Card
54328,1343,2025-01-23,2015,5,0.05,Cash on Delivery
54329,1096,2025-01-11,2012,2,0.0,Net Banking
54330,1075,2024-04-27,2005,2,0.1,Cash on Delivery
54331,1423,2024-01-05,2007,2,0.15,UPI
54332,1495,2025-03-19,2015,1,0.0,Net Banking
54333,1054,2024-12-17,2007,2,0.1,Net Banking
54334,1344,2025-06-16,2013,5,0.0,Net Banking
54335,1459,2025-10-25,2003,1,0.1,Credit Card
54336,1413,2025-10-01,2013,3,0.05,Net Banking
54337,1054,2024-05-03,2003,2,0.05,Cash on Delivery
54338,1218,2025-10-19,2002,2,0.1,Credit Card
54339,1016,2024-10-03,2004,1,0.2,Cash on Delivery
54340,1099,2025-01-28,2017,2,0.15,Net Banking
54341,1020,2025-10-25,2006,5,0.2,Net Banking
54342,1046,2024-12-25,2011,1,0.1,Cash on Delivery
54343,1451,2025-09-14,2006,2,0.0,Debit Card
54344,1193,2025-04-13,2002,2,0.05,Net Banking
54345,1383,2025-09-19,2017,2,0.2,Net Banking
54346,1058,2025-11-30,2003,2,0.1,Credit Card
54347,1437,2024-02-26,2012,2,0.25,Cash on Delivery
54348,1111,2024-09-07,2014,1,0.0,Net Banking
54349,1129,2024-05-29,2002,4,0.05,Cash on Delivery
54350,1337,2025-03-27,2005,3,0.05,Credit Card
54351,1194,2024-06-10,2010,1,0.05,Cash on Delivery
54352,1413,2024-04-29,2010,2,0.05,Cash on Delivery
54353,1340,2025-08-04,2009,3,0.05,Credit Card
54354,1326,2024-12-16,2013,5,0.1,Net Banking
54355,1008,2024-04-08,2010,4,0.05,Cash on Delivery
54356,1029,2024-06-15,2006,4,0.0,Debit Card
54357,1112,2025-10-24,2011,1,0.15,Net Banking
54358,1435,2025-05-28,2004,4,0.1,Credit Card
54359,1161,2025-10-25,2014,4,0.1,UPI
54360,1131,2025-02-04,2017,1,0.1,Debit Card
54361,1188,2024-12-30,2020,2,0.2,Net Banking
54362,1163,2025-07-30,2002,2,0.1,Credit Card
54363,1197,2024-11-21,2010,2,0.2,Debit Card
54364,1475,2025-08-03,2003,1,0.1,Net Banking
54365,1364,2025-09-24,2007,1,0.05,UPI
54366,1204,2025-09-12,2007,1,0.05,Net Banking
54367,1212,2024-09-03,2001,2,0.1,UPI
54368,1109,2025-03-09,2008,1,0.1,UPI
54369,1276,2024-04-02,2001,3,0.1,Cash on Delivery
54370,1073,2024-09-24,2008,1,0.0,Credit Card
54371,1167,2025-09-06,2014,4,0.1,Cash on Delivery
54372,1260,2025-09-15,2014,4,0.15,UPI
54373,1243,2024-11-16,2002,4,0.1,Credit Card
54374,1275,2024-03-02,2008,3,0.1,Credit Card
54375,1102,2024-10-26,2019,1,0.25,Credit Card
54376,1475,2025-02-06,2010,2,0.05,Debit Card
54377,1173,2025-10-09,2007,1,0.0,Net Banking
54378,1171,2025-07-20,2013,5,0.15,UPI
54379,1141,2025-09-11,2015,1,0.0,Credit Card
54380,1397,2024-10-29,2011,2,0.15,Debit Card
54381,1188,2024-09-09,2014,3,0.0,Debit Card
54382,1441,2025-04-22,2011,4,0.0,UPI
54383,1086,2025-01-03,2002,3,0.0,Cash on Delivery
54384,1476,2025-11-09,2002,2,0.05,Debit Card
54385,1052,2024-06-08,2012,2,0.0,UPI
54386,1111,2024-06-14,2015,2,0.0,Debit Card
54387,1437,2024-07-23,2017,1,0.15,UPI
54388,1365,2024-09-23,2014,4,0.15,Credit Card
54389,1342,2024-05-17,2016,2,0.15,Cash on Delivery
54390,1043,2025-01-02,2008,1,0.15,Debit Card
54391,1211,2025-03-18,2017,4,0.05,Debit Card
54392,1456,2025-07-20,2005,2,0.15,Debit Card
54393,1500,2025-12-21,2012,4,0.1,Net Banking
54394,1200,2024-01-17,2006,3,0.1,Net Banking
54395,1298,2024-03-08,2018,3,0.15,Credit Card
54396,1346,2024-05-12,2005,1,0.0,Debit Card
54397,1240,2025-11-30,2006,1,0.15,Cash on Delivery
54398,1115,2025-03-05,2009,4,0.05,Net Banking
54399,1026,2024-11-03,2015,4,0.0,UPI
54400,1407,2025-10-11,2010,2,0.0,UPI
54401,1299,2024-06-22,2017,2,0.0,UPI
54402,1077,2025-02-15,2019,1,0.2,Credit Card
54403,1412,2024-04-06,2012,5,0.25,Debit Card
54404,1137,2025-11-13,2009,1,0.05,Debit Card
54405,1020,2024-06-02,2015,1,0.05,Net Banking
54406,1440,2025-11-25,2014,2,0.0,UPI
54407,1211,2024-08-29,2001,1,0.15,Credit Card
54408,1240,2024-10-30,2017,4,0.0,Cash on Delivery
54409,1039,2024-10-11,2001,1,0.2,Debit Card
54410,1435,2024-01-27,2013,1,0.1,Debit Card
54411,1268,2025-02-05,2008,2,0.2,Credit Card
54412,1207,2024-12-25,2013,2,0.1,Net Banking
54413,1479,2024-02-29,2016,1,0.1,Credit Card
54414,1439,2024-07-20,2002,2,0.1,Net Banking
54415,1462,2025-08-03,2013,2,0.15,Debit Card
54416,1267,2025-01-04,2018,4,0.15,Net Banking
54417,1154,2025-06-16,2003,1,0.1,Net Banking
54418,1042,2024-05-31,2013,5,0.1,Net Banking
54419,1411,2024-04-11,2019,2,0.2,Net Banking
54420,1011,2025-08-29,2013,1,0.2,UPI
54421,1294,2025-03-21,2019,1,0.1,UPI
54422,1098,2024-08-16,2004,2,0.0,UPI
54423,1427,2024-05-04,2019,1,0.0,UPI
54424,1275,2024-08-23,2018,1,0.15,Credit Card
54425,1448,2024-06-10,2006,1,0.0,Cash on Delivery
54426,1390,2025-07-07,2019,2,0.0,Net Banking
54427,1430,2024-12-18,2004,2,0.0,Credit Card
54428,1372,2024-03-08,2004,1,0.1,UPI
54429,1230,2024-06-21,2007,2,0.1,Net Banking
54430,1369,2025-09-28,2007,3,0.05,Cash on Delivery
54431,1426,2025-11-12,2016,1,0.0,Net Banking
54432,1220,2025-07-12,2016,4,0.15,Debit Card
54433,1065,2024-09-17,2005,2,0.2,Debit Card
54434,1355,2024-08-04,2015,4,0.0,Credit Card
54435,1232,2024-05-03,2004,1,0.0,Cash on Delivery
54436,1328,2024-06-10,2013,5,0.1,Credit Card
54437,1443,2024-07-19,2019,2,0.15,Net Banking
54438,1052,2025-03-29,2007,2,0.15,Cash on Delivery
54439,1374,2025-02-05,2012,2,0.15,Credit Card
54440,1431,2025-04-06,2009,1,0.2,Net Banking
54441,1376,2024-10-01,2017,4,0.0,UPI
54442,1263,2024-07-24,2002,2,0.0,Net Banking
54443,1267,2024-02-09,2016,1,0.1,Credit Card
54444,1359,2024-09-29,2007,1,0.15,Cash on Delivery
54445,1317,2025-11-30,2018,1,0.1,Cash on Delivery
54446,1324,2024-04-02,2007,2,0.25,UPI
54447,1409,2024-02-11,2001,2,0.15,Credit Card
54448,1396,2025-04-09,2003,2,0.15,UPI
54449,1154,2025-01-13,2011,1,0.0,Debit Card
54450,1358,2024-04-16,2015,2,0.0,Net Banking
54451,1366,2024-11-23,2003,2,0.15,Debit Card
54452,1140,2024-03-05,2013,1,0.0,Debit Card
54453,1427,2024-12-30,2004,1,0.0,UPI
54454,1051,2025-04-28,2008,1,0.2,UPI
54455,1117,2025-10-08,2004,4,0.2,Net Banking
54456,1421,2024-01-24,2018,3,0.0,UPI
54457,1046,2025-06-23,2007,5,0.15,UPI
54458,1309,2024-03-02,2011,1,0.0,UPI
54459,1088,2025-05-05,2004,4,0.05,UPI
54460,1208,2024-09-29,2013,2,0.1,UPI
54461,1377,2024-08-16,2009,2,0.15,Debit Card
54462,1269,2024-01-20,2009,1,0.0,Debit Card
54463,1089,2024-01-03,2019,3,0.05,Net Banking
54464,1381,2025-02-24,2003,4,0.0,Cash on Delivery
54465,1118,2025-12-30,2012,1,0.25,Net Banking
54466,1054,2024-11-02,2011,1,0.1,Credit Card
54467,1441,2025-03-07,2020,3,0.05,Net Banking
54468,1116,2024-05-15,2011,5,0.0,Net Banking
54469,1118,2025-05-29,2017,3,0.1,UPI
54470,1260,2024-07-11,2014,1,0.1,UPI
54471,1075,2025-08-07,2016,2,0.15,UPI
54472,1480,2025-02-18,2010,2,0.05,Cash on Delivery
54473,1305,2024-04-27,2004,3,0.25,UPI
54474,1007,2025-10-27,2010,3,0.05,Credit Card
54475,1366,2024-07-27,2020,2,0.05,Debit Card
54476,1122,2024-02-03,2012,1,0.05,Credit Card
54477,1011,2025-10-10,2009,4,0.1,Cash on Delivery
54478,1348,2024-11-13,2015,2,0.2,UPI
54479,1438,2024-04-29,2009,5,0.15,Net Banking
54480,1489,2025-09-18,2007,2,0.1,Debit Card
54481,1215,2025-06-08,2012,3,0.0,Cash on Delivery
54482,1429,2025-08-03,2020,3,0.0,Credit Card
54483,1279,2024-03-29,2014,1,0.1,UPI
54484,1498,2025-05-26,2016,5,0.15,Cash on Delivery
54485,1028,2024-02-16,2019,1,0.15,Cash on Delivery
54486,1235,2025-11-22,2003,3,0.0,Net Banking
54487,1367,2025-06-05,2011,5,0.0,Net Banking
54488,1313,2024-10-10,2020,1,0.05,Net Banking
54489,1026,2025-01-11,2019,2,0.2,Credit Card
54490,1409,2025-09-29,2008,2,0.1,Net Banking
54491,1054,2024-05-13,2020,3,0.05,Cash on Delivery
54492,1029,2025-10-28,2008,4,0.05,Cash on Delivery
54493,1467,2024-09-04,2003,2,0.0,Cash on Delivery
54494,1353,2025-10-13,2010,3,0.1,Debit Card
54495,1164,2024-11-13,2013,1,0.15,Debit Card
54496,1270,2025-03-11,2009,1,0.25,Credit Card
54497,1334,2024-06-24,2006,2,0.1,Net Banking
54498,1035,2025-11-16,2015,2,0.0,Cash on Delivery
54499,1286,2025-08-08,2016,1,0.1,Net Banking
54500,1348,2024-12-16,2005,3,0.15,Cash on Delivery
54501,1273,2024-05-22,2013,2,0.0,Debit Card
54502,1451,2025-02-01,2019,3,0.15,Cash on Delivery
54503,1208,2025-09-15,2002,1,0.15,Credit Card
54504,1238,2025-12-18,2006,2,0.1,UPI
54505,1414,2025-10-04,2001,2,0.1,Cash on Delivery
54506,1500,2025-01-03,2015,4,0.15,Credit Card
54507,1093,2025-05-15,2015,3,0.1,Debit Card
54508,1173,2025-09-13,2014,3,0.0,Debit Card
54509,1079,2025-01-04,2007,4,0.0,UPI
54510,1110,2025-08-01,2005,2,0.0,Net Banking
54511,1217,2025-01-16,2020,1,0.15,Net Banking
54512,1435,2024-03-26,2016,4,0.05,Cash on Delivery
54513,1358,2025-04-04,2017,3,0.1,Debit Card
54514,1106,2024-11-20,2011,2,0.15,Credit Card
54515,1047,2025-06-05,2015,3,0.05,UPI
54516,1181,2025-05-03,2020,4,0.15,Net Banking
54517,1064,2025-01-31,2016,5,0.05,Cash on Delivery
54518,1246,2024-12-20,2003,4,0.05,Cash on Delivery
54519,1244,2024-10-14,2006,1,0.05,Debit Card
54520,1422,2025-04-03,2013,2,0.25,Credit Card
54521,1320,2025-09-15,2001,1,0.15,Credit Card
54522,1087,2025-06-19,2014,1,0.0,Net Banking
54523,1217,2024-10-17,2002,4,0.2,Cash on Delivery
54524,1490,2024-06-16,2002,1,0.15,Debit Card
54525,1007,2025-09-12,2015,2,0.0,Credit Card
54526,1278,2025-03-03,2018,2,0.0,Cash on Delivery
54527,1337,2025-12-02,2009,3,0.05,Credit Card
54528,1210,2025-05-04,2003,1,0.1,UPI
54529,1497,2024-12-20,2004,1,0.1,Credit Card
54530,1169,2024-07-14,2015,2,0.05,Credit Card
54531,1330,2025-06-28,2005,1,0.05,Cash on Delivery
54532,1138,2025-12-17,2020,5,0.0,Credit Card
54533,1441,2025-11-24,2020,3,0.0,Credit Card
54534,1391,2025-10-20,2005,2,0.1,UPI
54535,1496,2024-01-11,2010,4,0.05,Credit Card
54536,1381,2025-08-04,2016,1,0.1,Credit Card
54537,1306,2024-09-12,2012,3,0.2,Cash on Delivery
54538,1230,2025-01-30,2014,1,0.0,Debit Card
54539,1475,2025-12-31,2011,3,0.0,UPI
54540,1308,2025-02-12,2019,2,0.0,Credit Card
54541,1161,2024-12-27,2006,1,0.1,Debit Card
54542,1001,2024-09-15,2010,1,0.15,Cash on Delivery
54543,1236,2024-01-03,2020,2,0.1,UPI
54544,1437,2024-03-24,2003,3,0.1,Cash on Delivery
54545,1188,2024-06-04,2015,1,0.05,Debit Card
54546,1418,2025-10-24,2011,2,0.05,UPI
54547,1004,2024-06-24,2002,3,0.05,Credit Card
54548,1401,2025-12-07,2006,2,0.1,Debit Card
54549,1132,2025-04-16,2017,3,0.0,Cash on Delivery
54550,1427,2025-09-10,2018,1,0.15,UPI
54551,1218,2025-02-27,2004,2,0.1,Debit Card
54552,1260,2024-05-13,2009,4,0.05,Debit Card
54553,1001,2025-01-14,2010,2,0.1,Cash on Delivery
54554,1071,2025-10-28,2002,2,0.25,Cash on Delivery
54555,1478,2024-10-03,2011,3,0.0,Credit Card
54556,1178,2024-08-23,2011,1,0.0,Credit Card
54557,1457,2024-01-13,2011,3,0.05,Debit Card
54558,1189,2024-12-07,2001,4,0.1,Cash on Delivery
54559,1291,2024-02-04,2014,1,0.0,Debit Card
54560,1008,2025-07-12,2001,4,0.2,Net Banking
54561,1253,2024-08-01,2009,1,0.1,Cash on Delivery
54562,1408,2025-02-15,2001,2,0.15,Net Banking
54563,1467,2025-02-08,2004,3,0.05,Net Banking
54564,1292,2025-05-08,2001,3,0.15,Cash on Delivery
54565,1434,2025-10-19,2019,4,0.05,Credit Card
54566,1244,2024-06-07,2010,4,0.05,Debit Card
54567,1123,2025-09-28,2015,2,0.2,UPI
54568,1299,2024-04-19,2020,2,0.0,UPI
54569,1283,2025-07-02,2004,2,0.2,Cash on Delivery
54570,1032,2025-06-09,2020,1,0.1,Credit Card
54571,1334,2024-12-12,2014,2,0.25,Credit Card
54572,1377,2025-09-27,2005,3,0.1,Credit Card
54573,1146,2024-10-05,2015,2,0.15,UPI
54574,1156,2025-04-23,2015,3,0.0,Net Banking
54575,1413,2024-04-20,2016,3,0.1,UPI
54576,1016,2025-09-27,2016,1,0.15,Credit Card
54577,1355,2025-03-06,2004,2,0.15,UPI
54578,1047,2025-06-25,2009,2,0.0,UPI
54579,1251,2024-04-24,2001,2,0.05,Debit Card
54580,1187,2024-03-30,2005,3,0.05,Cash on Delivery
54581,1031,2024-07-30,2009,2,0.0,Net Banking
54582,1260,2025-07-03,2020,4,0.05,Debit Card
54583,1421,2025-08-17,2005,3,0.15,Cash on Delivery
54584,1017,2025-06-22,2004,2,0.05,Credit Card
54585,1039,2025-12-29,2016,3,0.05,Debit Card
54586,1304,2024-12-25,2002,1,0.25,Cash on Delivery
54587,1430,2025-04-30,2016,1,0.0,Debit Card
54588,1474,2025-01-06,2018,1,0.1,UPI
54589,1432,2024-08-02,2002,2,0.15,UPI
54590,1039,2024-01-15,2016,1,0.15,Debit Card
54591,1489,2024-09-15,2001,5,0.15,Debit Card
54592,1132,2025-04-07,2016,2,0.15,Net Banking
54593,1030,2024-04-29,2003,2,0.0,Credit Card
54594,1158,2024-05-07,2015,1,0.1,UPI
54595,1278,2025-12-23,2011,1,0.15,Debit Card
54596,1203,2025-06-06,2010,1,0.0,Cash on Delivery
54597,1066,2025-11-18,2017,3,0.0,Credit Card
54598,1108,2025-10-06,2004,2,0.15,Cash on Delivery
54599,1268,2024-11-20,2017,2,0.15,Credit Card
54600,1222,2024-11-15,2004,2,0.05,Cash on Delivery
54601,1292,2025-05-20,2019,3,0.2,UPI
54602,1018,2025-06-09,2001,1,0.15,Debit Card
54603,1090,2024-02-19,2014,3,0.25,Debit Card
54604,1181,2025-08-06,2011,2,0.2,Net Banking
54605,1255,2024-03-09,2007,2,0.1,Debit Card
54606,1455,2025-01-25,2017,1,0.15,UPI
54607,1253,2025-01-17,2004,2,0.1,Credit Card
54608,1257,2024-01-16,2010,1,0.15,Credit Card
54609,1383,2025-03-14,2017,5,0.15,Debit Card
54610,1442,2025-07-21,2004,2,0.0,Cash on Delivery
54611,1346,2025-09-08,2019,5,0.0,Debit Card
54612,1087,2024-05-11,2018,2,0.05,Credit Card
54613,1090,2025-07-13,2017,1,0.15,Net Banking
54614,1237,2024-09-04,2006,2,0.15,Credit Card
54615,1390,2024-09-29,2007,1,0.1,Cash on Delivery
54616,1070,2025-09-14,2006,4,0.1,Cash on Delivery
54617,1044,2024-12-14,2012,3,0.15,Net Banking
54618,1200,2025-04-28,2009,3,0.05,Cash on Delivery
54619,1152,2025-07-03,2018,2,0.0,Debit Card
54620,1086,2024-12-22,2002,2,0.1,Debit Card
54621,1019,2024-11-13,2017,5,0.2,Credit Card
54622,1101,2025-09-24,2001,1,0.15,UPI
54623,1402,2024-02-17,2009,3,0.05,Debit Card
54624,1095,2024-01-10,2006,2,0.0,Debit Card
54625,1254,2024-08-20,2002,5,0.1,Net Banking
54626,1357,2024-02-05,2006,3,0.15,Debit Card
54627,1030,2025-02-16,2009,5,0.1,Credit Card
54628,1249,2025-04-06,2003,2,0.05,Net Banking
54629,1426,2024-01-04,2016,1,0.0,Debit Card
54630,1033,2024-02-13,2015,2,0.2,Credit Card
54631,1458,2025-07-21,2012,3,0.05,Net Banking
54632,1229,2025-07-07,2008,3,0.0,UPI
54633,1012,2024-09-11,2006,1,0.15,Credit Card
54634,1118,2024-04-23,2003,2,0.25,Debit Card
54635,1350,2025-01-31,2004,1,0.1,Net Banking
54636,1155,2024-06-22,2010,4,0.1,UPI
54637,1423,2024-09-11,2014,1,0.05,Credit Card
54638,1393,2025-04-10,2015,2,0.0,UPI
54639,1246,2024-10-03,2007,1,0.0,Credit Card
54640,1405,2025-04-08,2007,1,0.1,Debit Card
54641,1332,2025-05-16,2008,4,0.0,Credit Card
54642,1247,2025-03-16,2010,1,0.2,Debit Card
54643,1029,2024-03-09,2019,1,0.0,Credit Card
54644,1161,2025-05-23,2019,1,0.1,Net Banking
54645,1235,2024-11-21,2002,2,0.1,Credit Card
54646,1190,2024-03-07,2015,2,0.1,Credit Card
54647,1117,2024-10-30,2001,1,0.05,Cash on Delivery
54648,1271,2025-04-28,2010,3,0.15,Cash on Delivery
54649,1258,2025-07-01,2006,1,0.05,Credit Card
54650,1180,2025-02-20,2013,3,0.15,Cash on Delivery
54651,1487,2024-06-07,2010,3,0.1,Debit Card
54652,1373,2024-05-28,2012,5,0.0,Cash on Delivery
54653,1172,2024-01-27,2006,4,0.1,Credit Card
54654,1438,2025-08-06,2006,1,0.1,UPI
54655,1274,2024-09-04,2001,2,0.2,UPI
54656,1259,2024-04-10,2012,3,0.2,Credit Card
54657,1135,2025-12-02,2010,1,0.0,Credit Card
54658,1171,2024-04-05,2014,1,0.0,UPI
54659,1210,2025-01-18,2015,1,0.05,Net Banking
54660,1236,2024-10-08,2004,2,0.25,Cash on Delivery
54661,1422,2024-11-17,2001,2,0.0,Net Banking
54662,1421,2025-01-30,2008,1,0.1,Debit Card
54663,1186,2024-10-04,2003,1,0.1,UPI
54664,1417,2025-06-12,2014,3,0.1,UPI
54665,1364,2024-09-19,2017,1,0.0,Net Banking
54666,1443,2025-09-10,2002,5,0.0,Debit Card
54667,1095,2025-08-02,2015,1,0.05,Net Banking
54668,1378,2025-10-01,2006,2,0.0,Debit Card
54669,1011,2024-10-19,2005,2,0.0,Credit Card
54670,1068,2024-10-20,2014,1,0.0,Credit Card
54671,1379,2025-08-30,2019,2,0.1,UPI
54672,1210,2025-01-29,2009,2,0.05,Credit Card
54673,1196,2025-05-27,2008,3,0.05,Net Banking
54674,1369,2024-06-28,2003,3,0.05,Debit Card
54675,1098,2025-11-23,2018,1,0.0,UPI
54676,1093,2024-08-22,2008,1,0.05,Credit Card
54677,1472,2024-12-02,2016,1,0.0,UPI
54678,1022,2024-01-08,2015,1,0.1,UPI
54679,1450,2025-03-18,2015,2,0.0,Debit Card
54680,1172,2025-06-22,2016,5,0.2,Net Banking
54681,1383,2025-10-19,2001,2,0.0,Net Banking
54682,1134,2024-03-31,2010,3,0.2,Cash on Delivery
54683,1426,2024-09-28,2019,3,0.15,Net Banking
54684,1025,2024-01-05,2005,3,0.1,Credit Card
54685,1185,2025-08-16,2018,1,0.2,Cash on Delivery
54686,1085,2024-08-06,2003,3,0.0,Cash on Delivery
54687,1055,2024-04-27,2004,4,0.0,Cash on Delivery
54688,1251,2025-08-15,2004,1,0.05,Cash on Delivery
54689,1144,2025-08-04,2011,1,0.0,Net Banking
54690,1351,2024-04-24,2009,5,0.05,Cash on Delivery
54691,1398,2024-09-19,2001,3,0.1,Credit Card
54692,1167,2024-11-01,2016,1,0.0,Credit Card
54693,1412,2025-10-15,2009,2,0.05,UPI
54694,1224,2025-02-25,2011,2,0.0,Credit Card
54695,1220,2024-07-25,2006,2,0.1,UPI
54696,1179,2025-09-14,2017,1,0.25,Credit Card
54697,1119,2024-10-29,2012,1,0.1,Cash on Delivery
54698,1433,2024-04-21,2008,2,0.05,Debit Card
54699,1265,2025-02-20,2016,3,0.05,Cash on Delivery
54700,1442,2025-07-08,2005,4,0.15,Net Banking
54701,1429,2024-10-11,2001,1,0.0,UPI
54702,1150,2025-10-01,2017,3,0.2,Debit Card
54703,1416,2024-07-03,2008,1,0.05,Credit Card
54704,1453,2024-08-08,2010,2,0.05,Cash on Delivery
54705,1215,2025-03-19,2018,4,0.25,UPI
54706,1197,2024-04-26,2015,2,0.2,UPI
54707,1042,2024-03-10,2020,1,0.1,Credit Card
54708,1053,2024-03-10,2013,1,0.0,UPI
54709,1480,2025-09-13,2010,2,0.15,Credit Card
54710,1443,2025-03-02,2009,3,0.05,Credit Card
54711,1330,2025-10-05,2013,5,0.05,Cash on Delivery
54712,1251,2025-07-21,2003,3,0.0,UPI
54713,1295,2025-03-18,2003,4,0.1,Net Banking
54714,1378,2025-08-23,2001,3,0.15,Net Banking
54715,1271,2024-05-16,2002,4,0.05,Cash on Delivery
54716,1455,2025-05-18,2011,1,0.2,Cash on Delivery
54717,1413,2024-05-10,2014,4,0.0,Credit Card
54718,1123,2024-08-05,2010,2,0.0,Net Banking
54719,1367,2025-11-18,2007,4,0.1,UPI
54720,1387,2024-06-19,2001,1,0.15,Net Banking
54721,1339,2025-04-19,2007,3,0.2,Cash on Delivery
54722,1266,2025-09-03,2015,3,0.15,Cash on Delivery
54723,1348,2024-05-08,2011,5,0.0,Credit Card
54724,1029,2024-02-26,2006,3,0.25,UPI
54725,1463,2024-06-29,2007,2,0.2,Cash on Delivery
54726,1035,2024-09-02,2007,2,0.0,UPI
54727,1006,2024-05-23,2001,1,0.1,Net Banking
54728,1396,2024-02-20,2010,1,0.1,Credit Card
54729,1111,2025-01-02,2015,1,0.05,Net Banking
54730,1294,2025-04-03,2008,1,0.25,Cash on Delivery
54731,1077,2024-08-05,2019,2,0.0,Cash on Delivery
54732,1349,2025-09-07,2003,4,0.1,UPI
54733,1147,2025-07-20,2015,4,0.0,Cash on Delivery
54734,1067,2024-09-13,2004,1,0.1,UPI
54735,1392,2024-06-04,2006,1,0.15,Debit Card
54736,1008,2025-07-18,2010,1,0.0,Cash on Delivery
54737,1122,2025-03-17,2018,1,0.05,Net Banking
54738,1340,2025-11-29,2016,1,0.2,Net Banking
54739,1175,2025-10-23,2018,2,0.15,UPI
54740,1388,2025-12-23,2006,2,0.1,Debit Card
54741,1179,2024-01-25,2019,2,0.0,Cash on Delivery
54742,1085,2025-10-25,2017,2,0.05,Credit Card
54743,1451,2025-06-19,2018,1,0.15,Credit Card
54744,1045,2024-02-29,2013,3,0.15,Net Banking
54745,1136,2025-04-11,2007,3,0.0,Cash on Delivery
54746,1343,2025-03-09,2020,1,0.1,Credit Card
54747,1016,2024-03-06,2012,1,0.0,UPI
54748,1333,2025-07-18,2002,1,0.0,Cash on Delivery
54749,1195,2024-04-15,2012,1,0.1,Net Banking
54750,1496,2024-04-05,2012,2,0.0,Debit Card
54751,1009,2025-11-18,2004,1,0.0,UPI
54752,1316,2025-07-04,2004,2,0.15,UPI
54753,1334,2024-06-16,2018,1,0.1,Cash on Delivery
54754,1333,2024-02-11,2016,3,0.15,Debit Card
54755,1327,2024-04-13,2014,1,0.1,UPI
54756,1015,2024-07-22,2017,2,0.15,Debit Card
54757,1327,2025-06-03,2017,1,0.05,Net Banking
54758,1102,2024-10-08,2003,1,0.05,UPI
54759,1226,2024-02-12,2006,4,0.1,Credit Card
54760,1425,2024-04-19,2013,2,0.0,Net Banking
54761,1278,2024-07-28,2009,1,0.15,Net Banking
54762,1408,2024-02-18,2009,2,0.1,UPI
54763,1113,2024-04-24,2008,2,0.0,Credit Card
54764,1485,2024-06-03,2017,2,0.1,Debit Card
54765,1428,2025-10-10,2016,2,0.2,Credit Card
54766,1001,2025-05-17,2016,4,0.0,Net Banking
54767,1266,2025-11-09,2019,1,0.0,UPI
54768,1491,2025-12-11,2016,2,0.15,Credit Card
54769,1208,2024-03-11,2014,1,0.0,Credit Card
54770,1110,2025-06-02,2020,3,0.0,Net Banking
54771,1200,2025-12-12,2014,4,0.05,Debit Card
54772,1440,2024-12-01,2014,3,0.1,Credit Card
54773,1369,2024-03-07,2014,3,0.1,Credit Card
54774,1473,2025-05-07,2012,5,0.1,Cash on Delivery
54775,1306,2025-10-11,2006,3,0.2,Net Banking
54776,1012,2024-07-31,2020,3,0.15,Cash on Delivery
54777,1345,2024-06-29,2013,5,0.25,Net Banking
54778,1465,2025-09-04,2016,1,0.1,Net Banking
54779,1188,2025-08-21,2009,2,0.0,Cash on Delivery
54780,1154,2025-11-27,2002,3,0.2,Debit Card
54781,1494,2025-08-25,2003,4,0.0,Debit Card
54782,1368,2024-09-04,2010,4,0.15,Net Banking
54783,1334,2024-08-01,2020,3,0.0,Cash on Delivery
54784,1425,2024-12-24,2002,4,0.15,Credit Card
54785,1420,2024-09-05,2010,2,0.2,Net Banking
54786,1377,2025-09-29,2008,1,0.05,Net Banking
54787,1279,2025-05-30,2017,1,0.0,UPI
54788,1171,2024-03-28,2001,2,0.0,Debit Card
54789,1134,2025-10-24,2006,2,0.1,Cash on Delivery
54790,1495,2024-06-24,2007,2,0.0,Credit Card
54791,1453,2025-12-23,2015,2,0.1,Credit Card
54792,1427,2025-03-01,2018,4,0.05,Net Banking
54793,1025,2025-08-25,2009,1,0.05,Credit Card
54794,1018,2025-12-03,2008,3,0.1,Credit Card
54795,1190,2024-03-21,2010,4,0.1,Net Banking
54796,1141,2024-05-17,2004,2,0.0,Debit Card
54797,1043,2025-03-08,2020,2,0.15,UPI
54798,1334,2025-04-14,2008,3,0.2,Debit Card
54799,1284,2024-12-15,2001,3,0.05,Debit Card
54800,1146,2024-05-05,2008,1,0.0,UPI
54801,1315,2024-11-04,2012,1,0.15,Net Banking
54802,1444,2024-08-17,2015,1,0.0,Debit Card
54803,1319,2025-04-04,2013,1,0.0,Cash on Delivery
54804,1441,2024-12-10,2016,1,0.1,Cash on Delivery
54805,1092,2024-11-05,2018,1,0.0,UPI
54806,1179,2024-01-20,2001,2,0.0,Cash on Delivery
54807,1056,2025-07-14,2017,4,0.25,Net Banking
54808,1155,2025-10-08,2016,3,0.05,Credit Card
54809,1160,2025-06-24,2005,4,0.2,Net Banking
54810,1111,2025-07-13,2020,3,0.0,UPI
54811,1137,2025-04-21,2010,3,0.15,Credit Card
54812,1232,2024-09-25,2006,2,0.1,Cash on Delivery
54813,1480,2024-01-03,2012,1,0.0,Debit Card
54814,1468,2024-01-16,2010,3,0.15,Cash on Delivery
54815,1220,2025-08-28,2017,4,0.2,Net Banking
54816,1481,2024-12-23,2002,2,0.0,Net Banking
54817,1068,2025-10-07,2019,1,0.15,UPI
54818,1302,2024-05-12,2020,3,0.05,Debit Card
54819,1249,2024-11-07,2006,1,0.15,Debit Card
54820,1482,2025-04-26,2013,1,0.15,Credit Card
54821,1496,2025-06-27,2009,3,0.0,Credit Card
54822,1323,2024-10-31,2012,2,0.0,Net Banking
54823,1410,2024-09-25,2018,3,0.1,UPI
54824,1392,2025-02-17,2008,4,0.2,Net Banking
54825,1006,2024-01-25,2018,2,0.05,Debit Card
54826,1464,2024-11-11,2002,2,0.1,Debit Card
54827,1280,2025-07-24,2008,1,0.0,Net Banking
54828,1432,2025-12-25,2010,1,0.15,Debit Card
54829,1487,2025-10-29,2009,3,0.1,Credit Card
54830,1094,2024-10-02,2018,2,0.15,Debit Card
54831,1429,2025-01-23,2008,1,0.2,Credit Card
54832,1269,2025-12-22,2019,1,0.0,Cash on Delivery
54833,1197,2025-03-19,2003,2,0.05,UPI
54834,1025,2025-03-02,2009,2,0.25,UPI
54835,1148,2024-02-26,2013,2,0.0,Debit Card
54836,1118,2025-11-27,2009,2,0.15,UPI
54837,1338,2025-07-19,2020,1,0.15,Cash on Delivery
54838,1367,2025-12-21,2012,2,0.1,Debit Card
54839,1338,2025-01-02,2013,4,0.0,Credit Card
54840,1066,2024-12-07,2008,1,0.0,Cash on Delivery
54841,1458,2024-10-30,2015,3,0.1,Cash on Delivery
54842,1301,2025-01-08,2013,2,0.0,UPI
54843,1370,2024-04-21,2013,3,0.1,Credit Card
54844,1175,2024-01-06,2017,1,0.1,Net Banking
54845,1319,2025-12-03,2015,4,0.05,Cash on Delivery
54846,1076,2024-10-05,2019,2,0.05,UPI
54847,1495,2025-01-16,2003,3,0.2,Cash on Delivery
54848,1461,2024-01-13,2014,1,0.1,Credit Card
54849,1114,2024-10-29,2010,3,0.1,Credit Card
54850,1111,2025-07-09,2017,3,0.2,Debit Card
54851,1249,2025-09-08,2008,2,0.1,Net Banking
54852,1439,2024-06-08,2018,2,0.2,Net Banking
54853,1203,2024-06-02,2012,2,0.0,UPI
54854,1147,2024-06-29,2017,1,0.15,Net Banking
54855,1035,2025-06-09,2011,3,0.05,Credit Card
54856,1487,2024-06-28,2009,1,0.15,Net Banking
54857,1309,2025-01-11,2015,1,0.15,UPI
54858,1026,2024-06-16,2009,2,0.05,Cash on Delivery
54859,1238,2024-08-01,2012,1,0.05,Net Banking
54860,1014,2024-05-29,2011,5,0.15,Net Banking
54861,1374,2024-01-16,2017,4,0.0,Credit Card
54862,1045,2024-03-31,2006,2,0.15,Credit Card
54863,1428,2024-04-29,2008,3,0.0,Cash on Delivery
54864,1216,2024-09-09,2010,4,0.2,Debit Card
54865,1233,2024-02-29,2015,1,0.05,Net Banking
54866,1193,2024-09-22,2004,3,0.1,Credit Card
54867,1051,2025-02-12,2018,1,0.0,Debit Card
54868,1427,2024-01-31,2011,2,0.05,Net Banking
54869,1375,2024-01-21,2009,2,0.05,Net Banking
54870,1214,2025-12-31,2009,3,0.1,Debit Card
54871,1151,2025-08-15,2008,1,0.0,Credit Card
54872,1440,2024-10-15,2003,1,0.2,Cash on Delivery
54873,1275,2025-06-26,2018,2,0.0,Net Banking
54874,1338,2025-05-12,2014,1,0.15,UPI
54875,1076,2025-04-18,2003,3,0.1,UPI
54876,1439,2025-02-08,2017,2,0.1,UPI
54877,1220,2025-07-01,2004,1,0.0,Cash on Delivery
54878,1348,2024-05-11,2018,1,0.1,Net Banking
54879,1444,2024-11-19,2015,2,0.1,Credit Card
54880,1187,2024-05-11,2019,2,0.0,Credit Card
54881,1289,2025-06-04,2006,1,0.0,Cash on Delivery
54882,1403,2024-01-30,2015,1,0.0,Net Banking
54883,1028,2025-09-18,2007,1,0.0,Debit Card
54884,1379,2024-10-27,2012,1,0.0,Debit Card
54885,1180,2024-01-04,2016,2,0.0,Net Banking
54886,1253,2024-11-20,2009,3,0.1,Net Banking
54887,1126,2025-05-23,2020,2,0.05,Credit Card
54888,1177,2024-08-24,2005,3,0.05,Cash on Delivery
54889,1037,2025-06-18,2011,1,0.0,Cash on Delivery
54890,1410,2024-01-16,2002,2,0.1,Credit Card
54891,1099,2025-06-17,2016,2,0.05,UPI
54892,1098,2025-08-06,2004,2,0.1,Debit Card
54893,1127,2025-03-21,2005,3,0.15,Net Banking
54894,1483,2025-05-17,2007,3,0.1,Debit Card
54895,1168,2024-08-17,2006,2,0.05,Debit Card
54896,1080,2024-04-16,2010,1,0.1,Cash on Delivery
54897,1294,2025-12-20,2014,3,0.05,Credit Card
54898,1333,2025-01-23,2008,3,0.2,UPI
54899,1126,2025-12-20,2014,5,0.15,UPI
54900,1343,2024-09-19,2014,3,0.1,Credit Card
54901,1310,2025-07-16,2020,3,0.25,Debit Card
54902,1150,2024-03-05,2003,2,0.1,Credit Card
54903,1016,2024-09-21,2001,4,0.05,Credit Card
54904,1028,2024-12-03,2009,5,0.0,Net Banking
54905,1496,2024-10-27,2009,3,0.1,Net Banking
54906,1419,2025-01-12,2002,2,0.15,Debit Card
54907,1444,2024-06-23,2016,1,0.15,Cash on Delivery
54908,1173,2024-05-31,2008,3,0.1,UPI
54909,1046,2025-04-20,2006,3,0.05,Net Banking
54910,1328,2024-09-22,2013,3,0.1,Debit Card
54911,1236,2024-11-24,2001,1,0.15,Credit Card
54912,1439,2024-06-11,2019,2,0.05,Net Banking
54913,1214,2025-03-13,2015,1,0.1,Credit Card
54914,1085,2024-12-08,2001,3,0.1,Credit Card
54915,1282,2025-01-01,2010,1,0.15,Net Banking
54916,1232,2025-04-09,2001,3,0.15,Debit Card
54917,1085,2024-07-17,2012,1,0.0,UPI
54918,1409,2025-05-14,2011,1,0.0,Debit Card
54919,1489,2024-01-16,2017,2,0.15,Cash on Delivery
54920,1065,2024-10-22,2004,1,0.15,Cash on Delivery
54921,1134,2025-05-25,2007,2,0.05,UPI
54922,1151,2024-08-26,2012,4,0.1,Cash on Delivery
54923,1115,2025-08-03,2013,5,0.2,Credit Card
54924,1064,2024-10-27,2005,1,0.2,Cash on Delivery
54925,1343,2024-01-06,2006,3,0.15,Net Banking
54926,1427,2024-08-07,2002,1,0.0,Credit Card
54927,1363,2025-03-28,2007,4,0.15,Debit Card
54928,1407,2025-03-08,2014,3,0.0,UPI
54929,1352,2025-01-20,2014,1,0.2,Net Banking
54930,1158,2025-09-10,2010,2,0.0,Net Banking
54931,1077,2024-10-21,2004,1,0.1,UPI
54932,1491,2024-04-27,2003,3,0.1,Cash on Delivery
54933,1146,2025-02-08,2014,2,0.15,UPI
54934,1343,2025-11-10,2006,3,0.1,UPI
54935,1463,2025-08-16,2015,2,0.0,Cash on Delivery
54936,1225,2025-07-19,2008,5,0.15,Debit Card
54937,1405,2024-01-12,2005,4,0.05,UPI
54938,1313,2024-07-27,2003,2,0.05,Cash on Delivery
54939,1103,2024-06-13,2003,3,0.25,Net Banking
54940,1407,2024-10-20,2013,3,0.1,UPI
54941,1347,2025-06-02,2002,4,0.15,UPI
54942,1301,2024-03-18,2001,1,0.1,Debit Card
54943,1428,2025-03-09,2012,1,0.15,Debit Card
54944,1466,2025-07-30,2008,1,0.15,Net Banking
54945,1088,2025-09-05,2019,2,0.1,Debit Card
54946,1371,2025-11-13,2009,1,0.25,Net Banking
54947,1303,2024-03-17,2014,2,0.1,UPI
54948,1168,2024-02-17,2018,2,0.15,Cash on Delivery
54949,1435,2024-03-22,2010,2,0.15,Debit Card
54950,1170,2025-12-21,2009,2,0.05,Net Banking
54951,1135,2024-07-27,2006,1,0.1,Debit Card
54952,1050,2025-03-20,2001,4,0.25,Debit Card
54953,1432,2025-08-18,2005,4,0.0,Credit Card
54954,1340,2025-06-05,2010,2,0.05,UPI
54955,1347,2024-01-29,2013,4,0.1,Debit Card
54956,1134,2024-10-30,2004,1,0.0,Cash on Delivery
54957,1347,2025-04-09,2001,3,0.2,Credit Card
54958,1137,2025-05-16,2002,1,0.05,Net Banking
54959,1245,2025-03-21,2004,2,0.05,Net Banking
54960,1109,2025-09-19,2017,1,0.15,Cash on Delivery
54961,1313,2025-05-04,2010,2,0.05,Cash on Delivery
54962,1287,2025-03-03,2012,1,0.1,UPI
54963,1021,2025-07-12,2002,2,0.15,Cash on Delivery
54964,1090,2024-12-24,2003,1,0.15,Net Banking
54965,1296,2024-03-31,2014,4,0.15,UPI
54966,1112,2024-02-22,2015,2,0.0,Cash on Delivery
54967,1301,2025-12-30,2013,1,0.0,Cash on Delivery
54968,1077,2025-08-11,2009,1,0.05,Net Banking
54969,1177,2024-07-22,2002,3,0.0,UPI
54970,1343,2025-07-09,2019,2,0.1,Credit Card
54971,1148,2024-06-04,2016,2,0.05,Credit Card
54972,1101,2024-01-02,2011,2,0.1,UPI
54973,1246,2024-12-22,2012,1,0.05,Cash on Delivery
54974,1117,2025-07-22,2001,1,0.1,Cash on Delivery
54975,1092,2024-02-27,2002,2,0.05,UPI
54976,1401,2024-09-10,2016,1,0.0,Credit Card
54977,1028,2024-06-28,2002,1,0.1,Debit Card
54978,1425,2025-05-07,2019,1,0.1,Net Banking
54979,1450,2025-10-30,2010,1,0.15,UPI
54980,1025,2024-02-04,2019,1,0.15,Debit Card
54981,1058,2024-03-15,2010,5,0.15,Net Banking
54982,1498,2024-10-15,2016,2,0.1,Debit Card
54983,1297,2025-01-05,2013,3,0.0,Debit Card
54984,1134,2025-08-09,2016,1,0.0,Net Banking
54985,1331,2024-11-24,2018,1,0.15,Debit Card
54986,1249,2025-08-12,2008,3,0.0,Credit Card
54987,1038,2024-10-30,2018,2,0.05,UPI
54988,1390,2025-08-01,2013,1,0.0,Credit Card
54989,1429,2024-08-08,2007,2,0.0,Credit Card
54990,1075,2024-06-12,2018,2,0.15,Net Banking
54991,1142,2025-04-24,2006,3,0.05,Net Banking
54992,1322,2025-03-30,2009,1,0.05,Net Banking
54993,1168,2025-01-09,2006,2,0.0,Debit Card
54994,1259,2024-08-07,2018,3,0.1,Debit Card
54995,1373,2025-11-14,2017,5,0.15,UPI
54996,1355,2024-09-10,2012,3,0.05,Debit Card
54997,1225,2025-12-22,2003,1,0.15,UPI
54998,1152,2024-07-06,2005,3,0.0,Credit Card
54999,1019,2024-07-09,2007,3,0.1,UPI
55000,1146,2025-01-23,2010,3,0.15,UPI
55001,1448,2024-08-02,2010,3,0.25,Net Banking
55002,1241,2025-01-09,2019,4,0.0,Debit Card
55003,1372,2024-03-26,2004,1,0.0,Cash on Delivery
55004,1381,2025-04-18,2010,1,0.05,Cash on Delivery
55005,1344,2025-09-09,2018,3,0.0,Net Banking
55006,1237,2025-06-14,2003,1,0.0,Credit Card
55007,1035,2024-02-16,2003,1,0.05,Credit Card
55008,1190,2024-03-05,2005,2,0.05,Credit Card
55009,1001,2025-04-19,2016,3,0.2,UPI
55010,1484,2024-05-25,2020,1,0.0,Debit Card
55011,1153,2025-01-16,2013,2,0.25,Credit Card
55012,1429,2024-03-06,2011,1,0.15,Cash on Delivery
55013,1433,2025-05-31,2013,1,0.2,UPI
55014,1126,2024-04-02,2019,1,0.2,Credit Card
55015,1491,2025-03-01,2006,1,0.15,Credit Card
55016,1482,2025-04-12,2013,3,0.15,Debit Card
55017,1345,2024-04-03,2004,4,0.05,Debit Card
55018,1400,2025-09-09,2005,3,0.1,UPI
55019,1226,2024-05-12,2019,1,0.2,Cash on Delivery
55020,1221,2025-03-09,2005,2,0.05,Net Banking
55021,1403,2024-12-06,2014,1,0.0,Cash on Delivery
55022,1407,2024-11-09,2004,1,0.15,Debit Card
55023,1211,2025-08-13,2012,2,0.1,Debit Card
55024,1025,2024-07-30,2006,3,0.15,Net Banking
55025,1016,2025-06-03,2019,1,0.0,Cash on Delivery
55026,1182,2024-06-07,2010,1,0.1,Cash on Delivery
55027,1499,2024-09-24,2001,4,0.0,Net Banking
55028,1329,2025-10-22,2016,2,0.2,Debit Card
55029,1129,2025-08-25,2004,4,0.0,UPI
55030,1042,2025-04-18,2009,5,0.15,Cash on Delivery
55031,1403,2025-02-13,2018,2,0.0,Credit Card
55032,1481,2025-04-18,2017,1,0.0,Cash on Delivery
55033,1418,2024-12-21,2015,3,0.0,Cash on Delivery
55034,1336,2025-11-10,2019,1,0.05,Cash on Delivery
55035,1236,2024-07-11,2007,1,0.1,Debit Card
55036,1360,2025-11-29,2018,3,0.0,Credit Card
55037,1439,2024-09-27,2006,2,0.05,Cash on Delivery
55038,1402,2024-04-23,2019,1,0.0,UPI
55039,1034,2025-06-06,2012,2,0.15,Credit Card
55040,1345,2024-02-24,2003,3,0.0,Net Banking
55041,1381,2024-03-05,2001,1,0.05,UPI
55042,1045,2025-11-14,2005,1,0.1,Net Banking
55043,1134,2024-09-28,2001,1,0.2,Cash on Delivery
55044,1021,2025-05-16,2008,1,0.15,Debit Card
55045,1122,2025-10-23,2007,3,0.2,Cash on Delivery
55046,1070,2024-12-27,2015,3,0.0,Cash on Delivery
55047,1352,2024-05-25,2011,2,0.15,Net Banking
55048,1361,2024-07-27,2018,1,0.15,Cash on Delivery
55049,1048,2024-10-12,2014,1,0.2,UPI
55050,1491,2024-01-10,2009,1,0.05,Debit Card
55051,1039,2024-07-04,2005,1,0.2,Net Banking
55052,1287,2025-07-27,2004,1,0.05,Credit Card
55053,1490,2025-08-19,2012,2,0.1,Cash on Delivery
55054,1010,2025-04-08,2001,1,0.05,Net Banking
55055,1030,2024-05-13,2013,3,0.05,Cash on Delivery
55056,1244,2024-06-19,2001,3,0.1,Cash on Delivery
55057,1274,2024-07-31,2003,2,0.05,Net Banking
55058,1444,2025-06-13,2008,1,0.15,UPI
55059,1088,2025-05-16,2018,4,0.1,Credit Card
55060,1244,2025-07-25,2016,5,0.1,Cash on Delivery
55061,1381,2025-08-22,2020,1,0.0,UPI
55062,1329,2024-01-27,2020,3,0.25,Cash on Delivery
55063,1479,2024-03-08,2016,3,0.1,Cash on Delivery
55064,1015,2025-02-11,2002,2,0.0,UPI
55065,1004,2025-07-05,2017,1,0.15,Cash on Delivery
55066,1191,2024-04-18,2010,2,0.0,Credit Card
55067,1168,2024-03-14,2007,2,0.0,Net Banking
55068,1009,2025-07-31,2010,2,0.1,UPI
55069,1109,2025-11-10,2019,4,,Debit Card
55070,1137,2024-09-18,2020,3,0.0,Cash on Delivery
55071,1154,2025-01-02,2009,1,0.05,Net Banking
55072,1388,2024-08-24,2017,2,0.2,Credit Card
55073,1209,2025-12-27,2009,3,0.05,Credit Card
55074,1272,2024-12-31,2009,1,0.0,Debit Card
55075,1143,2024-10-12,2005,1,0.25,Credit Card
55076,1099,2025-01-12,2007,4,0.05,Net Banking
55077,1377,2025-10-22,2011,2,0.1,Debit Card
55078,1308,2025-01-10,2008,1,0.0,UPI
55079,1069,2025-09-10,2014,1,0.1,Debit Card
55080,1247,2025-10-14,2002,2,0.05,UPI
55081,1261,2024-03-16,2010,2,0.25,Credit Card
55082,1276,2024-01-09,2016,1,0.05,Net Banking
55083,1079,2024-07-14,2016,2,0.1,Cash on Delivery
55084,1146,2025-09-21,2019,1,0.2,Debit Card
55085,1111,2024-10-16,2011,1,0.25,Credit Card
55086,1258,2024-03-01,2006,2,0.0,Net Banking
55087,1093,2025-01-23,2006,1,0.15,Cash on Delivery
55088,1013,2025-07-16,2007,4,0.05,Debit Card
55089,1260,2025-07-17,2016,1,0.1,Net Banking
55090,1426,2025-09-25,2013,2,0.05,Credit Card
55091,1109,2025-11-09,2003,2,0.05,Debit Card
55092,1330,2024-01-08,2009,2,0.0,Debit Card
55093,1189,2025-01-03,2003,3,0.1,UPI
55094,1095,2024-02-14,2006,2,0.1,UPI
55095,1105,2024-12-09,2017,3,0.0,Debit Card
55096,1008,2025-01-09,2003,2,0.1,Net Banking
55097,1067,2025-09-10,2002,2,0.25,Credit Card
55098,1496,2024-01-27,2012,3,0.15,Cash on Delivery
55099,1191,2024-07-11,2006,2,0.1,UPI
55100,1366,2024-12-22,2010,2,0.2,Credit Card
55101,1256,2024-03-02,2011,3,0.1,Debit Card
55102,1009,2024-03-02,2016,4,0.0,Credit Card
55103,1478,2025-02-25,2016,1,0.1,Credit Card
55104,1117,2025-09-24,2018,2,0.0,Credit Card
55105,1267,2025-07-04,2009,1,0.15,Debit Card
55106,1099,2025-01-14,2019,1,0.25,UPI
55107,1485,2024-10-03,2002,2,0.05,Cash on Delivery
55108,1298,2025-08-28,2001,3,0.05,Net Banking
55109,1397,2025-03-06,2016,2,0.05,UPI
55110,1164,2024-04-24,2018,3,0.05,Cash on Delivery
55111,1376,2025-11-18,2003,1,0.15,Debit Card
55112,1141,2024-04-30,2001,2,0.1,Cash on Delivery
55113,1268,2025-06-08,2006,4,0.0,Debit Card
55114,1037,2025-02-19,2019,1,0.15,Cash on Delivery
55115,1074,2024-06-11,2019,1,0.0,UPI
55116,1073,2025-11-18,2011,2,0.25,Debit Card
55117,1308,2024-12-02,2008,3,0.05,Credit Card
55118,1199,2025-01-13,2005,2,0.1,Debit Card
55119,1130,2024-11-19,2020,2,0.0,Debit Card
55120,1246,2024-06-21,2009,2,0.05,Cash on Delivery
55121,1312,2024-03-04,2015,1,0.15,Debit Card
55122,1060,2024-04-10,2014,3,0.1,Cash on Delivery
55123,1279,2024-11-17,2004,1,0.2,UPI
55124,1103,2024-03-06,2008,2,0.1,Debit Card
55125,1296,2025-07-10,2020,2,0.2,Credit Card
55126,1320,2025-08-21,2017,3,0.25,Credit Card
55127,1487,2025-04-02,2002,3,0.1,UPI
55128,1341,2025-08-01,2020,3,0.1,Credit Card
55129,1151,2025-03-28,2016,1,0.15,Cash on Delivery
55130,1157,2024-09-15,2010,1,0.0,Debit Card
55131,1206,2025-12-17,2002,1,0.15,Net Banking
55132,1474,2025-03-01,2011,4,0.1,Debit Card
55133,1179,2024-06-26,2010,3,0.15,Debit Card
55134,1197,2024-10-06,2019,4,0.0,Net Banking
55135,1223,2024-12-09,2014,1,0.15,Credit Card
55136,1089,2024-01-17,2011,2,0.05,Credit Card
55137,1287,2024-10-22,2009,2,0.15,Debit Card
55138,1434,2024-07-20,2007,3,0.1,Credit Card
55139,1276,2025-11-14,2015,2,0.05,Cash on Delivery
55140,1236,2024-07-12,2020,3,0.2,Cash on Delivery
55141,1183,2024-05-28,2017,1,0.15,Net Banking
55142,1209,2025-01-09,2003,1,0.25,Debit Card
55143,1493,2024-02-04,2015,1,0.05,Cash on Delivery
55144,1130,2025-01-03,2014,1,0.1,UPI
55145,1153,2024-01-29,2008,1,0.1,Credit Card
55146,1013,2024-08-08,2004,1,0.1,Debit Card
55147,1122,2024-02-22,2010,1,0.0,Cash on Delivery
55148,1359,2024-12-18,2002,2,0.05,Net Banking
55149,1220,2025-01-26,2014,4,0.2,Cash on Delivery
55150,1106,2024-03-16,2008,3,0.05,UPI
55151,1375,2025-05-08,2010,1,0.25,Cash on Delivery
55152,1070,2025-11-18,2018,1,0.0,Debit Card
55153,1195,2025-06-05,2015,1,0.25,Net Banking
55154,1186,2024-04-26,2005,5,0.1,Net Banking
55155,1099,2024-10-06,2013,2,0.15,UPI
55156,1082,2025-12-30,2018,1,0.05,Debit Card
55157,1075,2024-06-23,2002,3,0.2,UPI
55158,1374,2024-10-21,2013,2,0.1,UPI
55159,1340,2025-03-26,2014,4,0.1,UPI
55160,1192,2025-06-01,2010,1,0.0,Cash on Delivery
55161,1325,2024-01-21,2004,2,0.1,Credit Card
55162,1467,2024-03-13,2015,2,0.15,Cash on Delivery
55163,1214,2024-02-05,2008,4,0.0,Debit Card
55164,1315,2025-05-21,2015,4,0.15,UPI
55165,1444,2024-08-20,2014,2,0.0,UPI
55166,1467,2025-12-28,2009,1,0.2,Credit Card
55167,1382,2025-05-11,2020,2,0.25,Net Banking
55168,1367,2024-07-24,2003,5,0.05,UPI
55169,1318,2025-03-01,2015,2,0.0,Cash on Delivery
55170,1144,2024-02-13,2017,3,0.1,UPI
55171,1384,2024-03-31,2016,2,0.0,Debit Card
55172,1216,2025-04-14,2004,2,0.1,Credit Card
55173,1361,2025-08-27,2011,2,0.05,Net Banking
55174,1324,2025-04-11,2008,3,0.1,Debit Card
55175,1015,2025-03-29,2003,3,0.0,Cash on Delivery
55176,1217,2025-08-17,2019,2,0.0,Debit Card
55177,1492,2024-11-28,2014,2,0.0,UPI
55178,1439,2025-05-21,2009,1,0.1,Credit Card
55179,1035,2025-04-14,2003,1,0.1,UPI
55180,1183,2024-01-21,2004,4,0.0,Credit Card
55181,1270,2024-08-15,2004,1,0.1,Cash on Delivery
55182,1433,2025-01-10,2011,3,0.2,Debit Card
55183,1467,2024-05-09,2019,3,0.05,Credit Card
55184,1358,2025-11-17,2016,3,0.15,Debit Card
55185,1100,2025-09-11,2017,4,0.1,Credit Card
55186,1007,2025-02-17,2010,2,0.0,UPI
55187,1030,2024-03-11,2017,4,0.05,Credit Card
55188,1467,2025-02-07,2016,1,0.1,Credit Card
55189,1305,2025-07-15,2020,2,0.15,Net Banking
55190,1473,2025-08-29,2006,3,0.05,Cash on Delivery
55191,1144,2025-01-31,2007,1,0.25,UPI
55192,1111,2024-12-02,2014,3,0.1,UPI
55193,1232,2025-10-05,2011,3,0.05,Debit Card
55194,1179,2025-05-19,2012,3,0.0,Credit Card
55195,1072,2024-10-02,2014,1,0.0,Credit Card
55196,1210,2024-01-13,2005,3,0.1,Credit Card
55197,1220,2024-01-03,2005,1,0.1,UPI
55198,1080,2024-08-11,2020,3,0.15,Net Banking
55199,1500,2024-06-23,2015,2,0.15,Debit Card
55200,1083,2025-01-19,2001,2,0.0,Credit Card
55201,1042,2025-08-24,2009,2,0.1,Net Banking
55202,1273,2024-08-28,2003,1,0.0,Cash on Delivery
55203,1191,2025-06-30,2004,1,0.05,UPI
55204,1173,2024-01-14,2016,1,0.15,Cash on Delivery
55205,1461,2024-07-13,2007,2,0.05,UPI
55206,1007,2025-01-31,2014,3,0.15,Debit Card
55207,1155,2025-03-06,2016,1,0.25,Cash on Delivery
55208,1010,2024-11-01,2018,1,0.1,Debit Card
55209,1034,2024-11-29,2016,2,0.0,Debit Card
55210,1036,2025-12-25,2016,3,0.05,Debit Card
55211,1409,2025-02-13,2002,1,0.0,Cash on Delivery
55212,1006,2024-01-03,2010,1,0.1,Cash on Delivery
55213,1408,2025-11-21,2007,1,0.15,Cash on Delivery
55214,1402,2025-07-05,2015,2,0.1,Credit Card
55215,1215,2025-03-27,2009,1,0.15,Debit Card
55216,1134,2025-11-06,2007,1,0.15,Credit Card
55217,1285,2025-05-09,2016,3,0.15,UPI
55218,1126,2025-02-20,2003,2,0.05,Cash on Delivery
55219,1409,2025-01-25,2017,1,0.15,Net Banking
55220,1439,2025-01-07,2008,2,0.1,UPI
55221,1337,2025-09-19,2002,2,0.05,Debit Card
55222,1174,2024-02-21,2020,4,0.25,Debit Card
55223,1152,2025-01-10,2003,1,0.2,Credit Card
55224,1331,2025-01-29,2008,3,0.1,Cash on Delivery
55225,1026,2024-05-21,2002,3,0.15,Cash on Delivery
55226,1383,2024-03-26,2019,1,0.05,UPI
55227,1115,2025-04-08,2017,4,0.05,UPI
55228,1382,2024-02-15,2005,2,0.0,UPI
55229,1482,2024-08-25,2020,2,0.1,Net Banking
55230,1284,2024-01-10,2017,1,0.1,Net Banking
55231,1387,2025-10-25,2010,1,0.0,Debit Card
55232,1075,2025-07-26,2009,2,0.1,Debit Card
55233,1166,2025-06-13,2006,1,0.0,Debit Card
55234,1189,2025-08-20,2011,2,0.0,Cash on Delivery
55235,1078,2025-10-10,2002,1,0.05,Debit Card
55236,1435,2025-10-01,2012,2,0.05,Credit Card
55237,1090,2025-09-07,2012,2,0.05,UPI
55238,1176,2025-11-28,2016,1,0.05,Cash on Delivery
55239,1021,2024-06-26,2012,2,0.05,Net Banking
55240,1054,2024-01-06,2018,2,0.0,UPI
55241,1184,2024-11-02,2013,1,0.05,Debit Card
55242,1359,2025-07-01,2015,1,0.2,Net Banking
55243,1222,2024-11-22,2016,1,0.0,Net Banking
55244,1315,2024-12-21,2004,1,0.1,Net Banking
55245,1328,2025-01-29,2012,4,0.0,UPI
55246,1179,2024-10-26,2017,2,0.05,Cash on Delivery
55247,1276,2025-06-09,2001,1,0.05,UPI
55248,1112,2024-10-11,2018,1,0.2,Credit Card
55249,1224,2024-11-25,2016,1,0.05,Debit Card
55250,1214,2024-02-19,2001,2,0.1,Cash on Delivery
55251,1059,2025-09-13,2010,1,0.1,Cash on Delivery
55252,1327,2025-12-09,2019,2,0.0,Debit Card
55253,1393,2025-01-12,2016,1,0.2,Credit Card
55254,1109,2025-08-22,2014,3,0.05,Net Banking
55255,1385,2025-06-21,2002,1,0.0,Debit Card
55256,1157,2024-05-23,2006,2,0.05,Net Banking
55257,1191,2024-02-29,2005,3,0.05,Debit Card
55258,1200,2024-03-15,2012,2,0.0,UPI
55259,1312,2024-01-03,2004,3,0.1,Credit Card
55260,1196,2025-07-28,2004,2,0.05,Credit Card
55261,1035,2025-03-23,2005,2,0.1,Debit Card
55262,1379,2024-10-01,2007,2,0.0,Credit Card
55263,1387,2025-06-13,2006,5,0.25,Net Banking
55264,1246,2025-08-14,2013,2,0.0,Credit Card
55265,1237,2024-08-02,2004,4,0.1,Credit Card
55266,1104,2025-11-13,2013,1,0.15,Credit Card
55267,1007,2025-04-29,2004,2,0.0,Cash on Delivery
55268,1283,2024-11-24,2010,4,0.0,Debit Card
55269,1001,2024-09-11,2020,1,0.0,UPI
55270,1219,2025-01-21,2001,5,0.0,UPI
55271,1464,2024-05-05,2008,1,0.0,Cash on Delivery
55272,1230,2025-08-06,2007,4,0.1,Cash on Delivery
55273,1455,2025-07-03,2005,2,0.05,UPI
55274,1172,2024-11-19,2003,1,0.1,Net Banking
55275,1087,2024-07-22,2015,4,0.0,UPI
55276,1041,2024-06-20,2017,1,0.15,UPI
55277,1123,2024-08-04,2013,1,0.0,Debit Card
55278,1331,2024-09-01,2015,1,0.05,UPI
55279,1298,2024-12-01,2019,2,0.0,UPI
55280,1373,2025-12-03,2020,5,0.0,Credit Card
55281,1417,2024-10-24,2014,1,0.1,Cash on Delivery
55282,1178,2024-06-30,2013,2,0.1,UPI
55283,1063,2024-11-29,2012,1,0.1,UPI
55284,1484,2025-05-25,2009,3,0.1,Net Banking
55285,1165,2025-01-17,2003,1,0.2,UPI
55286,1489,2025-12-17,2011,1,0.1,Debit Card
55287,1187,2024-07-17,2010,1,0.05,Net Banking
55288,1383,2024-11-27,2001,2,0.0,UPI
55289,1209,2024-06-13,2017,4,0.0,Debit Card
55290,1227,2024-08-29,2013,2,0.1,Cash on Delivery
55291,1432,2025-10-03,2014,1,0.05,UPI
55292,1389,2024-08-14,2001,2,0.1,Cash on Delivery
55293,1048,2025-09-25,2002,3,0.0,UPI
55294,1224,2025-07-09,2002,1,0.15,Net Banking
55295,1003,2025-03-26,2007,1,0.25,Net Banking
55296,1372,2024-07-14,2009,1,0.05,Debit Card
55297,1175,2024-07-22,2004,3,0.15,Credit Card
55298,1446,2025-04-02,2002,2,0.15,Debit Card
55299,1099,2024-09-13,2019,2,0.25,UPI
55300,1116,2025-06-12,2005,1,0.05,Cash on Delivery
55301,1270,2024-09-28,2009,1,0.15,Cash on Delivery
55302,1447,2024-01-09,2013,5,0.0,UPI
55303,1368,2024-07-19,2012,1,0.1,Credit Card
55304,1253,2024-02-28,2019,4,0.15,Credit Card
55305,1317,2025-01-27,2009,2,0.15,Credit Card
55306,1415,2025-10-13,2010,1,0.0,UPI
55307,1095,2024-04-28,2019,2,0.15,Net Banking
55308,1273,2025-07-06,2010,4,0.05,Net Banking
55309,1380,2025-02-02,2012,2,0.0,UPI
55310,1024,2024-11-26,2014,4,0.1,Net Banking
55311,1116,2024-09-23,2008,1,0.15,Credit Card
55312,1151,2025-06-03,2016,2,0.25,Net Banking
55313,1338,2025-11-25,2017,3,0.15,UPI
55314,1050,2025-04-24,2020,4,0.0,Net Banking
55315,1206,2024-05-13,2004,2,0.0,Net Banking
55316,1498,2025-11-23,2006,2,0.0,Net Banking
55317,1335,2024-12-20,2012,1,0.0,Net Banking
55318,1079,2025-08-06,2018,1,0.05,UPI
55319,1070,2025-05-12,2007,1,0.05,Debit Card
55320,1027,2025-09-16,2005,1,0.0,Net Banking
55321,1271,2024-04-16,2010,1,0.2,Debit Card
55322,1050,2024-10-16,2006,1,0.1,UPI
55323,1292,2025-09-20,2014,5,0.15,Cash on Delivery
55324,1247,2025-09-23,2006,2,0.05,Debit Card
55325,1264,2024-05-26,2014,2,0.05,UPI
55326,1079,2024-11-22,2012,5,0.05,Cash on Delivery
55327,1387,2025-02-18,2012,1,0.05,Net Banking
55328,1190,2024-07-28,2008,2,0.1,UPI
55329,1047,2024-10-22,2010,2,0.1,Credit Card
55330,1461,2025-02-01,2016,1,0.15,Cash on Delivery
55331,1361,2024-04-12,2020,3,0.2,Credit Card
55332,1354,2025-09-27,2008,1,0.1,Net Banking
55333,1472,2025-05-22,2009,1,0.0,Net Banking
55334,1488,2024-07-27,2013,1,0.2,Debit Card
55335,1352,2025-03-03,2020,4,0.15,Net Banking
55336,1189,2025-01-27,2017,3,0.1,Debit Card
55337,1416,2024-04-18,2019,2,0.15,Cash on Delivery
55338,1256,2024-12-13,2017,2,0.0,Credit Card
55339,1222,2024-02-19,2007,1,0.0,Cash on Delivery
55340,1372,2024-04-14,2001,2,0.0,Credit Card
55341,1241,2025-02-23,2020,2,0.0,UPI
55342,1269,2025-01-07,2014,1,0.05,Cash on Delivery
55343,1001,2024-01-27,2017,3,0.0,UPI
55344,1034,2024-09-29,2013,1,0.15,Credit Card
55345,1446,2025-10-10,2002,1,0.1,Debit Card
55346,1079,2024-12-05,2014,3,0.05,
55347,1236,2024-10-27,2001,2,0.0,Cash on Delivery
55348,1334,2025-04-24,2005,2,0.1,Debit Card
55349,1377,2025-06-27,2007,2,0.0,Debit Card
55350,1349,2025-07-10,2019,2,0.15,Net Banking
55351,1098,2024-09-21,2014,3,0.15,Net Banking
55352,1082,2025-06-25,2014,3,0.1,Credit Card
55353,1455,2025-08-18,2015,2,0.0,Cash on Delivery
55354,1477,2024-06-14,2005,5,0.15,Debit Card
55355,1415,2024-11-11,2005,4,0.05,Debit Card
55356,1192,2024-01-01,2002,2,0.0,UPI
55357,1253,2024-09-17,2018,3,0.1,Net Banking
55358,1409,2024-03-03,2009,2,0.2,UPI
55359,1038,2025-04-27,2010,2,0.05,Debit Card
55360,1014,2025-11-06,2018,1,0.2,Cash on Delivery
55361,1392,2024-11-16,2004,2,0.0,Cash on Delivery
55362,1347,2024-07-19,2008,4,0.0,UPI
55363,1310,2024-08-09,2018,3,0.1,Net Banking
55364,1386,2024-05-31,2020,3,0.0,Credit Card
55365,1209,2025-10-05,2017,1,0.05,Cash on Delivery
55366,1357,2025-09-17,2016,1,0.0,Credit Card
55367,1462,2025-04-06,2018,1,0.05,Net Banking
55368,1089,2024-08-04,2007,1,0.05,UPI
55369,1056,2024-07-14,2001,2,0.15,Net Banking
55370,1094,2024-07-20,2001,1,0.15,Debit Card
55371,1093,2025-10-08,2018,2,0.2,Net Banking
55372,1340,2024-08-21,2004,2,0.15,UPI
55373,1085,2024-05-20,2020,1,0.1,UPI
55374,1445,2025-12-08,2020,1,0.1,Net Banking
55375,1245,2025-05-12,2004,4,0.2,UPI
55376,1022,2025-07-08,2006,1,0.05,Debit Card
55377,1291,2024-02-26,2003,1,0.05,Credit Card
55378,1485,2025-05-18,2006,3,0.15,Net Banking
55379,1272,2024-05-21,2013,5,0.0,UPI
55380,1306,2025-12-22,2007,3,0.2,Credit Card
55381,1122,2025-08-06,2004,1,0.1,Debit Card
55382,1128,2025-06-22,2001,1,0.05,Net Banking
55383,1113,2025-10-01,2006,5,0.15,UPI
55384,1427,2024-04-15,2005,3,0.05,Credit Card
55385,1273,2024-06-13,2013,2,0.25,Debit Card
55386,1336,2024-08-02,2019,1,0.25,Cash on Delivery
55387,1442,2024-03-11,2004,1,0.1,UPI
55388,1130,2025-12-16,2006,1,0.0,Debit Card
55389,1132,2025-10-26,2013,2,0.05,Credit Card
55390,1085,2025-08-01,2005,1,0.1,Net Banking
55391,1423,2024-03-30,2013,5,0.15,Credit Card
55392,1482,2024-08-15,2010,1,0.0,Net Banking
55393,1350,2024-03-19,2003,3,0.0,Debit Card
55394,1390,2025-08-30,2013,1,0.0,Debit Card
55395,1081,2024-12-14,2012,2,0.1,Credit Card
55396,1487,2024-09-02,2004,1,0.2,Credit Card
55397,1473,2024-09-28,2010,3,0.0,Net Banking
55398,1325,2025-02-06,2003,2,0.0,UPI
55399,1069,2025-10-30,2017,1,0.1,Credit Card
55400,1148,2024-04-25,2009,3,0.15,UPI
55401,1448,2025-03-10,2001,2,0.15,UPI
55402,1016,2025-06-13,2018,4,0.15,UPI
55403,1307,2025-03-17,2009,4,0.0,Debit Card
55404,1105,2024-06-20,2020,4,0.05,Debit Card
55405,1165,2024-01-16,2009,1,0.25,UPI
55406,1488,2024-02-25,2002,1,0.25,UPI
55407,1201,2025-08-13,2019,5,0.1,Debit Card
55408,1197,2024-04-12,2016,2,0.15,Net Banking
55409,1426,2024-10-10,2003,1,0.2,Cash on Delivery
55410,1185,2025-12-05,2016,3,0.05,Credit Card
55411,1322,2025-05-31,2013,1,0.0,UPI
55412,1265,2025-09-09,2003,3,0.1,Debit Card
55413,1363,2024-10-04,2010,3,0.25,UPI
55414,1100,2025-09-03,2018,3,0.1,UPI
55415,1342,2024-09-25,2006,1,0.15,UPI
55416,1320,2025-02-03,2006,2,0.05,UPI
55417,1214,2025-05-17,2018,2,0.0,Net Banking
55418,1278,2024-03-26,2006,2,,Credit Card
55419,1162,2024-11-15,2006,1,0.25,Credit Card
55420,1439,2024-02-01,2013,2,0.1,Debit Card
55421,1157,2024-12-01,2014,2,0.0,Net Banking
55422,1422,2024-02-20,2007,2,0.2,Net Banking
55423,1251,2024-03-19,2013,3,0.1,Credit Card
55424,1366,2025-11-28,2015,2,0.15,Debit Card
55425,1097,2024-06-22,2012,1,0.1,Net Banking
55426,1018,2025-09-09,2001,2,0.0,Debit Card
55427,1327,2025-05-15,2003,3,0.1,Credit Card
55428,1449,2025-07-28,2018,1,0.25,UPI
55429,1383,2024-03-16,2008,2,0.0,Net Banking
55430,1097,2024-11-11,2002,1,0.15,Debit Card
55431,1001,2025-01-07,2004,1,0.0,UPI
55432,1216,2024-03-21,2018,4,0.05,Credit Card
55433,1132,2025-10-01,2013,4,0.05,Cash on Delivery
55434,1260,2025-11-25,2015,2,0.2,Net Banking
55435,1125,2025-11-27,2002,3,0.1,Net Banking
55436,1082,2024-03-11,2010,3,0.05,Debit Card
55437,1283,2025-10-27,2002,4,0.15,Credit Card
55438,1171,2025-10-13,2012,2,0.0,Credit Card
55439,1059,2024-03-11,2005,2,0.0,Net Banking
55440,1032,2024-02-15,2012,2,0.0,Net Banking
55441,1161,2024-02-16,2001,1,0.1,Debit Card
55442,1284,2025-08-13,2002,2,0.1,Debit Card
55443,1106,2025-02-25,2016,3,0.15,Cash on Delivery
55444,1105,2024-05-28,2002,3,0.1,UPI
55445,1439,2024-05-09,2016,4,0.0,Debit Card
55446,1228,2025-03-31,2020,1,0.15,UPI
55447,1188,2025-09-30,2016,2,0.05,Net Banking
55448,1070,2025-09-22,2006,1,0.2,Cash on Delivery
55449,1318,2025-05-19,2013,1,0.05,Cash on Delivery
55450,1464,2024-08-31,2012,4,0.0,Cash on Delivery
55451,1290,2025-04-18,2010,2,0.1,Credit Card
55452,1087,2025-01-16,2005,3,0.0,Net Banking
55453,1370,2024-04-12,2008,1,0.0,Credit Card
55454,1362,2025-05-03,2006,2,0.1,Credit Card
55455,1472,2024-02-06,2005,2,0.0,Cash on Delivery
55456,1056,2025-10-15,2020,1,0.0,Credit Card
55457,1113,2025-07-02,2006,1,0.05,Net Banking
55458,1013,2025-06-03,2017,1,0.1,Net Banking
55459,1440,2024-11-28,2006,2,0.05,Credit Card
55460,1018,2025-01-31,2017,5,0.0,Net Banking
55461,1182,2024-10-22,2005,3,0.1,UPI
55462,1461,2024-04-16,2017,5,0.15,Credit Card
55463,1113,2025-06-13,2017,3,0.1,Cash on Delivery
55464,1229,2024-03-23,2013,3,0.05,Cash on Delivery
55465,1171,2024-10-14,2007,2,0.0,Net Banking
55466,1295,2025-12-06,2006,2,0.1,Net Banking
55467,1189,2025-04-05,2014,2,0.2,Cash on Delivery
55468,1426,2024-08-02,2016,3,0.1,UPI
55469,1465,2024-10-07,2003,1,0.0,Cash on Delivery
55470,1079,2025-04-03,2009,1,0.0,Credit Card
55471,1146,2024-12-09,2015,4,0.2,Cash on Delivery
55472,1407,2024-07-12,2018,1,0.15,Debit Card
55473,1182,2024-06-06,2010,5,0.05,UPI
55474,1499,2025-04-09,2010,3,0.05,UPI
55475,1286,2024-04-13,2003,1,0.2,Cash on Delivery
55476,1250,2024-02-03,2001,3,0.0,Debit Card
55477,1354,2024-04-11,2003,3,0.1,Credit Card
55478,1314,2025-09-30,2005,1,0.15,Cash on Delivery
55479,1196,2025-12-26,2007,3,0.05,Credit Card
55480,1323,2024-11-20,2003,3,0.0,Debit Card
55481,1071,2025-11-21,2004,1,0.0,Cash on Delivery
55482,1248,2025-08-14,2017,1,0.2,Cash on Delivery
55483,1146,2024-05-20,2003,1,0.1,Credit Card
55484,1106,2025-04-18,2004,1,0.15,Cash on Delivery
55485,1263,2024-01-31,2002,1,0.1,Debit Card
55486,1296,2024-03-03,2014,3,0.2,Cash on Delivery
55487,1070,2025-07-13,2005,1,0.2,Net Banking
55488,1470,2024-03-27,2002,4,0.1,Debit Card
55489,1193,2024-10-30,2015,1,0.05,UPI
55490,1068,2024-03-01,2011,2,0.1,Credit Card
55491,1494,2025-01-30,2010,2,0.1,Debit Card
55492,1305,2024-11-29,2020,4,0.1,UPI
55493,1052,2025-02-14,2001,2,0.15,UPI
55494,1370,2024-10-10,2019,1,0.0,Debit Card
55495,1363,2025-04-10,2014,4,0.05,UPI
55496,1285,2024-03-20,2014,1,0.1,UPI
55497,1405,2025-11-22,2001,1,0.0,Net Banking
55498,1474,2024-03-17,2009,2,0.05,Cash on Delivery
55499,1334,2025-06-23,2017,3,0.25,Net Banking
55500,1009,2024-12-26,2014,1,0.1,Cash on Delivery
55501,1251,2024-03-17,2013,2,0.2,UPI
55502,1431,2025-05-23,2013,2,0.15,Cash on Delivery
55503,1332,2024-06-12,2006,4,0.15,Net Banking
55504,1298,2024-01-09,2007,1,0.1,Credit Card
55505,1435,2024-06-23,2002,1,0.0,Credit Card
55506,1184,2025-04-06,2008,2,0.1,Cash on Delivery
55507,1179,2024-11-02,2006,1,0.05,Credit Card
55508,1198,2025-08-10,2003,3,0.25,Debit Card
55509,1128,2024-09-01,2018,2,0.05,Credit Card
55510,1020,2024-05-01,2018,3,0.0,Cash on Delivery
55511,1472,2024-07-03,2006,3,0.1,UPI
55512,1411,2024-02-01,2011,4,0.1,Net Banking
55513,1422,2025-07-22,2003,2,0.0,Credit Card
55514,1328,2024-11-05,2016,5,0.0,Cash on Delivery
55515,1065,2025-01-06,2005,1,0.15,Net Banking
55516,1182,2025-10-17,2002,3,0.1,Debit Card
55517,1241,2025-08-18,2015,2,0.0,UPI
55518,1369,2024-02-25,2016,3,0.1,Net Banking
55519,1024,2024-09-29,2007,2,0.05,Net Banking
55520,1384,2025-04-08,2016,3,0.0,Cash on Delivery
55521,1431,2025-11-08,2004,4,0.2,Debit Card
55522,1455,2025-03-31,2016,3,0.05,Credit Card
55523,1083,2025-10-31,2017,3,0.0,Debit Card
55524,1470,2024-09-05,2002,1,0.25,UPI
55525,1319,2025-11-28,2016,1,0.15,Credit Card
55526,1185,2024-03-18,2004,5,0.05,Debit Card
55527,1439,2025-06-17,2007,3,0.05,UPI
55528,1316,2024-04-17,2018,2,0.15,Net Banking
55529,1099,2024-09-29,2006,1,0.05,Net Banking
55530,1062,2024-01-15,2018,1,0.1,Net Banking
55531,1286,2025-01-04,2007,1,0.1,Net Banking
55532,1477,2024-10-30,2002,2,0.05,Credit Card
55533,1022,2025-11-02,2019,1,0.1,Net Banking
55534,1459,2024-07-23,2009,1,0.1,Credit Card
55535,1212,2024-04-22,2004,2,0.0,Credit Card
55536,1126,2025-11-10,2014,2,0.15,Debit Card
55537,1413,2024-09-09,2005,1,0.0,Net Banking
55538,1499,2025-03-16,2007,2,0.1,Cash on Delivery
55539,1425,2024-07-04,2008,4,0.1,Net Banking
55540,1042,2024-08-14,2015,2,0.15,Cash on Delivery
55541,1098,2025-06-11,2019,3,0.05,Net Banking
55542,1449,2025-10-29,2011,4,0.15,Credit Card
55543,1031,2024-12-19,2020,1,0.0,Net Banking
55544,1158,2025-09-14,2004,1,0.1,Net Banking
55545,1112,2024-01-01,2018,2,0.15,Net Banking
55546,1402,2025-07-06,2014,2,0.2,Net Banking
55547,1247,2025-07-13,2006,2,0.1,Debit Card
55548,1122,2025-02-23,2016,1,0.05,Debit Card
55549,1273,2025-09-11,2018,2,0.0,Credit Card
55550,1294,2024-06-09,2001,1,0.05,Credit Card
55551,1398,2024-06-09,2008,5,0.1,Cash on Delivery
55552,1471,2024-05-07,2001,1,0.0,Credit Card
55553,1473,2025-12-22,2001,4,0.2,Debit Card
55554,1207,2024-05-30,2019,1,0.2,Credit Card
55555,1110,2025-03-19,2010,1,0.0,Cash on Delivery
55556,1440,2025-04-15,2018,1,0.1,Cash on Delivery
55557,1278,2025-04-07,2012,5,0.15,Debit Card
55558,1451,2025-12-30,2017,1,0.0,Credit Card
55559,1056,2024-01-30,2001,2,0.1,Cash on Delivery
55560,1375,2025-04-17,2008,4,0.05,Credit Card
55561,1403,2025-07-10,2010,2,0.0,Credit Card
55562,1057,2024-03-20,2010,1,0.1,Debit Card
55563,1428,2024-02-08,2018,4,0.25,Debit Card
55564,1482,2024-08-27,2009,4,0.05,Credit Card
55565,1291,2025-07-10,2002,2,0.1,Net Banking
55566,1114,2025-08-12,2003,2,0.05,Net Banking
55567,1381,2024-12-02,2002,5,,UPI
55568,1385,2024-10-06,2006,5,0.15,UPI
55569,1308,2024-04-25,2012,2,0.0,UPI
55570,1341,2024-09-25,2019,3,0.2,Debit Card
55571,1477,2024-11-30,2015,1,0.0,Credit Card
55572,1198,2024-11-07,2019,1,0.0,Cash on Delivery
55573,1421,2024-02-22,2012,1,0.1,Credit Card
55574,1321,2024-03-08,2018,1,0.05,Credit Card
55575,1179,2025-11-24,2016,2,0.1,UPI
55576,1385,2024-02-03,2002,2,0.1,Credit Card
55577,1219,2025-01-20,2011,1,0.0,UPI
55578,1277,2024-09-05,2012,2,0.05,Credit Card
55579,1437,2024-04-20,2005,1,0.1,Cash on Delivery
55580,1016,2024-04-03,2006,5,0.05,Net Banking
55581,1492,2025-02-13,2011,3,0.0,Net Banking
55582,1379,2024-06-27,2010,2,0.0,Debit Card
55583,1061,2024-02-16,2004,4,0.15,Cash on Delivery
55584,1054,2025-08-26,2009,1,0.2,Credit Card
55585,1168,2025-01-10,2012,2,0.0,Cash on Delivery
55586,1026,2025-12-24,2010,5,0.0,Credit Card
55587,1336,2025-08-09,2014,2,0.1,Cash on Delivery
55588,1476,2024-07-20,2005,2,0.2,Cash on Delivery
55589,1065,2025-03-20,2001,1,0.05,Net Banking
55590,1100,2024-10-23,2005,1,0.15,Cash on Delivery
55591,1074,2024-11-03,2016,2,0.1,Debit Card
55592,1192,2025-12-23,2005,5,0.2,Credit Card
55593,1171,2025-05-07,2005,2,0.0,UPI
55594,1273,2024-12-03,2018,4,0.25,Cash on Delivery
55595,1377,2025-10-07,2006,4,0.05,UPI
55596,1187,2024-03-06,2018,1,0.2,Net Banking
55597,1023,2025-02-25,2010,2,0.1,UPI
55598,1391,2025-06-23,2015,2,0.1,Debit Card
55599,1428,2025-09-20,2011,2,0.15,Debit Card
55600,1181,2025-05-07,2019,1,0.15,Net Banking
55601,1327,2024-11-12,2013,5,0.1,Debit Card
55602,1108,2025-09-17,2020,3,0.05,Credit Card
55603,1335,2024-03-15,2003,2,0.15,Debit Card
55604,1162,2025-12-14,2016,2,0.2,Cash on Delivery
55605,1302,2024-02-28,2007,1,0.0,Debit Card
55606,1493,2025-01-20,2012,2,0.1,Credit Card
55607,1452,2024-01-15,2015,4,0.15,Net Banking
55608,1206,2024-08-18,2008,4,0.1,Debit Card
55609,1078,2025-09-08,2017,1,0.15,Credit Card
55610,1016,2025-11-07,2001,2,0.2,Cash on Delivery
55611,1327,2024-07-17,2008,3,0.15,UPI
55612,1096,2024-12-19,2014,1,0.15,UPI
55613,1147,2024-02-04,2010,1,0.25,Net Banking
55614,1002,2024-06-10,2019,2,0.15,Net Banking
55615,1010,2025-04-15,2008,2,0.15,UPI
55616,1434,2025-06-14,2019,1,0.0,UPI
55617,1125,2025-02-26,2004,1,0.0,Net Banking
55618,1081,2024-12-13,2010,1,0.1,UPI
55619,1485,2025-11-24,2003,1,0.15,Debit Card
55620,1140,2024-05-26,2004,2,0.05,Credit Card
55621,1326,2025-01-08,2016,1,0.0,Net Banking
55622,1150,2025-11-18,2004,1,0.05,Credit Card
55623,1288,2025-11-05,2020,4,0.15,Cash on Delivery
55624,1361,2025-02-19,2020,1,0.15,Cash on Delivery
55625,1340,2025-11-17,2013,2,0.2,Debit Card
55626,1129,2025-05-08,2017,4,0.05,Cash on Delivery
55627,1438,2025-07-12,2016,2,0.05,Net Banking
55628,1239,2024-09-12,2017,3,0.05,Debit Card
55629,1058,2025-11-16,2006,2,0.05,Debit Card
55630,1198,2024-04-12,2003,1,0.1,Net Banking
55631,1211,2024-04-30,2020,2,0.05,UPI
55632,1402,2025-02-22,2004,2,0.0,Credit Card
55633,1390,2024-12-15,2008,1,0.05,Net Banking
55634,1045,2025-10-18,2020,2,0.0,UPI
55635,1097,2024-02-11,2009,4,0.0,UPI
55636,1279,2025-01-01,2001,1,0.1,Cash on Delivery
55637,1023,2024-01-29,2013,2,0.0,Debit Card
55638,1410,2024-01-14,2002,2,0.1,Debit Card
55639,1461,2025-04-29,2010,3,0.05,Cash on Delivery
55640,1391,2024-07-07,2019,3,0.1,Cash on Delivery
55641,1335,2024-10-21,2017,3,0.25,Debit Card
55642,1044,2024-07-01,2013,1,0.1,Net Banking
55643,1027,2025-07-01,2014,1,0.1,Net Banking
55644,1282,2024-02-06,2011,1,0.2,Net Banking
55645,1097,2024-01-14,2010,2,0.05,Net Banking
55646,1463,2025-09-26,2007,3,0.0,Cash on Delivery
55647,1036,2025-08-17,2010,5,0.05,Credit Card
55648,1109,2024-06-07,2001,2,0.05,Credit Card
55649,1055,2025-05-08,2014,2,0.1,Debit Card
55650,1192,2024-11-24,2003,2,0.0,Credit Card
55651,1219,2025-09-05,2013,1,0.15,Net Banking
55652,1185,2024-03-23,2002,2,0.0,Cash on Delivery
55653,1069,2025-07-09,2017,2,0.2,Net Banking
55654,1317,2025-08-02,2003,4,0.2,UPI
55655,1130,2025-07-13,2015,1,0.25,Cash on Delivery
55656,1055,2025-07-22,2008,5,0.15,UPI
55657,1378,2025-08-09,2006,2,0.0,UPI
55658,1097,2024-01-22,2009,1,0.15,Debit Card
55659,1336,2024-05-11,2011,1,0.0,UPI
55660,1087,2025-04-09,2002,1,0.2,Credit Card
55661,1294,2025-03-31,2009,2,0.05,Credit Card
55662,1119,2024-10-28,2018,1,0.05,UPI
55663,1208,2024-09-23,2019,2,0.2,Debit Card
55664,1334,2025-01-29,2018,5,0.0,UPI
55665,1413,2024-04-29,2005,2,0.0,Cash on Delivery
55666,1154,2024-09-02,2018,3,0.05,Cash on Delivery
55667,1035,2025-07-21,2012,1,0.15,Cash on Delivery
55668,1079,2024-02-07,2004,2,0.1,Cash on Delivery
55669,1067,2024-09-01,2015,1,0.1,UPI
55670,1343,2024-01-21,2011,4,0.2,Net Banking
55671,1413,2024-04-19,2019,1,0.0,Net Banking
55672,1034,2025-08-28,2005,2,0.1,Cash on Delivery
55673,1097,2025-01-28,2006,2,0.15,Debit Card
55674,1169,2025-02-13,2013,2,0.1,Debit Card
55675,1169,2025-10-09,2010,3,0.05,UPI
55676,1151,2024-01-08,2014,1,0.0,Net Banking
55677,1071,2025-03-19,2004,1,0.0,UPI
55678,1003,2024-11-23,2020,3,0.0,Credit Card
55679,1314,2024-10-16,2012,2,0.05,Cash on Delivery
55680,1032,2025-05-25,2015,2,0.0,Credit Card
55681,1287,2024-12-26,2010,1,0.05,Credit Card
55682,1082,2025-08-21,2011,3,0.0,Debit Card
55683,1043,2025-12-16,2009,5,0.15,Net Banking
55684,1391,2024-08-06,2011,2,0.15,Cash on Delivery
55685,1105,2025-02-09,2002,3,0.05,UPI
55686,1001,2025-09-12,2013,2,0.1,Cash on Delivery
55687,1061,2024-08-07,2008,1,0.2,UPI
55688,1270,2025-08-17,2008,1,0.1,UPI
55689,1180,2024-04-16,2001,2,0.25,Net Banking
55690,1224,2025-08-03,2006,2,0.0,Credit Card
55691,1006,2025-08-31,2013,3,0.15,UPI
55692,1103,2025-12-24,2009,3,0.1,Net Banking
55693,1010,2024-10-12,2006,5,0.0,Credit Card
55694,1071,2024-01-08,2015,2,0.25,Credit Card
55695,1090,2024-07-07,2016,2,0.25,Cash on Delivery
55696,1226,2024-03-21,2004,1,0.05,Cash on Delivery
55697,1158,2024-04-17,2017,2,0.2,Cash on Delivery
55698,1228,2024-11-16,2009,4,0.0,Debit Card
55699,1405,2025-08-01,2012,1,0.1,Credit Card
55700,1126,2025-11-16,2019,5,0.0,Debit Card
55701,1444,2024-12-11,2020,5,0.0,Cash on Delivery
55702,1209,2024-11-23,2012,2,0.15,Net Banking
55703,1097,2025-07-08,2006,1,0.05,Cash on Delivery
55704,1074,2025-11-29,2012,1,0.0,UPI
55705,1115,2024-10-28,2009,1,0.05,Net Banking
55706,1191,2024-07-18,2020,1,0.0,Net Banking
55707,1495,2025-02-22,2005,2,0.1,Credit Card
55708,1170,2024-02-08,2003,1,0.0,Debit Card
55709,1307,2024-11-02,2002,3,0.15,UPI
55710,1448,2024-01-04,2008,1,0.05,Net Banking
55711,1204,2025-09-24,2010,1,0.05,Debit Card
55712,1056,2024-03-17,2015,2,0.05,Debit Card
55713,1208,2025-04-12,2009,5,0.1,UPI
55714,1041,2024-06-27,2010,3,0.0,UPI
55715,1032,2025-10-06,2011,2,0.1,Cash on Delivery
55716,1015,2024-10-02,2009,3,0.05,Cash on Delivery
55717,1062,2024-05-31,2014,3,0.2,Net Banking
55718,1155,2024-06-12,2005,4,0.0,Net Banking
55719,1284,2024-10-16,2009,1,0.15,Net Banking
55720,1209,2025-01-12,2004,3,0.0,Cash on Delivery
55721,1320,2025-09-12,2002,1,0.0,Net Banking
55722,1494,2025-09-29,2019,4,0.0,Net Banking
55723,1187,2024-11-05,2001,1,0.0,Cash on Delivery
55724,1498,2025-01-23,2001,4,0.1,Cash on Delivery
55725,1442,2025-10-19,2012,5,0.25,Net Banking
55726,1130,2024-07-01,2011,1,0.0,Net Banking
55727,1127,2024-11-01,2001,5,0.1,Debit Card
55728,1292,2024-03-12,2014,1,0.05,Credit Card
55729,1114,2024-08-06,2011,1,0.05,Cash on Delivery
55730,1199,2025-12-19,2007,2,0.05,Credit Card
55731,1013,2024-06-21,2002,5,0.2,Cash on Delivery
55732,1271,2025-10-14,2015,2,0.0,Debit Card
55733,1089,2024-09-28,2008,2,0.15,Credit Card
55734,1215,2025-12-26,2020,3,0.05,Debit Card
55735,1444,2025-04-12,2015,5,0.05,UPI
55736,1278,2024-09-25,2008,3,0.05,Credit Card
55737,1447,2024-01-20,2010,1,0.05,Credit Card
55738,1474,2025-07-31,2019,1,0.0,Credit Card
55739,1481,2025-05-17,2003,1,0.0,UPI
55740,1203,2024-05-26,2020,2,0.05,UPI
55741,1074,2025-03-04,2014,1,0.15,Debit Card
55742,1025,2024-06-13,2009,1,0.0,UPI
55743,1101,2024-11-05,2009,4,0.15,Cash on Delivery
55744,1176,2025-06-01,2006,1,0.05,Net Banking
55745,1427,2024-01-14,2008,2,0.2,Credit Card
55746,1117,2024-05-11,2011,2,0.05,Debit Card
55747,1166,2025-03-14,2008,1,0.0,Debit Card
55748,1041,2025-11-04,2012,1,0.25,Debit Card
55749,1429,2024-09-19,2010,2,0.0,Debit Card
55750,1344,2025-10-04,2004,4,0.1,Credit Card
55751,1424,2024-08-12,2016,1,0.1,Debit Card
55752,1366,2024-09-14,2020,1,0.05,Credit Card
55753,1120,2024-08-21,2006,3,0.2,Debit Card
55754,1097,2024-12-01,2009,3,0.15,Debit Card
55755,1145,2025-02-12,2005,3,0.15,Net Banking
55756,1216,2024-01-24,2006,4,0.25,Cash on Delivery
55757,1229,2024-09-27,2017,3,0.1,UPI
55758,1313,2024-04-04,2017,2,0.0,UPI
55759,1130,2024-05-21,2013,3,0.15,UPI
55760,1352,2025-11-24,2017,2,0.05,Cash on Delivery
55761,1377,2025-12-18,2014,1,0.0,Credit Card
55762,1318,2024-03-21,2002,1,0.1,UPI
55763,1472,2024-09-30,2019,1,0.2,UPI
55764,1137,2024-10-02,2003,1,0.0,UPI
55765,1324,2025-04-09,2002,1,0.15,Credit Card
55766,1337,2024-07-26,2002,1,0.05,Cash on Delivery
55767,1273,2024-10-22,2007,4,0.0,Cash on Delivery
55768,1117,2024-02-08,2004,4,0.15,Credit Card
55769,1306,2024-10-14,2017,2,0.25,Net Banking
55770,1368,2024-05-03,2006,3,0.05,Debit Card
55771,1094,2024-10-09,2007,1,0.05,Credit Card
55772,1168,2024-06-28,2020,4,0.05,Debit Card
55773,1442,2024-04-06,2006,2,0.15,Cash on Delivery
55774,1203,2024-07-09,2009,1,0.0,Debit Card
55775,1341,2024-03-14,2020,1,0.0,UPI
55776,1149,2025-03-22,2004,1,0.15,Debit Card
55777,1402,2025-05-11,2005,1,0.05,Debit Card
55778,1183,2025-07-14,2019,1,0.05,Cash on Delivery
55779,1413,2025-04-28,2010,1,0.15,Net Banking
55780,1152,2025-12-22,2018,1,0.2,Debit Card
55781,1074,2024-04-25,2015,1,0.2,Cash on Delivery
55782,1365,2025-06-18,2001,5,0.05,UPI
55783,1401,2024-04-07,2005,1,0.2,Debit Card
55784,1274,2024-11-23,2005,1,0.15,Debit Card
55785,1042,2025-02-10,2008,3,0.0,UPI
55786,1496,2024-11-08,2020,3,0.1,Credit Card
55787,1212,2025-12-02,2015,2,0.0,Net Banking
55788,1101,2025-11-24,2017,4,0.15,UPI
55789,1045,2024-05-27,2019,1,0.15,UPI
55790,1082,2024-12-07,2013,1,0.15,UPI
55791,1017,2025-05-09,2010,1,0.0,Credit Card
55792,1073,2024-01-23,2017,2,0.1,UPI
55793,1014,2024-04-14,2005,1,0.0,Credit Card
55794,1433,2025-11-05,2018,2,0.2,Net Banking
55795,1157,2025-08-01,2017,1,0.1,Credit Card
55796,1223,2025-07-11,2004,3,0.0,Net Banking
55797,1132,2025-08-15,2007,1,0.0,Net Banking
55798,1338,2025-10-20,2005,2,0.1,Net Banking
55799,1404,2024-08-09,2008,2,0.1,Cash on Delivery
55800,1376,2024-01-15,2008,3,0.15,Net Banking
55801,1376,2025-09-24,2011,1,0.05,Credit Card
55802,1047,2024-03-18,2009,3,0.1,Cash on Delivery
55803,1107,2024-11-17,2019,3,0.0,UPI
55804,1108,2024-08-28,2019,1,0.1,UPI
55805,1265,2024-01-18,2009,5,0.2,Debit Card
55806,1205,2025-03-29,2020,2,0.1,Net Banking
55807,1079,2025-03-18,2017,2,0.0,Debit Card
55808,1155,2024-10-03,2016,1,0.25,Net Banking
55809,1271,2025-02-27,2007,2,0.0,Net Banking
55810,1476,2025-04-20,2003,1,0.15,Credit Card
55811,1485,2024-01-27,2019,2,0.1,Credit Card
55812,1247,2025-05-28,2008,2,0.05,UPI
55813,1019,2025-04-08,2005,3,0.0,Cash on Delivery
55814,1346,2024-12-28,2006,1,0.0,UPI
55815,1436,2025-01-17,2002,3,0.15,Net Banking
55816,1026,2025-06-08,2019,1,0.15,Cash on Delivery
55817,1217,2025-01-16,2013,2,0.1,Debit Card
55818,1154,2024-07-02,2006,3,0.0,Net Banking
55819,1154,2024-07-12,2006,2,0.2,Credit Card
55820,1174,2025-04-06,2002,1,0.1,UPI
55821,1092,2024-02-25,2005,2,0.05,UPI
55822,1433,2024-08-17,2011,1,0.05,Debit Card
55823,1338,2025-05-03,2011,2,0.05,UPI
55824,1480,2024-01-28,2014,1,0.1,UPI
55825,1181,2025-08-05,2013,3,0.1,Cash on Delivery
55826,1131,2025-12-22,2008,2,0.1,Net Banking
55827,1450,2024-07-02,2015,1,0.2,Cash on Delivery
55828,1481,2025-02-28,2012,1,0.05,Cash on Delivery
55829,1298,2025-01-09,2003,1,0.1,UPI
55830,1275,2024-02-10,2005,2,0.05,Net Banking
55831,1273,2025-04-28,2006,2,0.15,UPI
55832,1492,2024-09-16,2002,2,0.0,UPI
55833,1417,2025-03-16,2008,3,0.0,Cash on Delivery
55834,1076,2024-03-24,2005,1,0.15,Credit Card
55835,1177,2024-02-15,2017,4,0.0,Credit Card
55836,1184,2025-03-15,2002,1,0.1,Cash on Delivery
55837,1319,2025-11-01,2011,1,0.25,Cash on Delivery
55838,1131,2025-06-02,2004,3,0.1,UPI
55839,1363,2025-03-13,2011,3,0.0,Net Banking
55840,1049,2024-05-15,2009,1,0.05,UPI
55841,1055,2024-07-01,2006,3,0.15,UPI
55842,1154,2025-12-09,2002,4,0.05,Debit Card
55843,1355,2024-06-20,2015,3,0.15,UPI
55844,1200,2025-08-12,2005,1,0.15,Net Banking
55845,1308,2025-11-20,2012,3,0.1,UPI
55846,1356,2025-06-22,2013,3,0.15,Cash on Delivery
55847,1373,2024-04-29,2017,2,0.05,Net Banking
55848,1118,2024-10-07,2004,3,0.1,Cash on Delivery
55849,1263,2024-11-03,2010,5,0.1,Debit Card
55850,1046,2025-12-08,2001,2,0.0,Debit Card
55851,1302,2024-10-03,2011,1,0.05,Net Banking
55852,1356,2025-06-13,2016,2,0.1,Credit Card
55853,1400,2024-10-21,2011,1,0.1,Credit Card
55854,1408,2024-02-22,2009,1,0.1,Net Banking
55855,1189,2025-03-07,2002,2,0.15,Net Banking
55856,1310,2024-02-21,2007,1,0.1,Cash on Delivery
55857,1318,2025-12-28,2019,3,0.2,Debit Card
55858,1129,2024-03-12,2018,3,0.15,Net Banking
55859,1049,2024-01-28,2020,2,0.05,UPI
55860,1025,2025-04-13,2007,4,0.05,Cash on Delivery
55861,1266,2025-06-30,2009,1,0.1,Debit Card
55862,1118,2025-02-04,2012,3,0.2,Cash on Delivery
55863,1464,2024-07-19,2003,3,0.0,Debit Card
55864,1144,2025-09-02,2016,1,0.1,UPI
55865,1442,2025-04-10,2007,1,0.0,Debit Card
55866,1200,2025-10-13,2005,1,0.05,Cash on Delivery
55867,1157,2025-08-17,2007,3,0.1,Debit Card
55868,1487,2025-07-13,2019,3,0.0,Cash on Delivery
55869,1348,2025-01-13,2017,1,0.1,Net Banking
55870,1134,2024-06-25,2016,2,0.2,UPI
55871,1400,2024-02-21,2019,1,0.25,Cash on Delivery
55872,1148,2024-03-19,2018,2,0.0,Credit Card
55873,1336,2025-01-19,2019,5,0.15,Credit Card
55874,1071,2025-07-29,2004,1,0.2,Debit Card
55875,1233,2024-01-08,2001,4,0.0,Net Banking
55876,1334,2024-08-01,2004,3,0.05,Net Banking
55877,1299,2024-01-25,2004,5,0.2,Credit Card
55878,1154,2025-03-25,2009,1,0.0,Debit Card
55879,1090,2025-04-01,2008,1,0.2,Net Banking
55880,1334,2025-04-05,2002,1,0.1,Net Banking
55881,1199,2024-07-16,2006,3,0.0,Debit Card
55882,1161,2024-04-03,2011,2,0.05,Cash on Delivery
55883,1026,2025-12-19,2004,1,0.05,Credit Card
55884,1121,2025-03-12,2014,3,0.05,Net Banking
55885,1301,2025-06-10,2009,1,0.1,Cash on Delivery
55886,1212,2025-11-20,2002,1,0.1,Cash on Delivery
55887,1063,2025-01-12,2001,2,0.1,Cash on Delivery
55888,1451,2025-08-09,2004,1,0.0,Cash on Delivery
55889,1436,2024-04-13,2012,1,0.15,UPI
55890,1068,2025-11-10,2005,1,0.1,UPI
55891,1253,2025-09-18,2009,3,0.15,Debit Card
55892,1410,2024-02-08,2004,3,0.15,Credit Card
55893,1459,2025-04-02,2016,2,0.05,Debit Card
55894,1002,2024-12-29,2002,3,0.0,UPI
55895,1398,2024-05-14,2016,2,0.2,Debit Card
55896,1108,2025-01-08,2016,1,0.15,Debit Card
55897,1286,2024-08-19,2011,3,0.0,Cash on Delivery
55898,1049,2024-02-08,2001,3,0.15,Net Banking
55899,1140,2024-02-16,2015,2,0.0,UPI
55900,1218,2024-02-05,2004,2,0.0,UPI
55901,1044,2024-04-04,2018,3,0.1,Debit Card
55902,1417,2024-12-26,2017,2,0.0,Net Banking
55903,1269,2025-06-08,2007,4,0.25,Debit Card
55904,1078,2024-05-25,2018,1,0.2,Credit Card
55905,1216,2025-01-02,2013,4,0.1,UPI
55906,1382,2024-03-05,2020,1,0.0,Cash on Delivery
55907,1098,2024-08-15,2020,1,0.05,Cash on Delivery
55908,1236,2025-06-03,2010,2,0.05,Cash on Delivery
55909,1282,2025-07-08,2001,1,0.1,UPI
55910,1149,2024-06-29,2002,3,0.0,UPI
55911,1412,2025-05-15,2017,2,0.1,Cash on Delivery
55912,1304,2025-08-19,2003,2,0.05,UPI
55913,1484,2024-06-03,2017,1,0.2,Cash on Delivery
55914,1424,2025-06-18,2012,1,0.2,Credit Card
55915,1066,2025-09-18,2012,2,0.1,Credit Card
55916,1234,2025-03-10,2020,2,0.1,Credit Card
55917,1457,2024-04-08,2010,2,0.0,Debit Card
55918,1087,2025-09-07,2007,2,0.0,Debit Card
55919,1079,2025-01-06,2010,5,0.2,Net Banking
55920,1205,2025-07-16,2018,3,0.1,Net Banking
55921,1279,2024-12-27,2006,4,0.0,Net Banking
55922,1337,2024-04-21,2007,1,0.1,Credit Card
55923,1254,2025-03-28,2017,1,0.2,Credit Card
55924,1304,2024-06-17,2012,1,0.05,Credit Card
55925,1380,2025-08-06,2017,1,0.0,UPI
55926,1130,2024-05-18,2018,2,0.2,UPI
55927,1084,2024-08-18,2014,2,0.1,Credit Card
55928,1276,2024-08-26,2011,2,0.05,Cash on Delivery
55929,1187,2024-09-09,2002,3,0.05,Net Banking
55930,1046,2025-03-11,2001,5,0.2,Debit Card
55931,1387,2025-07-14,2011,4,0.15,Net Banking
55932,1183,2025-02-25,2002,1,0.05,Cash on Delivery
55933,1268,2024-10-29,2016,1,0.0,UPI
55934,1296,2024-03-12,2003,1,0.05,Credit Card
55935,1322,2024-09-19,2020,1,0.0,UPI
55936,1100,2024-08-09,2001,2,0.0,UPI
55937,1078,2024-03-17,2020,2,0.05,Cash on Delivery
55938,1272,2024-03-02,2008,1,0.0,UPI
55939,1339,2025-04-15,2019,3,0.2,UPI
55940,1162,2024-06-05,2001,3,0.0,Net Banking
55941,1044,2024-05-04,2005,1,0.05,
55942,1238,2024-06-09,2001,2,0.0,Cash on Delivery
55943,1134,2025-06-24,2011,4,0.1,Credit Card
55944,1461,2025-09-17,2009,2,0.0,Net Banking
55945,1192,2025-08-13,2005,1,0.1,UPI
55946,1356,2025-06-18,2002,1,0.15,Debit Card
55947,1278,2024-04-15,2013,1,0.2,Net Banking
55948,1018,2024-05-10,2018,1,0.1,Debit Card
55949,1012,2024-12-22,2012,3,0.0,Credit Card
55950,1180,2025-11-15,2014,1,0.0,UPI
55951,1123,2024-01-02,2005,1,0.15,Net Banking
55952,1246,2024-08-20,2010,1,0.0,Credit Card
55953,1222,2025-01-03,2020,3,0.05,Cash on Delivery
55954,1373,2024-09-07,2002,1,0.25,Credit Card
55955,1051,2024-04-17,2004,1,0.15,Cash on Delivery
55956,1488,2024-10-02,2012,2,0.15,Cash on Delivery
55957,1071,2024-06-28,2011,2,0.15,Net Banking
55958,1480,2025-12-25,2004,1,0.1,Debit Card
55959,1048,2024-10-19,2011,1,0.15,Cash on Delivery
55960,1019,2025-08-06,2009,3,0.05,UPI
55961,1262,2024-06-23,2010,5,0.25,Net Banking
55962,1084,2024-05-02,2006,1,0.05,Cash on Delivery
55963,1155,2024-08-14,2015,1,0.1,Net Banking
55964,1053,2025-03-19,2010,1,0.05,UPI
55965,1107,2025-03-03,2006,3,0.0,Net Banking
55966,1357,2024-03-23,2001,2,0.1,Net Banking
55967,1304,2025-10-19,2020,3,0.05,Cash on Delivery
55968,1135,2025-09-23,2004,3,0.1,Credit Card
55969,1443,2024-03-05,2014,4,0.1,Net Banking
55970,1069,2024-10-07,2020,4,0.1,Cash on Delivery
55971,1011,2025-01-25,2020,3,0.0,UPI
55972,1143,2025-03-03,2008,2,0.05,UPI
55973,1192,2025-09-09,2011,1,0.15,Credit Card
55974,1387,2024-04-16,2015,2,0.05,UPI
55975,1378,2025-07-01,2019,2,0.05,Cash on Delivery
55976,1069,2025-10-20,2008,2,0.1,Credit Card
55977,1023,2024-09-18,2013,1,0.15,Cash on Delivery
55978,1181,2024-06-07,2018,2,0.1,Credit Card
55979,1293,2024-09-21,2017,2,0.0,Credit Card
55980,1009,2025-04-12,2006,2,0.15,Cash on Delivery
55981,1271,2024-07-20,2015,1,0.15,Credit Card
55982,1387,2024-06-03,2013,2,0.15,Cash on Delivery
55983,1093,2024-01-13,2018,1,0.1,UPI
55984,1454,2024-10-23,2011,4,0.15,UPI
55985,1017,2025-05-12,2013,2,0.1,Net Banking
55986,1154,2025-08-19,2001,1,0.15,Debit Card
55987,1405,2024-09-01,2018,1,0.2,Debit Card
55988,1328,2024-10-26,2005,2,0.2,UPI
55989,1149,2024-12-27,2006,1,0.1,Net Banking
55990,1377,2024-12-19,2001,5,0.15,Debit Card
55991,1267,2025-06-04,2007,2,0.0,Cash on Delivery
55992,1422,2025-01-20,2004,1,0.0,Cash on Delivery
55993,1328,2024-11-07,2009,2,0.1,Credit Card
55994,1106,2025-02-17,2015,1,0.1,Debit Card
55995,1472,2024-10-04,2006,3,0.0,Cash on Delivery
55996,1381,2025-12-15,2017,1,0.1,Debit Card
55997,1035,2025-08-15,2020,5,0.0,Credit Card
55998,1119,2024-12-21,2018,2,0.1,UPI
55999,1014,2025-06-08,2004,3,0.15,Net Banking
56000,1014,2024-01-16,2009,1,0.15,Credit Card
56001,1266,2024-02-14,2014,1,0.05,Credit Card
56002,1140,2024-11-16,2003,3,0.25,Credit Card
56003,1294,2025-10-12,2001,2,0.1,Net Banking
56004,1364,2024-11-21,2011,1,0.15,Cash on Delivery
56005,1119,2024-05-27,2001,1,0.1,Debit Card
56006,1238,2024-12-20,2012,1,0.25,UPI
56007,1034,2024-08-23,2009,2,0.15,UPI
56008,1169,2025-12-03,2005,1,0.1,Net Banking
56009,1010,2025-09-04,2015,1,0.05,UPI
56010,1122,2024-04-14,2018,1,0.1,Net Banking
56011,1401,2025-04-18,2009,2,0.1,Net Banking
56012,1145,2025-01-30,2013,1,0.1,Debit Card
56013,1451,2025-03-21,2013,5,0.05,Debit Card
56014,1446,2025-08-28,2013,1,0.05,Net Banking
56015,1223,2024-08-07,2010,4,0.1,Debit Card
56016,1371,2025-03-17,2010,2,0.15,Cash on Delivery
56017,1257,2025-10-06,2007,1,0.15,Credit Card
56018,1268,2025-10-28,2005,1,0.0,UPI
56019,1359,2024-01-28,2020,2,0.0,UPI
56020,1004,2025-04-19,2007,3,0.0,UPI
56021,1426,2025-09-19,2020,2,0.0,UPI
56022,1397,2024-10-31,2010,1,0.0,Cash on Delivery
56023,1354,2025-02-08,2010,4,0.15,Cash on Delivery
56024,1106,2025-05-27,2013,5,0.2,Credit Card
56025,1085,2025-05-16,2015,2,0.05,Net Banking
56026,1214,2024-12-13,2006,2,0.1,Debit Card
56027,1121,2024-08-27,2020,2,0.15,Credit Card
56028,1132,2025-07-23,2012,1,0.2,UPI
56029,1338,2025-11-25,2019,1,0.2,Debit Card
56030,1197,2024-12-02,2011,2,0.0,Credit Card
56031,1019,2024-01-26,2006,3,0.0,UPI
56032,1130,2025-02-12,2001,1,0.0,Credit Card
56033,1012,2024-03-17,2002,2,0.1,UPI
56034,1081,2024-08-04,2015,4,0.15,UPI
56035,1330,2024-11-23,2004,1,0.05,Cash on Delivery
56036,1354,2024-01-23,2005,1,0.15,UPI
56037,1262,2025-10-31,2015,3,0.1,Credit Card
56038,1392,2025-12-18,2011,1,0.25,Debit Card
56039,1125,2024-11-05,2010,1,0.0,Cash on Delivery
56040,1307,2025-08-21,2017,1,0.0,Debit Card
56041,1267,2024-09-23,2002,2,0.05,Net Banking
56042,1447,2025-02-18,2020,4,,Debit Card
56043,1441,2025-10-07,2010,2,0.15,Net Banking
56044,1383,2024-09-23,2020,2,0.0,Net Banking
56045,1140,2024-11-28,2003,2,0.15,Cash on Delivery
56046,1329,2025-03-25,2019,4,0.0,Debit Card
56047,1002,2025-07-18,2005,1,0.05,UPI
56048,1008,2025-09-02,2003,1,0.15,Cash on Delivery
56049,1250,2024-09-03,2008,5,0.2,Cash on Delivery
56050,1139,2024-02-05,2005,4,0.05,UPI
56051,1124,2025-02-04,2012,1,0.25,Debit Card
56052,1309,2024-01-28,2014,1,0.1,Cash on Delivery
56053,1228,2024-08-07,2007,2,0.05,Net Banking
56054,1010,2025-02-09,2011,1,0.15,UPI
56055,1469,2025-09-05,2008,2,0.05,Credit Card
56056,1212,2024-09-27,2005,1,0.05,Cash on Delivery
56057,1112,2025-10-12,2008,1,0.1,Net Banking
56058,1008,2025-05-25,2012,2,0.05,Debit Card
56059,1292,2024-10-12,2015,4,0.0,Debit Card
56060,1477,2025-03-29,2019,2,0.0,UPI
56061,1362,2024-11-12,2016,1,0.15,Net Banking
56062,1460,2025-08-12,2014,5,0.1,UPI
56063,1253,2024-10-23,2007,2,0.05,Cash on Delivery
56064,1014,2024-12-03,2008,1,0.2,UPI
56065,1240,2024-11-02,2007,2,0.05,Credit Card
56066,1438,2025-03-03,2018,1,0.15,UPI
56067,1242,2024-12-16,2006,2,0.2,UPI
56068,1469,2025-05-25,2019,2,0.15,Cash on Delivery
56069,1342,2025-06-08,2004,1,0.1,Net Banking
56070,1149,2025-05-06,2003,1,0.1,Credit Card
56071,1236,2025-08-16,2017,1,0.05,UPI
56072,1306,2024-01-09,2019,2,0.1,Cash on Delivery
56073,1478,2025-05-11,2015,1,0.05,Cash on Delivery
56074,1167,2025-12-25,2006,1,0.05,Cash on Delivery
56075,1020,2025-07-13,2012,4,0.0,Net Banking
56076,1216,2025-07-14,2019,2,0.0,UPI
56077,1343,2025-03-15,2006,1,0.1,Debit Card
56078,1135,2025-07-05,2011,3,0.15,Credit Card
56079,1393,2024-04-17,2020,1,0.0,Debit Card
56080,1129,2024-09-01,2020,3,0.0,Net Banking
56081,1410,2024-09-11,2010,3,0.1,UPI
56082,1422,2024-02-02,2016,2,0.1,Debit Card
56083,1294,2024-01-23,2018,3,0.0,Debit Card
56084,1246,2025-07-19,2014,1,0.0,Debit Card
56085,1189,2024-02-18,2004,3,0.1,Credit Card
56086,1044,2025-04-06,2012,1,0.15,UPI
56087,1086,2025-08-12,2020,1,0.0,Cash on Delivery
56088,1044,2024-12-01,2008,4,0.05,UPI
56089,1330,2024-12-23,2007,2,0.1,Debit Card
56090,1375,2024-05-01,2009,5,0.0,UPI
56091,1446,2025-03-19,2017,1,0.0,Cash on Delivery
56092,1378,2024-12-24,2010,2,0.1,Credit Card
56093,1390,2025-08-24,2003,1,0.2,UPI
56094,1145,2024-12-11,2008,2,0.05,UPI
56095,1051,2024-07-11,2014,1,0.1,Credit Card
56096,1242,2025-02-19,2007,1,0.05,Credit Card
56097,1294,2025-01-11,2016,1,0.2,Debit Card
56098,1408,2025-04-07,2018,3,0.0,Debit Card
56099,1051,2025-10-22,2011,1,0.1,Credit Card
56100,1266,2024-05-25,2006,3,0.15,Cash on Delivery
56101,1120,2025-04-22,2020,1,0.25,Debit Card
56102,1200,2025-10-14,2014,1,0.1,Cash on Delivery
56103,1405,2025-02-11,2013,2,0.05,Credit Card
56104,1248,2024-10-12,2004,5,0.05,UPI
56105,1070,2024-04-20,2020,1,0.05,Credit Card
56106,1341,2025-09-11,2020,1,0.1,Credit Card
56107,1057,2024-02-19,2011,3,0.15,Net Banking
56108,1382,2024-01-14,2018,1,0.15,Credit Card
56109,1039,2024-05-13,2001,3,0.05,Debit Card
56110,1472,2025-08-10,2012,1,0.15,UPI
56111,1289,2025-08-18,2018,2,0.2,Cash on Delivery
56112,1443,2024-12-08,2007,1,0.2,Net Banking
56113,1018,2025-10-31,2012,2,0.15,Debit Card
56114,1440,2024-10-12,2001,3,0.1,UPI
56115,1220,2024-11-09,2004,3,0.1,Cash on Delivery
56116,1313,2025-08-28,2018,2,0.0,UPI
56117,1244,2024-10-23,2015,4,0.0,Debit Card
56118,1352,2025-08-28,2003,1,0.1,UPI
56119,1460,2025-07-22,2007,1,0.0,Credit Card
56120,1304,2024-06-12,2006,2,0.1,UPI
56121,1298,2025-05-11,2015,2,0.1,Credit Card
56122,1283,2025-09-01,2015,1,0.1,Debit Card
56123,1074,2024-01-16,2006,2,0.0,Net Banking
56124,1110,2024-12-09,2008,1,0.0,Credit Card
56125,1180,2024-03-18,2008,3,0.0,UPI
56126,1426,2024-12-11,2001,3,0.0,UPI
56127,1032,2024-03-12,2013,2,0.25,UPI
56128,1234,2024-09-26,2013,1,0.05,Debit Card
56129,1282,2024-10-13,2011,2,0.05,Cash on Delivery
56130,1025,2024-03-06,2004,3,0.0,UPI
56131,1331,2024-03-08,2007,1,0.1,UPI
56132,1279,2024-07-11,2012,2,0.1,Credit Card
56133,1226,2024-02-24,2013,5,0.0,Net Banking
56134,1057,2025-01-13,2012,1,0.2,UPI
56135,1180,2024-06-16,2016,1,0.15,Debit Card
56136,1232,2025-02-12,2006,1,0.0,Cash on Delivery
56137,1382,2025-05-22,2014,2,0.1,Cash on Delivery
56138,1343,2025-06-20,2019,4,0.1,Cash on Delivery
56139,1477,2025-10-04,2016,2,0.05,Debit Card
56140,1287,2024-04-11,2004,1,0.15,Cash on Delivery
56141,1064,2025-02-25,2005,2,0.0,Cash on Delivery
56142,1455,2025-04-22,2009,2,0.05,Credit Card
56143,1232,2024-04-29,2003,2,0.05,Cash on Delivery
56144,1289,2024-10-17,2010,1,0.1,Credit Card
56145,1213,2025-05-02,2017,2,0.15,Credit Card
56146,1258,2024-06-09,2019,2,0.0,Credit Card
56147,1018,2025-11-03,2010,1,0.0,Debit Card
56148,1175,2024-03-18,2012,2,0.1,UPI
56149,1417,2024-02-07,2007,5,0.0,Net Banking
56150,1229,2025-01-28,2018,1,0.0,Cash on Delivery
56151,1226,2025-03-16,2019,5,0.05,Net Banking
56152,1084,2025-06-23,2015,1,0.0,UPI
56153,1291,2025-04-06,2007,3,0.05,Credit Card
56154,1435,2025-09-03,2012,1,0.05,Credit Card
56155,1370,2024-10-20,2007,1,0.0,Credit Card
56156,1246,2025-02-03,2010,2,0.1,Credit Card
56157,1402,2025-09-27,2020,2,0.0,Cash on Delivery
56158,1110,2024-04-01,2010,3,0.25,UPI
56159,1254,2025-08-31,2005,2,0.05,UPI
56160,1088,2024-01-06,2018,2,0.1,UPI
56161,1072,2025-11-11,2009,4,0.15,Net Banking
56162,1381,2024-09-27,2016,2,0.05,Credit Card
56163,1030,2025-09-11,2007,1,0.15,Debit Card
56164,1172,2025-07-12,2010,1,0.15,UPI
56165,1309,2024-04-08,2005,2,0.0,Net Banking
56166,1394,2025-06-09,2007,3,0.25,Cash on Delivery
56167,1343,2024-07-12,2005,1,0.0,Credit Card
56168,1436,2024-06-05,2015,1,0.0,Net Banking
56169,1177,2025-10-27,2019,1,0.15,Debit Card
56170,1139,2024-04-24,2010,2,0.0,Debit Card
56171,1194,2025-01-30,2008,1,0.1,Cash on Delivery
56172,1186,2025-10-18,2009,1,0.15,UPI
56173,1218,2025-06-05,2011,2,0.2,UPI
56174,1164,2024-08-01,2002,3,0.1,Net Banking
56175,1161,2025-11-13,2003,1,0.25,Net Banking
56176,1431,2025-06-16,2013,2,0.05,UPI
56177,1013,2024-01-15,2011,1,0.0,UPI
56178,1296,2025-02-22,2010,4,0.1,Net Banking
56179,1089,2025-01-02,2015,1,0.1,Credit Card
56180,1324,2025-09-29,2006,5,0.1,Debit Card
56181,1042,2024-07-31,2001,5,0.1,Debit Card
56182,1403,2025-11-30,2014,3,0.05,Cash on Delivery
56183,1210,2025-11-14,2018,1,0.1,Debit Card
56184,1229,2024-01-05,2011,2,0.2,Net Banking
56185,1350,2024-08-18,2008,1,0.1,Credit Card
56186,1275,2024-07-19,2003,4,0.05,Net Banking
56187,1442,2025-02-05,2014,3,0.15,UPI
56188,1279,2024-05-28,2002,5,0.05,UPI
56189,1251,2025-08-06,2016,2,0.15,Debit Card
56190,1310,2025-05-06,2006,2,0.0,Credit Card
56191,1208,2024-08-13,2001,2,0.05,Cash on Delivery
56192,1321,2025-08-08,2014,2,0.0,Net Banking
56193,1140,2024-06-17,2010,2,0.0,Cash on Delivery
56194,1280,2024-05-31,2006,2,0.1,Cash on Delivery
56195,1034,2024-08-11,2009,4,0.05,Cash on Delivery
56196,1309,2025-05-18,2007,2,0.15,Cash on Delivery
56197,1392,2025-07-03,2002,3,0.1,Net Banking
56198,1018,2024-02-13,2011,4,0.05,UPI
56199,1057,2025-11-27,2014,2,0.15,Net Banking
56200,1112,2025-05-18,2005,1,0.1,UPI
56201,1005,2024-08-28,2009,2,0.15,UPI
56202,1410,2024-12-16,2007,2,0.1,Net Banking
56203,1414,2025-12-22,2014,1,0.0,Net Banking
56204,1182,2024-01-23,2016,1,0.1,Net Banking
56205,1013,2025-09-27,2016,5,0.05,UPI
56206,1339,2025-08-20,2007,1,0.1,Net Banking
56207,1285,2024-02-12,2010,3,0.2,Credit Card
56208,1259,2025-04-10,2006,3,0.05,Debit Card
56209,1090,2024-02-09,2017,2,0.1,Debit Card
56210,1104,2024-10-29,2001,2,0.05,Credit Card
56211,1379,2025-11-11,2002,3,0.0,Debit Card
56212,1186,2024-06-23,2014,2,0.1,UPI
56213,1250,2025-06-15,2004,1,0.1,Net Banking
56214,1255,2025-04-05,2009,5,0.05,Net Banking
56215,1076,2025-09-12,2006,2,0.05,Net Banking
56216,1386,2024-07-11,2017,2,0.15,Credit Card
56217,1459,2024-08-31,2011,2,0.0,Credit Card
56218,1108,2024-10-06,2004,1,0.05,UPI
56219,1156,2024-02-05,2009,4,0.15,Credit Card
56220,1082,2025-07-10,2016,3,0.2,Net Banking
56221,1077,2025-06-23,2003,1,0.05,UPI
56222,1485,2024-06-02,2004,5,0.2,UPI
56223,1470,2024-01-23,2003,3,0.0,Net Banking
56224,1460,2025-12-19,2013,2,0.0,Cash on Delivery
56225,1258,2024-03-31,2019,2,0.15,Net Banking
56226,1127,2025-01-24,2001,1,0.2,UPI
56227,1485,2024-12-24,2006,2,0.0,Cash on Delivery
56228,1391,2025-07-03,2003,1,0.0,Net Banking
56229,1282,2024-08-15,2003,2,0.0,Net Banking
56230,1474,2024-07-20,2016,2,0.05,Cash on Delivery
56231,1088,2024-12-15,2010,4,0.15,Cash on Delivery
56232,1204,2024-02-07,2017,3,0.1,Debit Card
56233,1016,2025-05-14,2007,1,0.1,Cash on Delivery
56234,1151,2025-11-29,2013,4,0.1,Credit Card
56235,1424,2024-02-12,2011,2,0.2,Cash on Delivery
56236,1254,2025-09-17,2010,2,0.0,UPI
56237,1188,2025-05-31,2007,1,0.1,Cash on Delivery
56238,1329,2024-03-08,2006,3,0.2,Net Banking
56239,1032,2024-05-02,2001,4,0.0,Credit Card
56240,1271,2025-11-15,2017,3,0.15,Cash on Delivery
56241,1485,2024-12-01,2012,4,0.1,Credit Card
56242,1397,2024-06-01,2004,1,0.0,Debit Card
56243,1005,2025-10-30,2003,4,0.0,Credit Card
56244,1459,2024-06-10,2006,2,0.1,Net Banking
56245,1330,2024-08-01,2016,1,0.1,Debit Card
56246,1308,2025-01-10,2013,2,0.1,Cash on Delivery
56247,1333,2025-03-18,2009,3,0.0,Credit Card
56248,1169,2025-02-26,2011,1,0.1,Debit Card
56249,1181,2025-06-21,2020,1,0.05,Cash on Delivery
56250,1366,2025-12-01,2013,1,0.05,Cash on Delivery
56251,1178,2025-09-25,2019,2,0.05,Credit Card
56252,1143,2024-08-17,2003,1,0.1,Credit Card
56253,1362,2024-02-28,2012,1,0.0,Debit Card
56254,1248,2024-04-05,2019,2,0.0,Credit Card
56255,1127,2024-09-18,2008,5,0.0,Cash on Delivery
56256,1263,2024-12-19,2014,3,0.0,Net Banking
56257,1040,2024-11-07,2009,1,0.0,Debit Card
56258,1412,2024-05-15,2017,4,0.1,Net Banking
56259,1416,2025-04-17,2006,2,0.15,Net Banking
56260,1355,2025-09-23,2004,2,0.1,Cash on Delivery
56261,1255,2025-03-05,2004,2,0.1,Net Banking
56262,1143,2025-06-20,2019,2,0.0,UPI
56263,1240,2024-05-25,2012,1,0.2,Debit Card
56264,1228,2025-06-07,2002,2,0.0,Cash on Delivery
56265,1341,2024-03-27,2017,2,0.1,Credit Card
56266,1198,2024-04-18,2015,2,0.2,Cash on Delivery
56267,1065,2025-02-26,2010,3,0.1,Credit Card
56268,1388,2024-12-10,2003,1,0.0,Cash on Delivery
56269,1011,2024-09-22,2020,3,0.05,UPI
56270,1108,2025-08-08,2004,2,0.0,Debit Card
56271,1026,2025-05-08,2001,5,0.1,Net Banking
56272,1445,2024-11-28,2001,2,0.1,Cash on Delivery
56273,1421,2025-02-16,2018,4,0.15,Debit Card
56274,1151,2025-09-05,2004,3,0.0,Debit Card
56275,1221,2025-10-10,2015,2,0.15,Debit Card
56276,1341,2024-07-09,2010,2,0.15,Debit Card
56277,1496,2024-05-21,2017,1,0.0,Debit Card
56278,1237,2024-03-13,2012,4,0.05,Net Banking
56279,1237,2024-06-15,2020,1,0.1,Net Banking
56280,1497,2024-06-16,2012,2,0.1,Cash on Delivery
56281,1219,2025-07-19,2016,1,0.0,Credit Card
56282,1487,2024-09-15,2005,2,0.0,Cash on Delivery
56283,1424,2025-03-14,2016,2,0.15,Debit Card
56284,1461,2024-04-20,2017,4,0.0,Credit Card
56285,1151,2025-11-03,2015,2,0.0,Cash on Delivery
56286,1123,2025-06-14,2013,5,0.15,Credit Card
56287,1144,2024-10-16,2008,2,0.1,Net Banking
56288,1478,2025-07-15,2002,1,0.1,Debit Card
56289,1189,2025-05-24,2008,1,0.1,Credit Card
56290,1255,2024-06-23,2010,3,0.1,UPI
56291,1068,2024-10-28,2007,1,0.1,Debit Card
56292,1104,2025-11-26,2010,2,0.25,Net Banking
56293,1336,2024-07-03,2004,1,0.0,Net Banking
56294,1159,2024-12-04,2011,2,0.0,Cash on Delivery
56295,1309,2025-05-24,2009,3,0.0,UPI
56296,1362,2024-11-05,2004,2,0.1,Credit Card
56297,1409,2025-05-21,2003,1,0.1,Cash on Delivery
56298,1300,2024-12-11,2011,1,0.0,Net Banking
56299,1396,2024-03-21,2003,1,0.05,Credit Card
56300,1090,2025-01-08,2018,1,0.0,Net Banking
56301,1357,2024-06-04,2019,2,0.05,Net Banking
56302,1256,2025-03-07,2014,2,0.2,UPI
56303,1496,2025-05-14,2011,1,0.1,Debit Card
56304,1353,2024-05-26,2002,2,0.0,Credit Card
56305,1220,2025-04-25,2002,2,0.05,UPI
56306,1009,2025-03-10,2002,1,0.0,Net Banking
56307,1012,2025-06-02,2010,2,0.15,Net Banking
56308,1325,2025-10-30,2015,1,0.1,UPI
56309,1438,2025-11-13,2012,2,0.25,Credit Card
56310,1244,2024-03-09,2011,3,0.15,Net Banking
56311,1182,2025-08-28,2017,1,0.1,Credit Card
56312,1284,2024-07-04,2018,2,0.15,UPI
56313,1312,2025-11-12,2014,2,0.15,Net Banking
56314,1099,2024-07-22,2017,1,0.0,Cash on Delivery
56315,1197,2025-07-07,2015,3,0.1,Cash on Delivery
56316,1482,2024-01-13,2012,2,0.1,Net Banking
56317,1366,2025-10-27,2016,2,0.1,Debit Card
56318,1226,2024-09-30,2006,2,0.0,Net Banking
56319,1333,2024-10-24,2002,3,0.0,Net Banking
56320,1103,2024-02-20,2002,5,0.05,Net Banking
56321,1106,2025-05-14,2016,2,0.0,UPI
56322,1365,2025-01-03,2002,4,0.2,Net Banking
56323,1368,2025-12-24,2008,1,0.1,Net Banking
56324,1058,2025-10-17,2007,2,0.1,UPI
56325,1078,2024-12-22,2001,1,0.1,Net Banking
56326,1075,2024-01-03,2004,1,0.1,Cash on Delivery
56327,1042,2024-09-10,2011,2,0.25,Cash on Delivery
56328,1422,2025-04-19,2020,3,0.05,Net Banking
56329,1324,2025-05-20,2007,2,0.15,UPI
56330,1181,2024-09-12,2018,2,0.05,Net Banking
56331,1033,2025-09-01,2004,2,0.15,Net Banking
56332,1071,2025-11-15,2017,2,0.15,Credit Card
56333,1056,2024-05-29,2011,1,0.2,Debit Card
56334,1105,2025-05-02,2011,2,0.0,UPI
56335,1200,2024-10-05,2020,1,0.05,Debit Card
56336,1101,2024-02-28,2011,2,0.0,Credit Card
56337,1256,2025-03-21,2015,1,0.1,Debit Card
56338,1307,2024-04-22,2014,1,0.1,Net Banking
56339,1074,2025-07-22,2017,2,0.05,Cash on Delivery
56340,1171,2025-05-03,2002,2,0.15,UPI
56341,1377,2025-02-10,2018,2,0.05,UPI
56342,1143,2025-01-01,2016,1,0.15,Net Banking
56343,1166,2024-02-29,2012,2,0.0,Debit Card
56344,1399,2024-11-24,2010,3,0.05,UPI
56345,1261,2025-12-28,2016,4,0.1,Credit Card
56346,1221,2025-04-13,2003,3,0.1,Credit Card
56347,1083,2025-07-20,2008,1,0.0,Debit Card
56348,1182,2025-12-20,2002,2,0.15,Credit Card
56349,1307,2024-03-03,2001,1,0.1,Cash on Delivery
56350,1010,2024-07-02,2014,1,0.15,Net Banking
56351,1396,2024-11-06,2004,1,0.15,UPI
56352,1004,2025-06-21,2004,3,0.1,Net Banking
56353,1351,2024-06-25,2009,2,0.2,Debit Card
56354,1402,2025-07-28,2003,2,0.15,Net Banking
56355,1336,2025-03-04,2005,2,0.2,UPI
56356,1488,2024-03-13,2001,1,0.15,UPI
56357,1292,2024-06-15,2019,2,0.15,Debit Card
56358,1281,2024-08-12,2001,2,0.1,UPI
56359,1215,2025-07-30,2010,2,0.0,Credit Card
56360,1460,2025-08-03,2012,3,0.2,Net Banking
56361,1098,2024-01-09,2010,1,0.15,Cash on Delivery
56362,1420,2024-08-23,2002,3,0.05,Cash on Delivery
56363,1101,2025-12-10,2016,2,0.05,Cash on Delivery
56364,1451,2025-11-15,2008,2,0.1,Debit Card
56365,1009,2024-01-28,2014,2,0.1,Cash on Delivery
56366,1061,2025-10-07,2015,4,0.0,Net Banking
56367,1309,2024-01-27,2016,1,0.0,UPI
56368,1146,2025-07-03,2011,2,0.15,Credit Card
56369,1427,2024-07-14,2012,2,0.05,Cash on Delivery
56370,1419,2024-07-21,2002,1,0.1,Cash on Delivery
56371,1063,2024-03-25,2004,1,0.15,Cash on Delivery
56372,1121,2024-01-30,2003,3,0.15,Credit Card
56373,1226,2025-04-10,2009,1,0.0,Net Banking
56374,1105,2024-04-08,2018,1,0.0,Cash on Delivery
56375,1462,2024-07-08,2019,5,0.1,UPI
56376,1260,2024-01-12,2007,3,0.15,Debit Card
56377,1349,2025-08-25,2004,1,0.0,Credit Card
56378,1425,2024-01-30,2006,2,0.05,Net Banking
56379,1255,2025-12-25,2019,2,0.15,UPI
56380,1429,2024-02-07,2001,3,0.2,Credit Card
56381,1434,2025-07-25,2016,3,0.1,Credit Card
56382,1207,2024-10-20,2011,3,0.0,Debit Card
56383,1028,2024-12-25,2004,1,0.05,Debit Card
56384,1170,2025-10-16,2018,2,0.0,Net Banking
56385,1336,2024-06-28,2005,1,0.0,Cash on Delivery
56386,1076,2024-04-21,2006,1,0.1,Debit Card
56387,1116,2025-03-19,2002,3,0.1,Net Banking
56388,1069,2024-01-21,2012,1,0.0,Credit Card
56389,1354,2024-05-24,2009,2,0.2,Cash on Delivery
56390,1234,2025-05-13,2020,3,0.1,UPI
56391,1001,2024-05-25,2012,1,0.1,Credit Card
56392,1167,2025-03-16,2013,1,0.25,Net Banking
56393,1352,2025-02-24,2017,3,0.1,UPI
56394,1218,2024-11-11,2005,4,0.2,Credit Card
56395,1273,2024-06-14,2020,3,0.05,Debit Card
56396,1368,2025-10-13,2013,2,0.0,Net Banking
56397,1251,2024-07-21,2013,1,0.1,UPI
56398,1347,2025-05-10,2010,1,0.1,Debit Card
56399,1344,2025-09-16,2015,3,0.0,UPI
56400,1419,2025-04-12,2015,1,0.1,Cash on Delivery
56401,1174,2025-12-13,2018,3,0.0,Cash on Delivery
56402,1170,2025-01-19,2018,2,0.1,Net Banking
56403,1246,2024-11-09,2002,2,0.1,UPI
56404,1423,2024-09-11,2011,3,0.1,Cash on Delivery
56405,1090,2024-01-23,2013,3,0.1,Credit Card
56406,1049,2024-12-04,2011,2,0.25,Credit Card
56407,1446,2025-05-07,2004,4,0.05,Cash on Delivery
56408,1294,2025-05-25,2015,5,0.25,Cash on Delivery
56409,1407,2024-12-31,2011,4,0.0,Net Banking
56410,1150,2025-01-06,2018,3,0.1,Net Banking
56411,1132,2025-08-21,2016,3,0.1,Credit Card
56412,1433,2024-08-06,2010,2,0.15,Debit Card
56413,1059,2025-04-19,2012,1,0.15,UPI
56414,1457,2025-02-26,2013,1,0.15,Debit Card
56415,1324,2024-12-21,2009,1,0.0,Net Banking
56416,1199,2025-04-04,2013,1,0.15,Debit Card
56417,1215,2025-05-17,2006,2,0.0,Net Banking
56418,1386,2024-01-27,2006,1,0.0,Debit Card
56419,1049,2024-08-10,2011,4,0.0,Credit Card
56420,1472,2025-11-20,2019,3,0.1,Net Banking
56421,1232,2024-05-27,2011,1,0.15,Credit Card
56422,1247,2025-02-27,2010,1,0.0,Debit Card
56423,1382,2024-12-16,2015,3,0.0,Cash on Delivery
56424,1479,2024-07-04,2013,3,0.1,Cash on Delivery
56425,1239,2025-02-18,2008,4,0.25,UPI
56426,1415,2025-03-04,2005,5,0.1,Cash on Delivery
56427,1367,2024-02-10,2002,5,0.1,UPI
56428,1168,2025-01-27,2016,2,0.1,Debit Card
56429,1048,2025-12-03,2013,1,0.15,UPI
56430,1051,2024-03-19,2019,3,0.25,UPI
56431,1299,2025-12-17,2009,1,0.1,UPI
56432,1098,2025-06-27,2015,3,0.05,Credit Card
56433,1439,2025-03-25,2006,2,0.15,UPI
56434,1216,2025-04-18,2008,3,0.25,Net Banking
56435,1177,2024-05-21,2014,1,0.0,Debit Card
56436,1380,2024-09-07,2005,2,0.1,Credit Card
56437,1474,2024-10-20,2017,2,0.15,Net Banking
56438,1080,2025-09-01,2007,4,0.1,Debit Card
56439,1185,2024-05-15,2009,1,0.05,Credit Card
56440,1367,2025-04-28,2016,4,0.1,Debit Card
56441,1461,2024-11-07,2018,3,0.05,Cash on Delivery
56442,1399,2025-07-08,2013,3,0.05,Debit Card
56443,1027,2025-09-23,2018,3,0.25,Cash on Delivery
56444,1452,2024-02-15,2010,2,0.1,Cash on Delivery
56445,1464,2024-08-23,2001,1,0.15,Debit Card
56446,1448,2024-02-17,2018,1,0.15,Cash on Delivery
56447,1478,2024-07-16,2019,4,0.1,Credit Card
56448,1492,2024-03-24,2002,3,0.15,Cash on Delivery
56449,1414,2025-06-26,2004,1,0.05,UPI
56450,1420,2024-06-09,2011,2,0.1,Credit Card
56451,1195,2025-03-03,2003,2,0.1,Credit Card
56452,1214,2024-03-11,2009,1,0.1,Credit Card
56453,1369,2025-06-03,2010,2,0.0,UPI
56454,1342,2024-02-21,2002,1,0.05,UPI
56455,1114,2024-02-14,2007,1,0.05,UPI
56456,1242,2024-10-19,2015,2,0.1,UPI
56457,1124,2025-04-09,2019,2,0.25,UPI
56458,1305,2025-07-03,2010,1,0.2,Net Banking
56459,1076,2025-01-14,2020,2,0.0,Net Banking
56460,1311,2025-04-22,2014,1,0.05,UPI
56461,1469,2024-09-18,2004,1,0.0,Credit Card
56462,1312,2025-08-02,2011,1,0.05,Cash on Delivery
56463,1196,2024-06-27,2003,1,0.15,Cash on Delivery
56464,1351,2024-12-22,2017,1,0.2,Net Banking
56465,1044,2025-02-22,2007,3,0.0,UPI
56466,1415,2025-11-28,2011,2,0.05,Debit Card
56467,1186,2024-07-19,2018,1,0.0,Cash on Delivery
56468,1343,2024-01-13,2014,1,0.05,Cash on Delivery
56469,1246,2025-03-18,2014,1,0.15,Credit Card
56470,1437,2025-12-26,2006,3,0.1,Cash on Delivery
56471,1084,2024-10-12,2009,1,0.15,Net Banking
56472,1207,2024-09-14,2003,1,0.1,UPI
56473,1151,2025-07-23,2017,2,0.05,UPI
56474,1156,2025-07-01,2012,2,0.0,Cash on Delivery
56475,1016,2025-05-04,2004,1,0.0,Debit Card
56476,1165,2025-05-12,2020,2,0.15,Net Banking
56477,1405,2025-12-05,2016,2,0.15,Cash on Delivery
56478,1463,2024-11-28,2010,1,0.15,Net Banking
56479,1145,2025-07-15,2007,2,0.0,Debit Card
56480,1498,2024-02-01,2010,3,0.15,Net Banking
56481,1037,2025-09-01,2007,2,0.0,Net Banking
56482,1333,2024-02-12,2018,1,0.0,Net Banking
56483,1403,2024-12-16,2009,2,0.05,UPI
56484,1414,2024-11-29,2018,2,0.1,Debit Card
56485,1045,2025-07-12,2017,3,0.15,UPI
56486,1402,2024-09-26,2011,2,0.1,Credit Card
56487,1206,2025-02-16,2001,1,0.0,Cash on Delivery
56488,1062,2025-07-28,2017,2,0.0,UPI
56489,1420,2024-01-19,2004,3,0.05,Net Banking
56490,1356,2024-12-12,2004,1,0.0,Credit Card
56491,1468,2025-09-04,2014,4,0.05,Debit Card
56492,1308,2024-02-06,2009,3,0.15,Debit Card
56493,1019,2025-09-10,2013,1,0.0,UPI
56494,1365,2024-04-01,2016,4,0.15,Net Banking
56495,1300,2024-07-03,2001,2,0.1,Net Banking
56496,1007,2025-12-28,2003,3,0.05,Debit Card
56497,1249,2024-01-28,2019,3,0.05,Net Banking
56498,1428,2025-07-01,2008,2,0.15,Cash on Delivery
56499,1117,2025-01-06,2018,2,0.1,UPI
56500,1068,2025-06-13,2006,4,0.0,UPI
56501,1034,2024-12-10,2020,1,0.2,Net Banking
56502,1194,2025-02-22,2006,1,0.0,Debit Card
56503,1325,2024-07-14,2005,1,0.2,Cash on Delivery
56504,1055,2024-03-18,2012,3,0.0,Cash on Delivery
56505,1266,2024-06-15,2009,4,0.15,Cash on Delivery
56506,1480,2024-03-30,2009,1,0.1,Credit Card
56507,1042,2024-09-20,2017,4,0.1,Net Banking
56508,1297,2025-04-16,2019,1,0.0,Cash on Delivery
56509,1461,2024-07-26,2017,5,0.0,Net Banking
56510,1231,2025-12-24,2016,2,0.15,Debit Card
56511,1453,2024-09-27,2012,1,0.2,Debit Card
56512,1378,2024-09-19,2003,1,0.1,Debit Card
56513,1394,2025-05-20,2014,1,0.05,Credit Card
56514,1010,2025-05-26,2017,1,0.0,Debit Card
56515,1358,2025-12-26,2016,3,0.1,Net Banking
56516,1475,2025-07-29,2012,1,0.05,UPI
56517,1444,2025-06-07,2002,5,0.0,UPI
56518,1128,2025-12-22,2008,2,0.1,Net Banking
56519,1179,2024-11-07,2012,3,0.1,UPI
56520,1405,2024-06-22,2016,1,0.0,Cash on Delivery
56521,1392,2025-03-06,2008,4,0.0,UPI
56522,1193,2025-04-07,2016,2,0.1,Credit Card
56523,1092,2024-04-10,2010,4,0.0,Debit Card
56524,1369,2024-01-16,2020,4,0.15,UPI
56525,1231,2025-12-09,2015,1,0.05,UPI
56526,1078,2024-09-14,2004,1,0.0,Credit Card
56527,1085,2024-08-31,2015,3,0.15,Credit Card
56528,1030,2024-12-13,2004,4,0.1,UPI
56529,1213,2024-09-05,2011,2,0.05,Cash on Delivery
56530,1049,2024-04-14,2006,1,0.05,UPI
56531,1265,2025-11-24,2004,2,0.0,Cash on Delivery
56532,1145,2025-10-28,2009,1,0.1,Debit Card
56533,1069,2024-10-13,2009,1,0.05,Net Banking
56534,1058,2024-06-17,2003,2,0.15,Debit Card
56535,1185,2025-02-23,2005,1,0.1,UPI
56536,1062,2024-02-16,2015,2,0.1,UPI
56537,1479,2024-02-12,2009,4,0.15,Cash on Delivery
56538,1308,2024-11-16,2002,3,0.1,Credit Card
56539,1445,2024-08-08,2003,4,0.05,Cash on Delivery
56540,1296,2025-05-27,2012,3,0.05,Credit Card
56541,1166,2025-12-12,2016,1,0.0,Credit Card
56542,1171,2025-03-16,2005,3,0.15,Credit Card
56543,1063,2024-05-23,2010,4,0.15,Credit Card
56544,1147,2024-01-28,2015,4,0.0,UPI
56545,1484,2025-07-06,2014,3,0.15,Net Banking
56546,1306,2025-10-20,2014,1,0.1,Net Banking
56547,1161,2025-11-20,2013,1,0.1,Debit Card
56548,1141,2024-06-15,2016,1,0.0,Debit Card
56549,1334,2025-09-26,2008,5,0.05,Debit Card
56550,1097,2025-08-08,2008,2,0.1,Cash on Delivery
56551,1446,2024-09-05,2017,3,0.0,Debit Card
56552,1221,2024-12-22,2017,2,0.1,Debit Card
56553,1043,2024-04-20,2003,2,0.25,Debit Card
56554,1433,2025-11-22,2001,1,0.15,UPI
56555,1292,2025-11-30,2017,1,0.1,Debit Card
56556,1378,2025-12-19,2016,2,0.1,Net Banking
56557,1108,2024-08-21,2017,2,0.0,UPI
56558,1266,2024-01-24,2002,1,0.2,Credit Card
56559,1095,2024-01-26,2014,3,0.2,Cash on Delivery
56560,1262,2025-01-15,2007,1,0.1,UPI
56561,1313,2025-12-30,2019,3,0.0,UPI
56562,1385,2024-12-11,2001,1,0.0,Net Banking
56563,1071,2025-01-12,2017,2,0.0,Debit Card
56564,1442,2025-06-05,2010,1,0.1,Credit Card
56565,1219,2024-01-17,2006,3,0.0,Net Banking
56566,1021,2024-09-01,2007,2,0.1,Net Banking
56567,1092,2025-12-18,2006,2,0.1,UPI
56568,1127,2025-09-15,2005,4,0.0,Credit Card
56569,1080,2025-12-17,2002,1,0.15,Net Banking
56570,1312,2025-06-22,2018,1,0.0,Cash on Delivery
56571,1238,2025-08-05,2017,3,0.15,Cash on Delivery
56572,1471,2025-11-18,2007,2,0.05,Net Banking
56573,1372,2024-07-20,2019,1,0.05,UPI
56574,1404,2024-09-04,2007,2,0.0,Cash on Delivery
56575,1486,2024-04-27,2007,1,0.25,UPI
56576,1182,2024-01-09,2016,1,0.1,Debit Card
56577,1025,2025-08-20,2012,2,0.05,Debit Card
56578,1156,2024-01-23,2015,3,0.0,UPI
56579,1005,2024-08-27,2015,2,0.1,Net Banking
56580,1120,2025-08-07,2011,2,0.05,Debit Card
56581,1277,2024-01-27,2002,4,0.25,Debit Card
56582,1018,2024-03-21,2003,1,0.2,Cash on Delivery
56583,1431,2025-08-18,2019,3,0.15,Net Banking
56584,1198,2024-07-17,2020,4,0.25,UPI
56585,1057,2025-07-08,2015,1,0.0,Debit Card
56586,1093,2024-04-01,2016,1,0.05,Net Banking
56587,1019,2024-03-24,2001,5,0.05,Debit Card
56588,1384,2024-10-26,2015,5,0.0,Cash on Delivery
56589,1353,2024-10-22,2012,1,0.25,Net Banking
56590,1193,2025-10-08,2007,1,0.0,Credit Card
56591,1237,2025-03-29,2007,1,0.15,Cash on Delivery
56592,1387,2024-10-07,2011,2,0.15,UPI
56593,1426,2024-02-28,2020,2,0.05,Net Banking
56594,1277,2024-12-07,2011,2,0.0,Debit Card
56595,1227,2025-04-09,2017,4,0.0,Net Banking
56596,1233,2024-12-07,2003,1,0.0,UPI
56597,1040,2025-09-01,2016,3,0.1,Net Banking
56598,1323,2024-03-02,2005,1,0.1,Debit Card
56599,1153,2025-09-16,2002,1,0.1,Cash on Delivery
56600,1127,2025-03-04,2007,2,0.15,Cash on Delivery
56601,1237,2025-10-19,2010,1,0.05,Debit Card
56602,1486,2025-12-28,2005,2,0.0,Credit Card
56603,1493,2024-09-12,2015,4,0.15,Credit Card
56604,1055,2025-12-06,2012,1,0.05,Cash on Delivery
56605,1468,2024-12-12,2010,3,0.05,UPI
56606,1436,2025-06-09,2017,1,0.15,Net Banking
56607,1172,2024-10-30,2020,1,0.2,Debit Card
56608,1109,2025-09-06,2020,2,0.2,UPI
56609,1354,2024-09-01,2011,3,0.0,Net Banking
56610,1469,2025-02-15,2008,2,0.1,Cash on Delivery
56611,1184,2024-08-04,2015,2,0.0,Debit Card
56612,1439,2025-05-30,2002,4,0.25,UPI
56613,1368,2025-04-18,2017,3,0.0,Net Banking
56614,1471,2024-02-05,2006,1,0.0,Cash on Delivery
56615,1198,2024-06-26,2013,3,0.2,Cash on Delivery
56616,1371,2025-01-21,2008,2,0.25,Net Banking
56617,1373,2024-01-17,2011,3,0.1,Credit Card
56618,1461,2025-12-11,2015,2,0.0,Credit Card
56619,1497,2024-02-17,2013,1,0.1,Net Banking
56620,1087,2024-03-02,2018,2,0.15,Net Banking
56621,1201,2024-03-09,2018,2,0.1,Net Banking
56622,1337,2025-10-20,2017,2,0.0,Cash on Delivery
56623,1322,2024-12-31,2013,4,0.0,Debit Card
56624,1275,2024-06-10,2003,4,0.15,Cash on Delivery
56625,1211,2025-05-02,2007,2,0.1,Cash on Delivery
56626,1391,2025-03-06,2012,2,0.15,Credit Card
56627,1118,2025-05-03,2004,2,0.05,Net Banking
56628,1191,2024-08-17,2011,2,0.1,Cash on Delivery
56629,1042,2025-01-04,2014,4,0.25,Cash on Delivery
56630,1042,2024-06-26,2018,2,0.05,Net Banking
56631,1315,2025-02-13,2007,1,0.1,Debit Card
56632,1276,2025-07-21,2005,2,0.0,Credit Card
56633,1329,2025-08-12,2016,2,0.0,UPI
56634,1017,2024-09-26,2011,2,0.15,Cash on Delivery
56635,1283,2024-07-24,2003,2,0.15,Debit Card
56636,1431,2024-03-22,2016,1,0.1,UPI
56637,1258,2024-07-11,2011,1,0.0,Net Banking
56638,1063,2025-09-09,2010,1,0.0,UPI
56639,1062,2024-07-07,2002,2,0.2,Net Banking
56640,1100,2024-10-02,2016,1,0.05,Debit Card
56641,1019,2024-03-14,2017,3,0.15,UPI
56642,1017,2024-01-10,2010,1,0.05,Credit Card
56643,1325,2025-09-26,2018,4,0.2,Debit Card
56644,1423,2024-08-03,2012,1,0.2,UPI
56645,1466,2024-10-16,2008,1,0.0,Cash on Delivery
56646,1373,2025-03-20,2003,2,0.15,UPI
56647,1246,2025-07-05,2020,1,0.0,UPI
56648,1251,2024-07-11,2003,4,0.0,Credit Card
56649,1455,2025-09-30,2006,1,0.1,Debit Card
56650,1081,2024-10-15,2002,2,0.1,Cash on Delivery
56651,1039,2025-08-05,2003,4,0.05,Debit Card
56652,1036,2025-10-10,2017,2,0.1,Debit Card
56653,1424,2024-05-23,2009,1,0.0,Cash on Delivery
56654,1429,2025-01-23,2004,1,0.0,Cash on Delivery
56655,1388,2025-02-10,2002,2,0.1,Credit Card
56656,1486,2025-01-04,2009,1,0.1,Net Banking
56657,1409,2025-03-16,2014,2,0.1,Credit Card
56658,1197,2025-10-12,2011,3,0.1,Cash on Delivery
56659,1158,2025-07-17,2002,4,0.2,UPI
56660,1204,2025-06-12,2002,1,0.1,UPI
56661,1196,2025-11-07,2005,1,0.0,Debit Card
56662,1216,2024-01-13,2007,1,0.1,Debit Card
56663,1285,2025-12-02,2004,2,0.1,Net Banking
56664,1457,2024-12-05,2014,1,0.1,Net Banking
56665,1196,2024-11-07,2002,3,0.1,Net Banking
56666,1307,2024-04-13,2012,3,0.05,Net Banking
56667,1152,2024-12-04,2010,1,0.0,UPI
56668,1014,2024-07-16,2001,2,0.1,Cash on Delivery
56669,1325,2024-10-26,2019,1,0.0,Net Banking
56670,1146,2025-03-19,2016,1,0.1,Credit Card
56671,1426,2024-12-24,2015,1,0.1,Net Banking
56672,1057,2025-01-02,2014,1,0.1,UPI
56673,1211,2024-06-17,2009,2,0.1,Debit Card
56674,1268,2024-05-28,2015,2,0.0,Credit Card
56675,1210,2024-02-11,2007,1,0.25,Net Banking
56676,1017,2024-07-20,2004,5,0.15,UPI
56677,1286,2024-08-31,2018,2,0.05,Debit Card
56678,1344,2025-10-30,2008,1,0.0,Net Banking
56679,1203,2025-04-08,2012,1,0.0,UPI
56680,1099,2025-03-24,2015,2,0.1,UPI
56681,1279,2025-03-12,2015,5,0.05,Cash on Delivery
56682,1209,2025-06-14,2017,2,0.0,UPI
56683,1129,2025-07-18,2002,4,0.05,Net Banking
56684,1335,2025-08-19,2012,2,0.1,UPI
56685,1288,2024-09-29,2003,2,0.1,Credit Card
56686,1252,2025-03-05,2007,2,0.1,UPI
56687,1265,2024-07-31,2006,3,0.15,UPI
56688,1271,2024-04-13,2014,1,0.0,Credit Card
56689,1412,2024-07-10,2005,4,0.1,Net Banking
56690,1408,2025-11-19,2004,1,0.0,Debit Card
56691,1188,2025-10-20,2015,2,0.1,Cash on Delivery
56692,1419,2025-01-14,2007,2,0.1,Debit Card
56693,1214,2024-03-21,2003,2,0.0,Net Banking
56694,1283,2025-12-05,2013,1,0.05,Net Banking
56695,1211,2025-07-02,2010,2,0.15,Credit Card
56696,1365,2025-01-11,2002,2,0.0,Debit Card
56697,1076,2024-06-02,2012,3,0.05,UPI
56698,1148,2025-10-03,2012,3,0.2,Credit Card
56699,1321,2025-07-24,2019,3,0.1,Credit Card
56700,1213,2024-08-27,2019,1,0.15,Cash on Delivery
56701,1433,2025-01-08,2003,5,0.15,Credit Card
56702,1109,2024-07-22,2006,3,0.0,Debit Card
56703,1129,2025-09-02,2002,1,0.0,Net Banking
56704,1010,2024-12-15,2013,1,0.15,Cash on Delivery
56705,1047,2025-11-18,2009,1,0.15,UPI
56706,1379,2024-05-22,2013,2,0.0,Debit Card
56707,1315,2024-07-07,2014,3,0.05,UPI
56708,1096,2024-09-28,2019,3,0.05,Credit Card
56709,1446,2025-06-15,2011,3,0.15,Debit Card
56710,1103,2024-10-26,2014,1,0.05,Cash on Delivery
56711,1380,2025-03-01,2016,2,0.2,Cash on Delivery
56712,1342,2024-02-15,2010,1,0.25,UPI
56713,1146,2024-04-04,2020,1,0.15,Net Banking
56714,1368,2024-03-04,2016,3,0.1,Cash on Delivery
56715,1430,2025-02-16,2002,1,0.05,UPI
56716,1416,2025-10-04,2016,2,0.0,Net Banking
56717,1027,2024-01-09,2014,2,0.1,Debit Card
56718,1220,2025-04-03,2018,3,0.05,Cash on Delivery
56719,1018,2025-12-15,2006,1,0.05,Cash on Delivery
56720,1167,2025-02-12,2007,3,0.1,UPI
56721,1433,2025-04-14,2013,5,0.1,Cash on Delivery
56722,1477,2025-05-20,2002,3,0.15,UPI
56723,1082,2025-11-16,2015,3,0.05,Cash on Delivery
56724,1428,2024-03-13,2017,2,0.0,UPI
56725,1072,2024-03-24,2013,2,0.1,Cash on Delivery
56726,1310,2024-02-28,2007,3,0.2,Debit Card
56727,1479,2024-01-21,2001,3,0.15,Debit Card
56728,1254,2025-04-02,2003,2,0.0,UPI
56729,1162,2024-06-05,2020,3,0.05,Debit Card
56730,1327,2024-11-24,2018,2,0.2,UPI
56731,1420,2025-07-26,2007,1,0.0,UPI
56732,1402,2025-07-29,2017,2,0.05,Credit Card
56733,1038,2025-11-10,2012,1,0.05,Debit Card
56734,1443,2024-07-21,2016,2,0.1,Credit Card
56735,1393,2025-10-02,2010,1,0.05,Credit Card
56736,1201,2024-04-15,2016,2,0.0,Cash on Delivery
56737,1494,2024-05-01,2020,3,0.1,UPI
56738,1200,2024-11-13,2018,2,0.0,Net Banking
56739,1255,2024-06-30,2015,1,0.1,Credit Card
56740,1179,2025-09-06,2011,2,0.1,Cash on Delivery
56741,1035,2024-11-11,2018,1,0.1,Debit Card
56742,1082,2025-09-16,2006,2,0.0,Net Banking
56743,1389,2025-02-09,2001,2,0.1,UPI
56744,1398,2024-03-10,2007,4,0.05,Cash on Delivery
56745,1220,2024-06-08,2012,1,0.05,Net Banking
56746,1158,2024-08-27,2020,3,0.1,UPI
56747,1004,2025-06-06,2004,3,0.1,UPI
56748,1167,2024-05-17,2010,4,0.0,Net Banking
56749,1468,2025-05-09,2002,1,0.0,Cash on Delivery
56750,1448,2025-11-09,2009,2,0.0,Net Banking
56751,1409,2024-09-03,2010,1,0.1,Credit Card
56752,1412,2025-06-26,2020,2,0.1,UPI
56753,1204,2025-06-07,2011,1,0.15,Debit Card
56754,1194,2024-08-30,2014,3,0.15,Net Banking
56755,1235,2025-09-11,2003,1,0.15,Net Banking
56756,1206,2024-12-01,2001,2,0.05,UPI
56757,1150,2025-02-25,2007,2,0.05,UPI
56758,1159,2024-07-12,2004,5,0.15,Net Banking
56759,1279,2024-11-03,2007,2,0.0,Debit Card
56760,1304,2025-10-06,2016,1,0.1,UPI
56761,1404,2025-05-20,2010,1,0.0,UPI
56762,1381,2024-10-07,2015,1,0.2,Credit Card
56763,1166,2025-11-05,2016,3,0.05,Cash on Delivery
56764,1311,2025-03-14,2006,3,0.0,Credit Card
56765,1068,2025-12-15,2004,2,0.1,Debit Card
56766,1463,2025-08-30,2004,1,0.0,Cash on Delivery
56767,1088,2025-04-27,2004,3,0.2,Net Banking
56768,1217,2024-08-10,2017,2,0.05,Debit Card
56769,1001,2024-04-26,2013,5,0.1,Debit Card
56770,1135,2024-07-10,2002,2,0.05,Credit Card
56771,1185,2025-09-09,2020,1,0.15,Cash on Delivery
56772,1351,2025-05-30,2006,2,0.2,Debit Card
56773,1140,2025-06-13,2001,1,0.15,Cash on Delivery
56774,1106,2024-11-02,2008,3,0.15,Net Banking
56775,1133,2025-06-15,2018,3,0.0,Cash on Delivery
56776,1108,2024-05-01,2004,1,0.2,Credit Card
56777,1178,2025-10-10,2005,1,0.1,Credit Card
56778,1298,2025-08-14,2005,1,0.15,Debit Card
56779,1358,2024-06-02,2015,4,0.1,Cash on Delivery
56780,1380,2025-06-20,2010,1,0.0,Credit Card
56781,1396,2025-03-27,2008,1,0.1,UPI
56782,1359,2024-06-17,2007,1,0.0,Credit Card
56783,1146,2024-02-28,2012,2,0.1,Net Banking
56784,1450,2024-10-27,2011,3,0.05,UPI
56785,1074,2025-07-06,2013,4,0.0,Cash on Delivery
56786,1463,2025-07-03,2015,1,0.25,Debit Card
56787,1478,2024-04-26,2017,3,0.2,UPI
56788,1108,2024-05-06,2018,1,0.2,Credit Card
56789,1122,2025-02-08,2008,5,0.15,Debit Card
56790,1017,2025-02-02,2006,1,0.1,Debit Card
56791,1196,2025-05-29,2011,1,0.1,Debit Card
56792,1327,2025-05-12,2009,2,0.0,Debit Card
56793,1318,2025-06-11,2005,1,0.2,Cash on Delivery
56794,1297,2025-02-01,2007,1,0.2,Cash on Delivery
56795,1479,2024-09-21,2015,3,0.15,Cash on Delivery
56796,1499,2024-09-19,2004,3,0.2,Credit Card
56797,1252,2025-02-01,2019,2,0.1,Cash on Delivery
56798,1487,2025-10-07,2013,2,0.05,Debit Card
56799,1119,2025-12-25,2001,2,0.25,UPI
56800,1162,2025-06-10,2001,2,0.1,UPI
56801,1198,2025-03-11,2014,2,0.1,UPI
56802,1498,2024-12-25,2009,2,0.05,UPI
56803,1486,2024-05-08,2012,1,0.1,UPI
56804,1045,2025-09-25,2018,1,0.15,Net Banking
56805,1314,2024-08-28,2009,2,0.1,UPI
56806,1179,2025-09-18,2008,2,0.1,UPI
56807,1382,2025-12-09,2014,3,0.05,UPI
56808,1418,2024-08-09,2009,1,0.1,Credit Card
56809,1044,2024-08-01,2020,1,0.2,Net Banking
56810,1271,2025-08-14,2002,1,0.0,UPI
56811,1078,2024-05-14,2001,1,0.0,Cash on Delivery
56812,1326,2025-01-20,2013,3,0.0,Credit Card
56813,1178,2024-10-29,2010,2,0.2,Net Banking
56814,1357,2024-10-13,2008,3,0.1,Cash on Delivery
56815,1498,2025-07-15,2007,2,0.2,Cash on Delivery
56816,1416,2024-07-07,2012,4,0.1,Credit Card
56817,1451,2024-10-23,2017,5,0.1,Cash on Delivery
56818,1003,2025-06-09,2012,2,0.15,Debit Card
56819,1214,2025-01-23,2016,4,0.0,Credit Card
56820,1342,2025-04-03,2010,2,0.05,Credit Card
56821,1074,2024-09-17,2012,4,0.1,Debit Card
56822,1051,2025-12-04,2011,3,0.05,Credit Card
56823,1067,2025-12-15,2014,5,0.05,Cash on Delivery
56824,1332,2024-04-22,2020,2,0.0,Cash on Delivery
56825,1093,2024-02-05,2013,3,0.0,Cash on Delivery
56826,1176,2024-03-19,2002,2,0.05,Debit Card
56827,1145,2024-10-01,2020,1,0.15,Cash on Delivery
56828,1007,2024-10-04,2007,1,0.0,Debit Card
56829,1269,2025-11-04,2001,4,0.05,Debit Card
56830,1376,2024-11-07,2003,1,0.0,Debit Card
56831,1322,2025-06-12,2020,2,0.1,Credit Card
56832,1004,2024-07-22,2012,1,0.1,Net Banking
56833,1138,2024-01-17,2005,2,0.15,Debit Card
56834,1231,2025-12-14,2012,4,0.15,Cash on Delivery
56835,1088,2025-04-20,2003,3,0.05,Debit Card
56836,1017,2025-05-25,2020,2,0.0,UPI
56837,1052,2024-07-28,2005,1,0.0,Credit Card
56838,1134,2025-05-13,2001,2,0.25,Cash on Delivery
56839,1211,2025-02-05,2016,2,0.1,Credit Card
56840,1325,2025-03-04,2009,1,0.0,Credit Card
56841,1480,2024-03-18,2010,1,0.0,UPI
56842,1458,2025-07-21,2010,2,0.1,Debit Card
56843,1393,2024-03-20,2013,1,0.0,Cash on Delivery
56844,1219,2024-11-01,2016,2,0.15,Net Banking
56845,1205,2024-02-27,2020,1,0.1,Credit Card
56846,1211,2025-06-13,2004,2,0.1,Net Banking
56847,1277,2024-07-26,2014,1,0.1,Net Banking
56848,1024,2025-05-25,2017,5,0.05,Debit Card
56849,1486,2024-05-14,2005,2,0.1,Net Banking
56850,1004,2025-06-05,2013,1,0.15,Cash on Delivery
56851,1152,2025-08-03,2003,2,0.05,Debit Card
56852,1443,2024-03-23,2005,4,0.1,Net Banking
56853,1483,2025-09-12,2016,3,0.15,Debit Card
56854,1259,2024-02-13,2019,3,0.0,Cash on Delivery
56855,1324,2025-04-27,2019,1,0.1,Credit Card
56856,1357,2025-10-05,2017,2,0.05,UPI
56857,1168,2025-05-07,2018,3,0.15,Debit Card
56858,1176,2025-05-13,2018,2,0.0,UPI
56859,1310,2024-01-18,2008,4,0.1,Credit Card
56860,1291,2025-08-27,2018,1,0.0,Cash on Delivery
56861,1479,2024-10-20,2009,1,0.0,Credit Card
56862,1056,2024-05-27,2019,4,0.15,UPI
56863,1108,2025-04-16,2010,2,0.1,Cash on Delivery
56864,1473,2024-06-20,2002,1,0.2,Net Banking
56865,1296,2025-07-16,2017,1,0.1,Net Banking
56866,1461,2025-06-14,2013,3,0.1,Debit Card
56867,1324,2024-04-29,2011,1,0.15,Net Banking
56868,1302,2024-03-06,2016,1,0.05,UPI
56869,1334,2024-05-20,2020,1,0.0,Net Banking
56870,1141,2025-03-21,2007,4,0.0,Debit Card
56871,1155,2025-05-20,2003,4,0.0,Cash on Delivery
56872,1262,2024-07-07,2016,2,0.05,Net Banking
56873,1273,2024-06-06,2019,2,0.2,Debit Card
56874,1420,2025-09-01,2020,1,0.15,Net Banking
56875,1232,2025-10-31,2016,1,0.2,Net Banking
56876,1241,2024-09-02,2002,3,0.25,UPI
56877,1355,2024-02-02,2014,1,0.05,Debit Card
56878,1337,2024-12-26,2020,2,0.0,Debit Card
56879,1489,2024-11-25,2010,2,0.1,Credit Card
56880,1258,2025-05-26,2019,1,0.2,Credit Card
56881,1249,2024-03-11,2011,2,0.1,Debit Card
56882,1077,2024-11-08,2018,2,0.1,UPI
56883,1180,2025-12-28,2011,3,0.0,Net Banking
56884,1066,2024-03-19,2009,1,0.05,Cash on Delivery
56885,1308,2024-06-17,2019,1,0.05,Net Banking
56886,1348,2024-06-28,2020,2,0.05,Cash on Delivery
56887,1171,2025-09-19,2010,5,0.2,UPI
56888,1474,2024-09-16,2003,1,0.0,Credit Card
56889,1022,2025-04-30,2003,5,0.25,Debit Card
56890,1367,2024-01-05,2008,3,0.0,UPI
56891,1107,2024-10-23,2006,3,0.2,Cash on Delivery
56892,1439,2025-09-11,2020,1,0.1,Debit Card
56893,1323,2024-12-25,2001,1,0.15,Cash on Delivery
56894,1227,2024-04-26,2020,1,0.0,Net Banking
56895,1444,2024-12-22,2006,1,0.1,Net Banking
56896,1442,2025-03-14,2002,5,0.2,Net Banking
56897,1396,2024-11-26,2019,1,0.0,Debit Card
56898,1216,2025-06-08,2007,2,0.0,Credit Card
56899,1069,2025-10-15,2011,1,0.05,Credit Card
56900,1084,2024-07-06,2011,3,0.0,Cash on Delivery
56901,1103,2024-10-07,2004,1,0.0,Credit Card
56902,1039,2025-05-25,2020,1,0.1,Credit Card
56903,1013,2025-04-10,2016,1,0.0,Cash on Delivery
56904,1297,2024-04-24,2005,3,0.1,Cash on Delivery
56905,1313,2024-08-23,2007,1,0.15,Cash on Delivery
56906,1181,2024-12-03,2016,1,0.1,Debit Card
56907,1493,2025-06-05,2015,1,0.0,Cash on Delivery
56908,1268,2024-07-17,2005,5,0.1,Debit Card
56909,1013,2024-02-19,2001,2,0.05,Debit Card
56910,1120,2024-05-21,2020,3,0.05,Debit Card
56911,1458,2025-06-11,2009,2,0.05,Cash on Delivery
56912,1353,2025-05-28,2005,1,0.2,Credit Card
56913,1057,2025-10-31,2006,2,0.15,Credit Card
56914,1040,2024-01-30,2003,1,0.0,Cash on Delivery
56915,1374,2024-03-22,2006,2,0.1,Credit Card
56916,1336,2024-01-31,2008,2,0.05,Cash on Delivery
56917,1128,2024-11-28,2006,2,0.25,Debit Card
56918,1173,2025-10-21,2016,1,0.25,Net Banking
56919,1035,2024-06-25,2016,1,0.05,UPI
56920,1259,2025-01-04,2003,3,0.05,Cash on Delivery
56921,1376,2025-06-30,2017,3,0.1,Debit Card
56922,1005,2025-06-18,2006,1,0.1,Net Banking
56923,1218,2024-04-15,2006,1,0.0,Debit Card
56924,1011,2024-04-06,2019,4,0.1,UPI
56925,1382,2024-08-17,2020,3,0.05,Credit Card
56926,1327,2024-08-14,2015,5,0.1,Credit Card
56927,1117,2025-01-05,2019,1,0.05,Debit Card
56928,1184,2024-04-09,2002,2,0.15,UPI
56929,1394,2025-03-20,2008,1,0.1,Debit Card
56930,1362,2025-04-12,2007,2,0.1,Credit Card
56931,1116,2024-02-24,2008,1,0.15,Debit Card
56932,1162,2024-07-13,2013,1,0.1,Net Banking
56933,1067,2025-06-03,2015,1,0.0,UPI
56934,1200,2025-02-27,2012,3,0.0,Credit Card
56935,1031,2024-11-10,2015,2,0.0,Debit Card
56936,1075,2024-05-07,2014,2,0.0,UPI
56937,1237,2024-02-01,2007,4,0.15,Debit Card
56938,1327,2024-04-02,2017,3,0.05,Credit Card
56939,1493,2025-06-02,2005,2,0.0,UPI
56940,1066,2024-09-14,2020,5,0.15,Credit Card
56941,1070,2024-08-07,2010,2,0.1,Net Banking
56942,1297,2024-04-15,2019,1,0.1,Net Banking
56943,1447,2025-07-01,2018,5,0.0,Cash on Delivery
56944,1416,2025-02-19,2010,1,0.0,UPI
56945,1020,2025-07-10,2002,2,0.1,Net Banking
56946,1441,2024-11-04,2006,1,0.2,Cash on Delivery
56947,1226,2024-12-31,2003,2,0.0,UPI
56948,1434,2025-06-04,2019,2,0.1,Credit Card
56949,1464,2025-04-03,2005,1,0.25,Debit Card
56950,1409,2025-08-21,2007,2,0.1,Debit Card
56951,1396,2025-01-04,2007,3,0.05,Credit Card
56952,1199,2024-11-26,2010,1,0.15,Net Banking
56953,1039,2025-11-19,2001,2,0.15,Debit Card
56954,1145,2025-10-03,2011,1,0.1,Credit Card
56955,1045,2025-12-07,2007,3,0.15,Cash on Delivery
56956,1395,2024-01-11,2006,3,0.1,Cash on Delivery
56957,1326,2025-05-21,2006,4,0.15,Credit Card
56958,1381,2025-02-22,2013,1,0.2,UPI
56959,1407,2024-05-01,2016,1,0.1,Net Banking
56960,1091,2024-08-22,2013,1,0.1,Net Banking
56961,1238,2024-11-26,2002,1,0.1,Credit Card
56962,1070,2025-06-26,2019,2,0.15,Debit Card
56963,1166,2024-12-13,2019,5,0.15,Net Banking
56964,1130,2025-02-15,2019,1,0.0,Net Banking
56965,1214,2024-08-11,2018,4,0.15,Cash on Delivery
56966,1340,2024-06-01,2006,1,0.15,Cash on Delivery
56967,1089,2024-07-30,2002,4,0.15,Cash on Delivery
56968,1335,2024-04-01,2019,1,0.15,Net Banking
56969,1252,2024-11-26,2006,4,0.0,Net Banking
56970,1369,2025-04-11,2020,1,0.05,Net Banking
56971,1349,2025-10-02,2015,4,0.15,Debit Card
56972,1072,2025-12-09,2006,1,0.2,Debit Card
56973,1165,2025-07-07,2003,1,0.0,Debit Card
56974,1049,2024-08-15,2011,2,0.1,UPI
56975,1052,2024-07-12,2008,2,0.15,Net Banking
56976,1289,2025-06-13,2018,2,0.15,Net Banking
56977,1278,2024-08-30,2017,5,0.1,Credit Card
56978,1114,2025-01-23,2019,2,0.0,Credit Card
56979,1239,2024-10-02,2019,3,0.15,UPI
56980,1133,2025-03-25,2017,1,0.15,Credit Card
56981,1487,2025-09-30,2004,2,0.15,Debit Card
56982,1274,2025-08-09,2007,2,0.15,UPI
56983,1166,2025-07-27,2005,4,0.05,UPI
56984,1374,2025-04-22,2016,2,0.25,UPI
56985,1373,2025-04-24,2006,2,0.15,Cash on Delivery
56986,1293,2024-10-14,2014,1,0.1,Credit Card
56987,1478,2025-11-28,2020,1,0.2,Net Banking
56988,1243,2025-11-20,2002,1,0.2,Cash on Delivery
56989,1479,2025-11-08,2018,1,0.15,Debit Card
56990,1320,2025-11-25,2018,1,0.1,Cash on Delivery
56991,1138,2025-06-23,2013,1,0.1,Debit Card
56992,1079,2024-11-25,2018,3,0.05,Net Banking
56993,1170,2025-04-14,2017,1,0.05,Net Banking
56994,1123,2025-06-17,2013,4,0.1,Credit Card
56995,1176,2025-04-11,2012,1,0.1,Cash on Delivery
56996,1300,2025-02-23,2003,1,0.0,Net Banking
56997,1082,2025-08-30,2007,2,0.2,Debit Card
56998,1087,2024-05-01,2001,2,0.1,Net Banking
56999,1225,2024-11-03,2005,2,0.1,Credit Card
57000,1016,2024-11-29,2001,2,0.05,Debit Card
57001,1310,2025-02-23,2004,1,0.0,UPI
57002,1358,2024-11-21,2001,2,0.2,Credit Card
57003,1163,2025-10-10,2013,2,0.05,Credit Card
57004,1098,2025-07-26,2014,1,0.1,UPI
57005,1156,2024-09-06,2015,3,0.1,Net Banking
57006,1002,2024-04-04,2017,3,0.1,Credit Card
57007,1350,2024-10-22,2012,2,0.1,UPI
57008,1397,2024-07-02,2007,3,0.0,UPI
57009,1169,2024-09-16,2019,4,0.05,Credit Card
57010,1464,2025-10-28,2003,2,0.1,Cash on Delivery
57011,1315,2024-07-04,2018,1,0.15,Credit Card
57012,1325,2025-02-12,2004,4,0.05,Cash on Delivery
57013,1375,2024-03-09,2003,1,0.0,Net Banking
57014,1092,2025-09-18,2012,1,0.0,UPI
57015,1181,2024-01-08,2012,1,0.1,Debit Card
57016,1231,2024-09-21,2017,3,0.05,Credit Card
57017,1301,2025-04-28,2006,4,0.0,Debit Card
57018,1148,2025-09-08,2015,2,0.1,Net Banking
57019,1280,2025-01-05,2002,4,0.0,Credit Card
57020,1189,2025-11-07,2008,1,0.1,Debit Card
57021,1347,2024-03-23,2014,1,0.05,Net Banking
57022,1350,2025-10-07,2005,2,0.2,Cash on Delivery
57023,1314,2024-07-29,2003,5,0.0,Net Banking
57024,1493,2024-11-08,2010,2,0.05,Credit Card
57025,1411,2025-08-26,2007,1,0.2,Credit Card
57026,1410,2024-12-02,2011,1,0.05,Credit Card
57027,1128,2025-05-04,2015,1,0.1,Net Banking
57028,1007,2025-02-06,2002,1,0.05,Credit Card
57029,1426,2025-09-30,2005,1,0.0,Net Banking
57030,1047,2024-07-09,2011,4,0.1,UPI
57031,1053,2025-11-01,2008,2,0.2,UPI
57032,1187,2024-11-30,2013,2,0.1,UPI
57033,1038,2025-06-05,2011,1,0.1,Debit Card
57034,1453,2025-09-10,2017,1,0.1,UPI
57035,1471,2024-03-27,2015,2,0.05,UPI
57036,1476,2025-08-01,2001,4,0.1,Net Banking
57037,1226,2024-03-02,2019,2,0.05,Net Banking
57038,1053,2025-01-21,2016,4,0.05,Credit Card
57039,1399,2024-05-25,2019,3,0.05,Credit Card
57040,1224,2024-06-01,2013,1,0.15,Credit Card
57041,1154,2025-09-10,2004,1,0.05,Net Banking
57042,1048,2025-10-21,2011,2,0.1,Net Banking
57043,1351,2025-11-28,2018,2,0.0,UPI
57044,1147,2024-12-14,2018,1,0.05,Cash on Delivery
57045,1393,2024-06-26,2010,2,0.1,Net Banking
57046,1064,2025-05-01,2017,2,0.15,Cash on Delivery
57047,1349,2025-10-22,2013,4,0.1,Net Banking
57048,1182,2024-09-03,2014,1,0.05,Net Banking
57049,1125,2024-09-10,2007,1,0.2,Debit Card
57050,1179,2025-05-14,2010,2,0.0,Cash on Delivery
57051,1039,2025-06-24,2003,3,0.15,Debit Card
57052,1260,2024-12-17,2002,2,0.1,UPI
57053,1382,2025-05-26,2019,4,0.1,Debit Card
57054,1003,2024-01-13,2007,3,0.2,Debit Card
57055,1064,2025-07-12,2005,2,0.15,UPI
57056,1029,2024-05-30,2003,1,0.05,Cash on Delivery
57057,1372,2024-02-19,2002,2,0.05,Credit Card
57058,1011,2024-08-02,2006,3,0.05,Net Banking
57059,1097,2025-10-05,2014,3,0.0,Cash on Delivery
57060,1358,2025-01-06,2007,4,0.2,UPI
57061,1442,2024-04-22,2002,2,0.0,Debit Card
57062,1203,2024-09-08,2011,2,0.1,Credit Card
57063,1411,2024-12-06,2003,1,0.15,Debit Card
57064,1481,2024-02-22,2009,1,0.15,Net Banking
57065,1021,2024-05-09,2008,1,0.1,UPI
57066,1039,2024-07-11,2011,1,0.15,Credit Card
57067,1223,2025-08-13,2018,2,0.05,Cash on Delivery
57068,1102,2024-02-26,2001,1,0.15,Cash on Delivery
57069,1046,2024-04-06,2015,2,0.05,UPI
57070,1066,2024-07-16,2004,2,0.2,UPI
57071,1091,2025-10-08,2004,2,0.0,Debit Card
57072,1164,2024-05-26,2010,2,0.05,Credit Card
57073,1459,2025-11-14,2011,1,0.1,Net Banking
57074,1111,2025-07-28,2018,4,0.15,UPI
57075,1338,2025-07-30,2015,1,0.15,Credit Card
57076,1123,2024-10-21,2003,4,0.0,UPI
57077,1193,2025-12-23,2007,1,0.0,UPI
57078,1447,2025-09-12,2007,2,0.05,Cash on Delivery
57079,1099,2025-11-14,2017,1,0.1,Credit Card
57080,1291,2024-01-12,2020,1,0.1,Cash on Delivery
57081,1159,2024-11-28,2016,2,0.05,Cash on Delivery
57082,1412,2024-08-07,2016,3,0.1,Credit Card
57083,1103,2025-02-01,2008,1,0.05,Cash on Delivery
57084,1385,2024-12-07,2003,2,0.2,Debit Card
57085,1281,2025-05-26,2020,1,0.05,Net Banking
57086,1043,2024-06-20,2015,2,0.1,Net Banking
57087,1486,2025-04-12,2001,4,0.1,Debit Card
57088,1084,2024-06-14,2010,3,0.05,UPI
57089,1451,2025-11-29,2002,2,0.05,Cash on Delivery
57090,1191,2024-06-18,2007,1,0.05,Net Banking
57091,1051,2025-07-17,2014,1,0.0,Credit Card
57092,1386,2025-05-26,2016,4,0.1,UPI
57093,1210,2024-07-07,2015,1,0.05,Net Banking
57094,1126,2024-04-29,2007,3,0.0,Cash on Delivery
57095,1492,2024-04-14,2013,1,0.05,Net Banking
57096,1448,2025-11-04,2010,5,0.05,Cash on Delivery
57097,1458,2024-02-10,2009,1,0.0,UPI
57098,1069,2025-11-07,2009,1,0.0,Debit Card
57099,1265,2024-11-16,2006,2,0.1,Cash on Delivery
57100,1258,2024-11-30,2012,5,0.15,Cash on Delivery
57101,1418,2024-06-08,2020,5,0.2,UPI
57102,1188,2024-09-20,2020,3,0.0,UPI
57103,1230,2025-06-13,2014,3,0.0,Credit Card
57104,1189,2025-11-15,2020,2,0.0,UPI
57105,1415,2025-04-21,2007,3,0.1,Net Banking
57106,1010,2024-12-17,2008,3,0.1,Cash on Delivery
57107,1114,2025-06-28,2008,2,0.05,Debit Card
57108,1076,2024-07-28,2008,2,0.15,UPI
57109,1164,2025-05-10,2002,2,0.1,Cash on Delivery
57110,1085,2025-01-16,2014,2,0.25,Debit Card
57111,1049,2025-11-06,2010,4,0.0,Credit Card
57112,1495,2025-04-25,2018,1,0.0,Net Banking
57113,1326,2024-01-05,2018,1,0.05,Credit Card
57114,1496,2024-02-03,2018,2,0.0,UPI
57115,1177,2024-05-24,2016,1,0.2,Net Banking
57116,1387,2024-12-16,2020,2,0.05,Credit Card
57117,1458,2025-08-05,2005,4,0.1,Cash on Delivery
57118,1389,2025-04-09,2020,2,0.05,UPI
57119,1494,2024-12-13,2005,3,0.0,Credit Card
57120,1218,2024-05-04,2020,1,0.0,Net Banking
57121,1189,2024-09-27,2010,4,0.05,Net Banking
57122,1469,2024-12-22,2017,2,0.1,Debit Card
57123,1493,2025-06-10,2013,1,0.25,Net Banking
57124,1346,2025-05-12,2017,2,0.1,Net Banking
57125,1230,2024-06-01,2018,4,0.1,UPI
57126,1255,2024-02-22,2013,1,0.0,Net Banking
57127,1236,2024-05-28,2017,2,0.15,Debit Card
57128,1026,2025-05-17,2015,4,0.0,Net Banking
57129,1072,2025-03-25,2012,1,0.2,Debit Card
57130,1261,2024-08-06,2010,2,0.1,Cash on Delivery
57131,1254,2025-09-16,2013,2,0.0,Debit Card
57132,1271,2024-10-03,2011,1,0.1,UPI
57133,1123,2025-03-27,2003,2,0.25,Credit Card
57134,1144,2025-03-03,2010,1,0.05,Credit Card
57135,1257,2024-03-23,2011,3,0.05,Cash on Delivery
57136,1144,2024-08-05,2006,1,0.0,UPI
57137,1421,2025-06-10,2001,1,0.1,Cash on Delivery
57138,1259,2025-02-07,2006,2,0.0,Cash on Delivery
57139,1436,2024-10-16,2005,1,0.15,Net Banking
57140,1047,2025-02-23,2007,1,0.2,Net Banking
57141,1351,2024-12-04,2012,3,0.2,UPI
57142,1013,2025-12-11,2012,4,0.0,Credit Card
57143,1376,2025-10-31,2007,4,0.1,Debit Card
57144,1208,2025-02-22,2002,2,0.0,Net Banking
57145,1311,2024-07-25,2001,4,0.1,UPI
57146,1235,2025-11-16,2018,4,0.15,UPI
57147,1149,2025-11-26,2012,2,0.1,Credit Card
57148,1322,2024-09-21,2007,1,0.15,UPI
57149,1438,2024-02-05,2019,1,0.15,UPI
57150,1155,2025-01-07,2003,2,0.05,Credit Card
57151,1166,2025-05-02,2010,4,0.1,Net Banking
57152,1090,2024-09-15,2011,2,0.0,Credit Card
57153,1186,2025-06-14,2005,2,0.05,Cash on Delivery
57154,1318,2024-01-23,2002,1,0.0,Net Banking
57155,1358,2024-04-13,2008,1,0.2,Cash on Delivery
57156,1174,2024-08-28,2014,2,0.05,UPI
57157,1217,2025-12-16,2008,4,0.1,Cash on Delivery
57158,1395,2024-09-09,2006,1,0.15,Credit Card
57159,1456,2024-05-21,2001,4,0.15,Credit Card
57160,1264,2025-10-16,2001,1,0.15,Debit Card
57161,1097,2025-03-26,2008,2,0.05,UPI
57162,1117,2024-11-02,2011,2,0.1,Credit Card
57163,1199,2025-05-14,2018,3,0.1,Net Banking
57164,1320,2025-09-13,2010,1,0.1,Credit Card
57165,1486,2024-01-08,2012,1,0.0,Net Banking
57166,1021,2024-03-09,2020,1,0.05,UPI
57167,1200,2025-12-02,2016,4,0.2,Debit Card
57168,1371,2025-11-21,2005,1,0.05,Debit Card
57169,1447,2025-07-28,2016,1,0.05,Cash on Delivery
57170,1341,2024-03-08,2012,2,0.0,Credit Card
57171,1448,2025-12-18,2006,2,0.0,UPI
57172,1248,2025-02-11,2005,3,0.0,Cash on Delivery
57173,1276,2025-06-01,2001,4,0.1,UPI
57174,1264,2024-04-28,2019,2,0.2,UPI
57175,1058,2024-01-31,2010,4,0.05,Cash on Delivery
57176,1302,2025-06-01,2014,3,0.05,UPI
57177,1031,2025-04-27,2003,1,0.1,Cash on Delivery
57178,1498,2024-07-25,2006,4,0.05,Credit Card
57179,1249,2025-10-30,2005,2,0.2,Cash on Delivery
57180,1093,2025-08-01,2017,2,0.05,Credit Card
57181,1496,2025-01-21,2018,3,0.1,Debit Card
57182,1265,2025-02-15,2012,2,0.1,Cash on Delivery
57183,1271,2025-01-04,2005,1,0.15,Debit Card
57184,1094,2024-12-18,2009,3,0.1,Cash on Delivery
57185,1154,2024-12-01,2012,3,0.0,
57186,1394,2024-10-15,2020,3,0.0,Debit Card
57187,1285,2024-05-19,2009,1,0.2,Net Banking
57188,1080,2024-10-26,2003,4,0.15,Net Banking
57189,1292,2024-01-13,2001,1,0.0,Net Banking
57190,1084,2025-10-25,2015,1,0.15,Debit Card
57191,1365,2025-03-03,2010,1,0.1,Credit Card
57192,1374,2025-02-03,2014,1,0.1,Cash on Delivery
57193,1037,2024-04-18,2007,2,0.0,UPI
57194,1342,2025-04-29,2004,2,0.15,UPI
57195,1327,2024-12-21,2005,4,0.0,Debit Card
57196,1407,2024-05-28,2020,5,0.15,Net Banking
57197,1425,2025-12-16,2016,3,0.0,UPI
57198,1232,2024-11-02,2003,2,0.15,UPI
57199,1093,2025-06-16,2017,3,0.0,Credit Card
57200,1336,2024-02-29,2013,3,0.0,UPI
57201,1102,2025-03-10,2006,2,0.05,UPI
57202,1412,2024-01-21,2005,3,0.0,Cash on Delivery
57203,1432,2025-01-16,2016,2,0.1,UPI
57204,1166,2024-09-01,2011,2,0.05,Cash on Delivery
57205,1159,2024-03-13,2017,2,0.25,Net Banking
57206,1014,2025-03-24,2005,2,0.1,Credit Card
57207,1373,2024-03-16,2006,3,0.1,UPI
57208,1225,2025-11-28,2010,1,0.0,Credit Card
57209,1073,2025-08-12,2001,2,0.05,Credit Card
57210,1249,2025-01-24,2010,4,0.0,Credit Card
57211,1091,2025-07-30,2017,5,0.15,Debit Card
57212,1216,2024-12-07,2003,1,0.05,Cash on Delivery
57213,1461,2024-10-16,2002,1,0.15,Credit Card
57214,1090,2025-07-21,2017,2,0.05,Net Banking
57215,1029,2024-11-26,2004,2,0.25,UPI
57216,1435,2024-09-15,2002,1,0.0,Credit Card
57217,1305,2025-03-01,2005,1,0.0,Credit Card
57218,1427,2025-12-02,2010,3,0.1,UPI
57219,1476,2024-01-06,2001,3,0.2,Net Banking
57220,1220,2024-01-06,2001,2,0.1,Credit Card
57221,1328,2024-07-09,2004,2,0.0,Credit Card
57222,1215,2024-05-27,2007,2,0.1,Net Banking
57223,1221,2025-02-08,2014,1,0.2,Credit Card
57224,1389,2024-09-14,2014,2,0.0,Net Banking
57225,1042,2025-12-30,2018,1,0.0,Credit Card
57226,1135,2025-04-23,2002,2,0.15,UPI
57227,1042,2024-03-30,2001,1,0.2,Net Banking
57228,1164,2024-01-10,2016,2,0.15,UPI
57229,1361,2024-03-27,2018,2,0.25,UPI
57230,1283,2024-05-30,2016,2,0.0,Credit Card
57231,1058,2025-09-16,2006,1,0.1,Net Banking
57232,1302,2024-01-30,2010,1,0.1,Debit Card
57233,1322,2024-05-07,2002,2,0.15,UPI
57234,1025,2024-03-18,2007,1,0.15,UPI
57235,1073,2025-02-24,2017,1,0.2,UPI
57236,1373,2024-02-24,2003,2,0.05,Credit Card
57237,1411,2025-04-24,2020,3,0.0,Credit Card
57238,1129,2024-10-31,2012,1,0.05,UPI
57239,1087,2025-06-29,2002,2,0.1,Credit Card
57240,1330,2024-04-14,2007,4,0.0,Credit Card
57241,1426,2024-06-20,2017,4,0.15,Credit Card
57242,1436,2025-05-13,2019,1,0.0,Cash on Delivery
57243,1153,2024-01-22,2012,3,0.0,Net Banking
57244,1182,2024-10-13,2009,2,0.1,Credit Card
57245,1125,2025-01-25,2014,5,0.15,Cash on Delivery
57246,1067,2025-09-08,2002,2,0.05,Cash on Delivery
57247,1006,2024-05-28,2004,3,0.15,Credit Card
57248,1125,2024-09-28,2019,3,0.05,Cash on Delivery
57249,1314,2024-10-25,2016,2,0.0,Debit Card
57250,1326,2024-06-20,2017,3,0.0,Cash on Delivery
57251,1053,2024-02-16,2002,1,0.15,Net Banking
57252,1066,2025-09-17,2017,1,0.05,Cash on Delivery
57253,1314,2024-07-25,2019,2,0.2,Credit Card
57254,1082,2025-03-28,2008,4,0.1,UPI
57255,1087,2025-01-29,2020,2,0.05,Debit Card
57256,1002,2024-10-27,2006,2,0.05,Cash on Delivery
57257,1204,2025-12-08,2012,2,0.0,Debit Card
57258,1150,2025-11-06,2018,1,0.1,Net Banking
57259,1293,2024-06-24,2002,2,0.1,Cash on Delivery
57260,1404,2024-04-19,2019,3,0.15,Cash on Delivery
57261,1103,2025-11-14,2010,5,0.0,Debit Card
57262,1024,2024-07-20,2003,1,0.05,Cash on Delivery
57263,1368,2024-06-16,2012,2,0.0,Cash on Delivery
57264,1212,2025-09-05,2016,1,0.05,UPI
57265,1065,2024-03-26,2012,1,0.05,Debit Card
57266,1449,2025-10-15,2008,1,0.25,Credit Card
57267,1209,2025-12-25,2005,2,0.1,Credit Card
57268,1251,2024-02-20,2011,1,0.15,Net Banking
57269,1385,2024-04-21,2010,1,0.05,UPI
57270,1117,2025-04-07,2003,3,0.0,Debit Card
57271,1116,2025-03-17,2009,5,0.05,Debit Card
57272,1237,2024-09-27,2012,1,0.05,UPI
57273,1478,2025-07-30,2006,3,0.1,UPI
57274,1105,2024-12-09,2019,1,0.05,Net Banking
57275,1495,2024-07-01,2016,4,0.15,Credit Card
57276,1259,2025-05-17,2014,2,0.25,Debit Card
57277,1046,2024-01-10,2004,3,0.05,UPI
57278,1311,2025-05-08,2018,1,0.15,Debit Card
57279,1331,2024-08-21,2010,2,0.1,Credit Card
57280,1216,2024-10-24,2018,2,0.0,Debit Card
57281,1470,2024-08-31,2012,1,0.2,Debit Card
57282,1448,2025-05-23,2019,1,0.0,UPI
57283,1492,2024-12-16,2008,2,0.15,UPI
57284,1301,2024-09-23,2001,3,0.05,UPI
57285,1410,2025-09-21,2014,1,0.05,Credit Card
57286,1333,2025-10-17,2006,2,0.1,Cash on Delivery
57287,1449,2024-07-19,2014,1,0.15,Credit Card
57288,1024,2024-08-26,2002,1,0.0,UPI
57289,1458,2024-11-29,2009,2,0.0,Net Banking
57290,1035,2025-02-18,2012,1,0.05,Debit Card
57291,1024,2025-04-28,2005,2,0.0,Debit Card
57292,1028,2025-03-12,2002,1,0.1,Debit Card
57293,1484,2024-09-02,2019,2,0.15,Debit Card
57294,1464,2024-01-08,2007,2,0.15,Net Banking
57295,1488,2024-05-31,2007,5,0.15,UPI
57296,1016,2025-01-26,2010,1,0.2,Cash on Delivery
57297,1059,2024-07-29,2017,3,0.15,Debit Card
57298,1465,2025-01-01,2014,1,0.2,Cash on Delivery
57299,1243,2025-10-31,2011,2,0.0,Credit Card
57300,1438,2025-07-23,2020,2,0.1,Credit Card
57301,1207,2024-03-26,2006,1,0.25,Debit Card
57302,1400,2024-02-24,2008,2,0.1,UPI
57303,1271,2025-12-13,2019,1,0.15,Net Banking
57304,1249,2025-09-25,2019,1,0.0,Debit Card
57305,1482,2025-03-21,2017,1,0.15,Credit Card
57306,1267,2025-09-11,2018,3,0.1,Credit Card
57307,1193,2024-10-30,2012,3,0.0,Cash on Delivery
57308,1335,2024-05-11,2009,1,0.0,Net Banking
57309,1218,2025-02-24,2016,2,0.05,Debit Card
57310,1115,2025-01-19,2018,1,0.2,UPI
57311,1068,2024-07-16,2016,1,0.1,Cash on Delivery
57312,1299,2024-02-16,2016,3,0.2,Net Banking
57313,1325,2024-07-21,2004,2,0.05,Cash on Delivery
57314,1483,2024-09-17,2007,1,0.2,UPI
57315,1397,2025-11-20,2001,1,0.1,Credit Card
57316,1394,2024-01-24,2020,3,0.0,Debit Card
57317,1075,2025-11-17,2001,1,0.0,Debit Card
57318,1466,2024-12-05,2008,1,0.25,UPI
57319,1482,2025-02-15,2008,2,0.05,Debit Card
57320,1103,2024-09-17,2010,2,0.0,Debit Card
57321,1297,2024-10-12,2001,2,0.0,Cash on Delivery
57322,1490,2025-05-27,2014,4,0.05,UPI
57323,1178,2024-03-26,2014,1,0.2,Cash on Delivery
57324,1215,2025-03-05,2010,3,0.1,Debit Card
57325,1455,2025-08-03,2019,1,0.1,Net Banking
57326,1315,2024-01-31,2016,2,0.2,Net Banking
57327,1039,2025-12-10,2009,4,0.1,Cash on Delivery
57328,1259,2025-08-25,2020,2,0.15,Credit Card
57329,1204,2025-03-15,2016,3,0.05,Credit Card
57330,1007,2024-12-14,2020,3,0.25,UPI
57331,1049,2025-02-15,2008,1,0.0,Net Banking
57332,1026,2025-06-11,2007,3,0.15,Net Banking
57333,1161,2024-11-05,2011,4,0.1,Cash on Delivery
57334,1357,2025-01-30,2006,2,0.0,Debit Card
57335,1176,2024-12-03,2015,1,0.05,UPI
57336,1079,2025-11-04,2019,1,0.05,Cash on Delivery
57337,1002,2025-03-12,2014,1,0.0,Credit Card
57338,1489,2025-12-04,2015,1,0.1,Debit Card
57339,1383,2025-10-24,2006,2,0.25,UPI
57340,1455,2024-12-30,2010,1,0.1,Debit Card
57341,1416,2024-04-22,2014,1,0.1,Credit Card
57342,1132,2024-06-24,2016,2,0.0,Cash on Delivery
57343,1276,2024-05-28,2013,2,0.0,Cash on Delivery
57344,1498,2024-06-26,2011,2,0.1,Net Banking
57345,1117,2025-01-16,2003,3,0.25,Cash on Delivery
57346,1164,2024-08-10,2008,1,0.15,Net Banking
57347,1288,2024-09-15,2003,1,0.05,Cash on Delivery
57348,1028,2024-07-07,2002,1,0.1,UPI
57349,1333,2024-11-01,2014,2,0.1,Credit Card
57350,1001,2025-01-12,2020,1,0.1,Debit Card
57351,1188,2025-08-24,2015,3,0.1,Credit Card
57352,1056,2024-12-08,2003,1,0.15,Credit Card
57353,1035,2024-06-04,2001,4,0.0,Net Banking
57354,1112,2025-12-12,2015,2,0.2,Net Banking
57355,1286,2024-02-24,2020,2,0.0,UPI
57356,1310,2025-03-17,2002,3,0.1,Debit Card
57357,1036,2025-11-15,2018,3,0.2,Cash on Delivery
57358,1439,2024-07-18,2001,2,0.1,Cash on Delivery
57359,1217,2025-02-06,2009,4,0.0,Credit Card
57360,1080,2025-09-05,2003,2,0.0,UPI
57361,1314,2025-10-24,2002,3,0.1,Debit Card
57362,1083,2025-09-14,2004,2,0.0,Cash on Delivery
57363,1065,2025-08-25,2016,3,0.05,Credit Card
57364,1325,2024-06-25,2001,1,0.05,UPI
57365,1128,2025-03-24,2009,1,0.15,Debit Card
57366,1307,2025-06-24,2008,2,0.0,Credit Card
57367,1022,2024-10-27,2006,1,0.1,Credit Card
57368,1216,2025-12-07,2020,1,0.05,UPI
57369,1107,2024-11-02,2018,1,0.1,UPI
57370,1109,2024-09-23,2016,2,0.0,UPI
57371,1372,2024-08-01,2008,4,0.1,UPI
57372,1357,2025-08-16,2004,2,0.1,Debit Card
57373,1181,2025-10-01,2003,3,0.0,UPI
57374,1356,2025-04-27,2015,2,0.15,UPI
57375,1164,2024-09-18,2006,1,0.15,UPI
57376,1068,2024-03-07,2001,1,0.0,Debit Card
57377,1292,2025-07-27,2018,2,0.1,Cash on Delivery
57378,1180,2024-05-12,2011,1,0.1,Credit Card
57379,1181,2025-10-10,2003,1,0.0,Net Banking
57380,1466,2025-06-23,2013,2,0.05,Credit Card
57381,1434,2025-05-26,2017,2,0.25,Debit Card
57382,1464,2024-07-29,2018,2,0.1,UPI
57383,1169,2025-12-17,2014,3,0.2,Debit Card
57384,1402,2024-09-09,2007,3,0.1,Cash on Delivery
57385,1022,2024-02-07,2007,3,0.0,Net Banking
57386,1066,2024-02-12,2014,5,0.0,Cash on Delivery
57387,1021,2025-09-20,2015,1,0.15,UPI
57388,1100,2025-02-08,2012,2,0.1,Debit Card
57389,1384,2025-12-02,2012,3,0.0,Debit Card
57390,1300,2024-02-15,2008,2,0.1,UPI
57391,1103,2025-03-29,2016,3,0.15,UPI
57392,1047,2025-11-08,2009,2,0.15,Net Banking
57393,1039,2024-10-31,2002,2,0.0,Cash on Delivery
57394,1285,2025-12-15,2014,1,0.05,UPI
57395,1310,2024-08-20,2016,5,0.25,UPI
57396,1090,2024-09-01,2005,3,0.2,Cash on Delivery
57397,1085,2025-12-21,2005,4,0.05,UPI
57398,1273,2024-10-21,2020,3,0.15,Net Banking
57399,1336,2025-01-17,2018,1,0.0,Net Banking
57400,1188,2024-06-06,2018,1,0.0,Cash on Delivery
57401,1159,2025-02-08,2005,4,0.0,Credit Card
57402,1243,2024-01-01,2011,2,0.0,Net Banking
57403,1073,2024-08-04,2013,1,0.15,Debit Card
57404,1479,2025-05-21,2003,2,0.1,Debit Card
57405,1462,2025-08-03,2017,2,0.05,Credit Card
57406,1049,2024-01-30,2018,2,0.15,Net Banking
57407,1101,2025-09-18,2014,2,0.15,UPI
57408,1002,2025-06-03,2012,3,0.0,Credit Card
57409,1244,2024-10-01,2014,3,0.1,UPI
57410,1176,2025-05-06,2018,1,0.15,Debit Card
57411,1238,2024-02-05,2020,1,0.15,Credit Card
57412,1398,2024-11-06,2002,2,0.15,Net Banking
57413,1059,2024-02-13,2007,5,0.0,Debit Card
57414,1353,2024-06-03,2015,1,0.05,Net Banking
57415,1099,2024-03-17,2010,2,0.15,UPI
57416,1442,2025-08-12,2015,2,0.2,Net Banking
57417,1359,2025-09-04,2017,2,0.05,Credit Card
57418,1442,2025-03-13,2011,4,0.0,UPI
57419,1495,2025-03-07,2002,4,0.15,Credit Card
57420,1435,2025-06-25,2018,2,0.05,UPI
57421,1468,2024-02-08,2004,2,0.05,Credit Card
57422,1002,2024-08-26,2009,1,0.05,Debit Card
57423,1243,2024-01-13,2017,3,0.05,Credit Card
57424,1297,2024-05-01,2017,3,0.05,Debit Card
57425,1211,2024-05-23,2017,1,0.1,Cash on Delivery
57426,1123,2025-11-14,2016,1,0.0,Net Banking
57427,1229,2025-03-30,2020,4,0.25,UPI
57428,1082,2025-01-02,2008,2,0.2,Net Banking
57429,1144,2024-09-03,2015,2,0.2,Debit Card
57430,1388,2024-02-14,2001,1,0.15,Debit Card
57431,1140,2025-01-09,2019,2,0.1,Debit Card
57432,1029,2024-10-17,2015,3,0.0,Credit Card
57433,1391,2024-07-25,2009,2,0.0,Net Banking
57434,1270,2025-06-02,2005,2,0.0,Debit Card
57435,1247,2024-08-29,2016,1,0.05,Cash on Delivery
57436,1012,2025-09-13,2013,2,0.1,Debit Card
57437,1355,2024-04-23,2016,4,0.25,Net Banking
57438,1389,2024-10-28,2011,2,0.05,Debit Card
57439,1337,2024-10-02,2013,4,0.1,Debit Card
57440,1106,2024-04-05,2006,4,0.1,UPI
57441,1032,2024-10-20,2020,4,0.0,Debit Card
57442,1074,2025-12-01,2017,4,0.2,Net Banking
57443,1171,2024-12-25,2005,1,0.1,UPI
57444,1337,2024-10-14,2017,4,0.05,UPI
57445,1069,2024-06-02,2001,1,0.2,Debit Card
57446,1301,2025-07-23,2005,1,0.1,Debit Card
57447,1362,2025-02-26,2005,1,0.1,Cash on Delivery
57448,1137,2024-02-19,2007,1,0.1,Net Banking
57449,1433,2024-07-25,2016,2,0.15,Net Banking
57450,1417,2025-07-17,2018,2,0.0,Credit Card
57451,1484,2025-10-23,2006,1,0.15,Credit Card
57452,1100,2025-07-18,2002,2,0.2,Net Banking
57453,1146,2024-07-31,2013,2,0.1,Debit Card
57454,1009,2024-03-06,2010,3,0.1,UPI
57455,1062,2024-08-19,2020,1,0.15,Cash on Delivery
57456,1185,2025-10-24,2011,1,0.05,Debit Card
57457,1029,2025-12-17,2002,1,0.25,UPI
57458,1381,2024-11-15,2008,1,0.1,Net Banking
57459,1114,2024-05-16,2019,2,0.05,Debit Card
57460,1462,2025-10-08,2020,2,0.1,Cash on Delivery
57461,1409,2025-07-19,2017,1,0.1,Credit Card
57462,1143,2024-03-05,2016,1,0.0,UPI
57463,1390,2025-05-28,2010,1,0.15,Debit Card
57464,1120,2024-05-11,2005,5,0.1,Cash on Delivery
57465,1170,2024-11-29,2014,1,0.15,Debit Card
57466,1157,2024-02-01,2019,3,0.0,Net Banking
57467,1335,2025-05-12,2004,3,0.1,UPI
57468,1349,2024-08-30,2020,1,0.15,Net Banking
57469,1260,2024-07-10,2016,5,0.25,Net Banking
57470,1082,2024-05-21,2015,3,0.2,Credit Card
57471,1242,2025-10-21,2009,3,0.15,Net Banking
57472,1441,2025-08-23,2003,2,0.0,Cash on Delivery
57473,1433,2025-07-14,2009,2,0.15,UPI
57474,1172,2025-10-09,2018,1,0.0,Credit Card
57475,1231,2024-07-09,2004,1,0.0,Debit Card
57476,1208,2024-05-28,2019,3,0.0,Net Banking
57477,1075,2025-08-21,2004,4,0.15,Debit Card
57478,1270,2025-02-19,2009,1,0.0,Credit Card
57479,1387,2025-06-03,2001,3,0.0,Debit Card
57480,1499,2024-01-16,2001,3,0.0,Cash on Delivery
57481,1114,2024-04-15,2020,1,0.1,Credit Card
57482,1062,2024-10-09,2019,2,0.2,UPI
57483,1362,2024-04-13,2003,2,0.05,UPI
57484,1320,2024-12-26,2010,3,0.1,UPI
57485,1102,2025-10-19,2012,3,0.0,UPI
57486,1429,2024-02-04,2018,1,0.05,Credit Card
57487,1362,2024-04-22,2014,2,0.0,Credit Card
57488,1210,2024-11-03,2010,3,0.05,Credit Card
57489,1442,2024-02-22,2010,3,0.1,Net Banking
57490,1255,2024-03-21,2018,1,0.05,Credit Card
57491,1020,2025-09-07,2001,2,0.15,Credit Card
57492,1058,2025-01-03,2015,3,0.25,Credit Card
57493,1112,2024-08-29,2008,1,0.0,UPI
57494,1473,2024-01-31,2003,2,0.0,Cash on Delivery
57495,1313,2025-12-04,2018,3,0.15,UPI
57496,1486,2024-12-26,2009,1,0.0,Cash on Delivery
57497,1461,2024-08-20,2016,3,0.05,Cash on Delivery
57498,1196,2025-09-01,2015,1,0.05,Cash on Delivery
57499,1375,2024-02-03,2005,1,0.2,UPI
57500,1462,2024-08-30,2013,1,0.1,Net Banking
57501,1353,2024-02-28,2020,1,0.0,Debit Card
57502,1092,2025-06-12,2007,1,0.0,Net Banking
57503,1052,2024-03-18,2016,3,0.0,UPI
57504,1293,2025-12-18,2007,1,0.05,Cash on Delivery
57505,1008,2024-10-28,2016,4,0.1,Debit Card
57506,1300,2025-11-08,2013,2,0.15,Net Banking
57507,1098,2024-04-21,2017,2,0.05,Credit Card
57508,1236,2025-02-16,2009,2,0.05,Net Banking
57509,1389,2024-11-12,2012,3,0.05,UPI
57510,1374,2024-05-24,2013,2,0.0,Debit Card
57511,1069,2025-10-29,2009,1,0.2,Credit Card
57512,1415,2025-11-20,2005,4,0.0,Debit Card
57513,1045,2025-10-09,2007,2,0.05,Debit Card
57514,1137,2024-01-18,2001,1,0.0,Net Banking
57515,1234,2024-12-16,2004,2,0.1,Cash on Delivery
57516,1032,2024-06-03,2004,2,0.2,Net Banking
57517,1289,2025-05-20,2016,1,0.0,Credit Card
57518,1126,2024-12-25,2005,3,0.05,UPI
57519,1067,2024-11-27,2004,2,0.0,Net Banking
57520,1030,2025-06-11,2006,2,0.15,Cash on Delivery
57521,1114,2024-01-12,2003,2,0.1,Cash on Delivery
57522,1204,2024-03-15,2008,5,0.1,Net Banking
57523,1029,2024-07-30,2017,1,0.1,Credit Card
57524,1131,2025-11-21,2018,2,0.2,Cash on Delivery
57525,1474,2025-10-02,2018,1,0.05,Cash on Delivery
57526,1185,2024-10-09,2012,3,0.1,Credit Card
57527,1253,2024-07-13,2001,1,0.1,Credit Card
57528,1286,2024-01-30,2012,1,0.1,Credit Card
57529,1393,2024-01-09,2011,3,0.0,Credit Card
57530,1410,2024-11-04,2013,2,0.05,Net Banking
57531,1386,2025-03-20,2003,1,0.0,Net Banking
57532,1062,2024-11-05,2008,2,0.05,Debit Card
57533,1003,2025-11-07,2003,3,0.1,Debit Card
57534,1430,2025-12-05,2017,1,0.0,Debit Card
57535,1068,2025-03-01,2013,1,0.1,Cash on Delivery
57536,1025,2025-12-04,2010,4,0.2,Credit Card
57537,1179,2025-08-13,2017,2,0.05,Net Banking
57538,1141,2025-11-21,2003,2,0.0,Net Banking
57539,1231,2024-03-31,2013,3,0.2,Credit Card
57540,1300,2025-03-31,2006,2,0.1,Debit Card
57541,1163,2025-03-19,2014,1,0.0,Cash on Delivery
57542,1311,2025-12-27,2010,1,0.05,Net Banking
57543,1471,2024-03-19,2020,2,0.1,UPI
57544,1393,2025-04-19,2016,3,0.1,Cash on Delivery
57545,1130,2024-04-12,2018,1,0.1,Cash on Delivery
57546,1445,2025-09-14,2013,1,0.1,Debit Card
57547,1246,2025-03-31,2010,4,0.15,Credit Card
57548,1297,2024-11-09,2006,1,0.05,UPI
57549,1172,2024-09-03,2010,2,0.15,Debit Card
57550,1064,2024-08-21,2005,1,0.25,Credit Card
57551,1031,2025-08-16,2006,2,0.05,UPI
57552,1492,2025-10-05,2007,2,0.15,Net Banking
57553,1047,2024-08-22,2011,1,0.0,UPI
57554,1130,2025-01-21,2016,2,0.05,Debit Card
57555,1352,2025-09-02,2012,3,0.2,UPI
57556,1466,2024-02-07,2012,3,0.0,UPI
57557,1333,2024-06-09,2020,2,0.0,UPI
57558,1110,2025-04-06,2005,2,0.1,Net Banking
57559,1069,2025-03-24,2016,2,0.05,Credit Card
57560,1058,2024-04-26,2006,2,0.1,UPI
57561,1106,2024-08-28,2009,3,0.0,Cash on Delivery
57562,1300,2024-01-26,2005,2,0.0,Debit Card
57563,1330,2025-10-09,2016,2,0.05,Cash on Delivery
57564,1256,2025-07-15,2018,1,0.1,Credit Card
57565,1312,2024-10-24,2019,1,0.1,Debit Card
57566,1171,2024-06-02,2012,1,0.1,Credit Card
57567,1383,2025-10-13,2002,4,0.1,Debit Card
57568,1473,2025-04-12,2010,3,0.0,Cash on Delivery
57569,1162,2024-02-18,2012,2,0.15,Cash on Delivery
57570,1485,2025-10-15,2014,1,0.0,Net Banking
57571,1286,2024-02-15,2018,1,0.0,Credit Card
57572,1071,2025-11-05,2019,4,0.15,Cash on Delivery
57573,1255,2024-10-11,2006,4,0.05,Debit Card
57574,1454,2025-09-19,2005,1,0.1,UPI
57575,1374,2024-03-22,2016,3,0.05,UPI
57576,1055,2024-02-13,2014,2,0.1,UPI
57577,1323,2025-12-06,2013,1,0.05,Net Banking
57578,1397,2024-09-29,2002,3,0.25,Cash on Delivery
57579,1003,2025-01-28,2002,2,0.05,Credit Card
57580,1026,2025-08-17,2012,3,0.1,Credit Card
57581,1313,2024-02-27,2001,1,0.2,Net Banking
57582,1126,2025-07-18,2019,1,0.1,Debit Card
57583,1408,2024-01-01,2016,1,0.1,Cash on Delivery
57584,1053,2024-08-03,2007,1,0.1,Cash on Delivery
57585,1198,2024-11-12,2007,2,0.1,Debit Card
57586,1299,2024-08-15,2016,1,0.15,Debit Card
57587,1188,2025-04-17,2006,2,0.0,Cash on Delivery
57588,1186,2025-04-28,2018,1,0.2,Cash on Delivery
57589,1305,2025-11-01,2001,3,0.1,UPI
57590,1298,2024-10-13,2001,2,0.15,Credit Card
57591,1204,2025-05-25,2014,2,0.0,UPI
57592,1497,2025-07-31,2006,1,0.15,UPI
57593,1484,2025-04-02,2006,1,0.0,Credit Card
57594,1450,2024-04-04,2004,1,0.15,Net Banking
57595,1011,2025-05-07,2012,1,0.05,Net Banking
57596,1359,2024-05-29,2018,1,0.1,Net Banking
57597,1354,2024-01-23,2010,1,0.1,Net Banking
57598,1474,2024-08-02,2003,2,0.0,Debit Card
57599,1146,2025-02-02,2003,5,0.1,UPI
57600,1085,2025-02-13,2008,1,0.05,Debit Card
57601,1100,2024-05-10,2001,3,0.1,Debit Card
57602,1104,2024-05-27,2018,1,0.15,Credit Card
57603,1436,2025-01-15,2015,2,0.0,Net Banking
57604,1046,2024-04-18,2020,2,0.1,Cash on Delivery
57605,1044,2025-07-05,2017,4,0.1,Net Banking
57606,1278,2024-04-30,2011,1,0.05,UPI
57607,1181,2024-10-21,2013,1,0.2,Debit Card
57608,1187,2024-04-29,2020,1,0.1,UPI
57609,1478,2025-03-31,2010,2,0.0,Debit Card
57610,1114,2025-06-13,2013,4,0.0,Debit Card
57611,1491,2024-06-17,2017,3,0.1,Debit Card
57612,1255,2025-12-10,2001,3,0.05,Cash on Delivery
57613,1381,2024-05-22,2020,2,0.0,Net Banking
57614,1380,2024-02-06,2016,4,0.0,Debit Card
57615,1030,2025-11-28,2016,2,0.1,Credit Card
57616,1264,2024-09-17,2003,1,0.1,Debit Card
57617,1098,2024-08-18,2002,3,0.0,Net Banking
57618,1313,2024-09-10,2006,1,0.1,Net Banking
57619,1367,2024-11-24,2011,1,0.2,Cash on Delivery
57620,1329,2024-10-23,2003,1,0.25,Debit Card
57621,1115,2024-01-10,2001,2,,Credit Card
57622,1276,2025-03-21,2011,2,0.15,Cash on Delivery
57623,1488,2024-08-17,2013,1,0.0,Cash on Delivery
57624,1281,2025-06-19,2005,3,0.0,Debit Card
57625,1275,2024-03-18,2018,3,0.05,Debit Card
57626,1261,2025-02-28,2015,4,0.1,Cash on Delivery
57627,1331,2024-07-11,2018,2,0.15,Cash on Delivery
57628,1207,2025-02-04,2015,3,0.0,Cash on Delivery
57629,1384,2024-04-18,2020,3,0.1,UPI
57630,1328,2024-09-19,2020,1,0.1,Cash on Delivery
57631,1211,2024-11-24,2020,1,0.05,Net Banking
57632,1215,2024-12-28,2007,2,0.1,Credit Card
57633,1411,2025-01-12,2017,1,0.0,Credit Card
57634,1040,2024-12-06,2008,1,0.25,Debit Card
57635,1480,2024-09-15,2013,2,0.1,Cash on Delivery
57636,1026,2024-11-30,2016,1,0.1,Credit Card
57637,1027,2024-03-25,2010,1,0.0,Credit Card
57638,1190,2025-06-05,2014,2,0.1,Net Banking
57639,1083,2025-07-24,2006,3,0.05,Net Banking
57640,1384,2024-11-03,2020,3,0.0,UPI
57641,1434,2024-09-18,2007,2,0.05,UPI
57642,1170,2025-09-22,2006,2,0.0,Credit Card
57643,1413,2025-11-10,2017,2,0.1,Debit Card
57644,1167,2025-12-01,2008,1,0.05,Credit Card
57645,1188,2025-03-27,2012,1,0.2,Debit Card
57646,1169,2024-09-07,2004,3,0.0,Credit Card
57647,1289,2024-11-19,2010,2,0.0,Net Banking
57648,1467,2024-08-16,2006,3,0.2,Cash on Delivery
57649,1229,2025-12-02,2007,3,0.0,Credit Card
57650,1467,2025-09-27,2008,1,0.0,UPI
57651,1097,2025-08-18,2003,2,0.0,Debit Card
57652,1367,2024-10-23,2008,2,0.15,Debit Card
57653,1016,2025-12-27,2015,2,0.15,Credit Card
57654,1279,2024-08-24,2001,2,0.05,Debit Card
57655,1135,2025-09-16,2013,5,0.1,UPI
57656,1026,2024-08-04,2018,3,0.1,Net Banking
57657,1352,2024-09-02,2015,4,0.2,Cash on Delivery
57658,1012,2025-03-23,2007,1,0.0,Cash on Delivery
57659,1072,2024-11-14,2015,1,0.15,Debit Card
57660,1133,2025-03-07,2003,1,0.0,Credit Card
57661,1106,2025-02-07,2014,1,0.05,Debit Card
57662,1220,2024-02-06,2020,2,0.0,UPI
57663,1373,2025-07-29,2004,2,0.15,Credit Card
57664,1453,2025-12-31,2004,2,0.1,Net Banking
57665,1177,2024-12-07,2003,4,0.1,UPI
57666,1282,2025-01-23,2005,4,0.1,Net Banking
57667,1133,2024-02-03,2011,1,0.1,Credit Card
57668,1022,2024-02-08,2008,3,0.15,Net Banking
57669,1463,2025-08-01,2002,2,0.0,UPI
57670,1269,2024-07-27,2016,2,0.05,UPI
57671,1412,2024-05-31,2010,3,0.0,Debit Card
57672,1161,2024-12-30,2018,1,0.05,Credit Card
57673,1107,2024-07-17,2007,4,0.15,Cash on Delivery
57674,1279,2025-08-23,2005,2,0.1,Cash on Delivery
57675,1353,2024-03-19,2007,4,0.15,Net Banking
57676,1235,2025-04-21,2006,5,0.05,Cash on Delivery
57677,1018,2025-03-09,2001,2,0.1,Cash on Delivery
57678,1242,2024-02-01,2011,1,0.05,UPI
57679,1117,2024-03-27,2013,1,0.2,UPI
57680,1286,2025-07-04,2012,1,0.05,UPI
57681,1282,2025-01-27,2001,1,0.1,Cash on Delivery
57682,1144,2025-09-04,2015,3,0.15,Net Banking
57683,1205,2024-08-31,2001,1,0.2,Credit Card
57684,1039,2024-08-19,2003,5,0.05,Debit Card
57685,1417,2025-08-02,2015,3,0.05,Net Banking
57686,1154,2024-07-10,2009,1,0.05,UPI
57687,1176,2025-06-23,2014,2,0.05,Net Banking
57688,1449,2024-09-26,2008,2,0.1,Credit Card
57689,1241,2024-03-17,2004,2,0.2,UPI
57690,1422,2024-06-15,2020,2,0.0,Credit Card
57691,1386,2024-10-10,2020,1,0.1,Debit Card
57692,1369,2025-12-04,2006,3,0.2,Net Banking
57693,1134,2024-03-29,2001,2,0.0,Debit Card
57694,1046,2025-06-27,2018,3,0.1,Cash on Delivery
57695,1050,2025-10-10,2006,3,0.15,Net Banking
57696,1166,2024-06-04,2014,1,0.2,Cash on Delivery
57697,1106,2024-09-06,2011,1,0.1,Credit Card
57698,1216,2024-04-04,2017,3,0.0,Cash on Delivery
57699,1146,2024-01-17,2009,5,0.0,Credit Card
57700,1411,2024-04-26,2007,2,0.1,Debit Card
57701,1425,2024-11-28,2014,1,0.0,UPI
57702,1072,2025-06-05,2017,1,0.0,Debit Card
57703,1476,2024-03-20,2008,1,0.15,Cash on Delivery
57704,1330,2025-10-07,2016,1,0.15,Credit Card
57705,1273,2025-03-07,2012,2,0.15,Cash on Delivery
57706,1247,2024-07-21,2012,2,0.0,UPI
57707,1446,2024-04-25,2005,1,0.0,Net Banking
57708,1413,2024-08-07,2005,1,0.15,Net Banking
57709,1186,2024-09-09,2014,1,0.15,Net Banking
57710,1070,2024-06-17,2006,3,0.15,Cash on Delivery
57711,1462,2024-11-11,2007,2,0.25,Net Banking
57712,1150,2025-12-17,2017,5,0.15,Credit Card
57713,1246,2025-01-06,2009,2,0.1,UPI
57714,1262,2025-08-05,2013,1,0.05,Debit Card
57715,1026,2024-06-04,2009,1,0.1,Credit Card
57716,1423,2025-09-05,2016,3,0.1,UPI
57717,1140,2024-01-13,2004,2,0.05,Debit Card
57718,1099,2025-05-22,2002,2,0.15,Net Banking
57719,1398,2025-04-09,2013,3,0.0,Debit Card
57720,1278,2024-08-07,2013,3,0.15,Cash on Delivery
57721,1051,2024-01-15,2019,1,0.0,Cash on Delivery
57722,1151,2024-04-26,2012,3,0.1,Net Banking
57723,1432,2024-11-26,2004,2,0.15,Net Banking
57724,1455,2024-02-25,2010,2,0.0,Credit Card
57725,1104,2024-12-16,2016,2,0.1,Credit Card
57726,1434,2024-05-11,2019,2,0.0,Cash on Delivery
57727,1089,2024-08-13,2008,1,0.2,UPI
57728,1141,2024-11-03,2006,2,0.15,Credit Card
57729,1213,2025-04-19,2004,1,0.2,UPI
57730,1233,2024-08-09,2007,1,0.15,Cash on Delivery
57731,1394,2024-06-21,2014,1,0.15,Credit Card
57732,1183,2024-12-05,2013,1,0.0,UPI
57733,1251,2025-05-20,2005,1,0.05,UPI
57734,1009,2024-06-05,2009,1,0.1,Credit Card
57735,1079,2024-05-30,2003,4,0.1,Net Banking
57736,1052,2025-11-27,2010,1,0.15,Debit Card
57737,1386,2024-06-26,2015,2,0.0,Net Banking
57738,1409,2025-06-16,2020,1,0.0,Debit Card
57739,1269,2024-04-21,2017,3,0.1,UPI
57740,1226,2025-11-13,2006,1,0.0,Credit Card
57741,1051,2024-05-17,2003,1,0.1,Cash on Delivery
57742,1186,2024-08-20,2018,1,0.1,Credit Card
57743,1034,2024-11-27,2005,5,0.15,Net Banking
57744,1291,2025-06-25,2013,2,0.0,Debit Card
57745,1230,2024-11-02,2001,1,0.25,Credit Card
57746,1131,2024-06-09,2017,1,0.0,Debit Card
57747,1490,2025-02-05,2003,1,0.05,Net Banking
57748,1120,2025-08-12,2019,1,0.1,Net Banking
57749,1443,2024-10-04,2020,3,0.0,Credit Card
57750,1326,2024-11-15,2012,2,0.0,Cash on Delivery
57751,1247,2025-06-16,2008,2,0.0,Cash on Delivery
57752,1432,2025-05-11,2008,1,0.1,Debit Card
57753,1192,2024-12-28,2015,2,0.2,Credit Card
57754,1497,2025-01-06,2011,1,0.1,UPI
57755,1403,2025-10-16,2020,1,0.1,Net Banking
57756,1323,2024-02-05,2001,2,0.05,Debit Card
57757,1210,2024-10-29,2016,1,0.0,Net Banking
57758,1103,2025-03-13,2014,2,0.0,Debit Card
57759,1329,2025-12-26,2007,3,0.2,Credit Card
57760,1372,2024-02-01,2006,1,0.0,Debit Card
57761,1460,2024-07-04,2004,4,0.25,Debit Card
57762,1133,2024-06-22,2008,1,0.0,UPI
57763,1323,2025-07-19,2019,1,0.1,Debit Card
57764,1139,2025-11-03,2003,2,0.2,Cash on Delivery
57765,1121,2024-09-06,2004,2,0.05,Debit Card
57766,1094,2024-10-05,2013,1,0.15,Debit Card
57767,1452,2025-11-13,2002,3,0.05,Credit Card
57768,1453,2025-11-25,2011,5,0.05,Debit Card
57769,1129,2024-01-02,2016,1,0.0,UPI
57770,1091,2024-07-12,2010,4,0.15,Credit Card
57771,1092,2024-06-14,2015,2,0.05,Net Banking
57772,1063,2024-04-19,2010,4,0.05,Cash on Delivery
57773,1029,2025-01-14,2002,1,0.25,Cash on Delivery
57774,1210,2025-08-05,2006,3,0.05,Net Banking
57775,1012,2025-11-06,2014,1,0.05,Debit Card
57776,1333,2024-10-11,2002,4,0.25,UPI
57777,1297,2025-02-24,2010,2,0.05,UPI
57778,1130,2024-04-22,2017,1,0.05,UPI
57779,1293,2024-08-15,2008,1,0.15,UPI
57780,1173,2025-04-15,2016,3,0.05,Debit Card
57781,1208,2025-06-11,2014,2,0.0,Net Banking
57782,1432,2025-05-10,2010,1,0.05,Net Banking
57783,1024,2024-01-31,2013,2,0.15,Cash on Delivery
57784,1099,2024-06-10,2001,3,0.0,Net Banking
57785,1406,2025-12-05,2010,1,0.05,UPI
57786,1356,2025-12-22,2012,1,0.05,Debit Card
57787,1139,2025-01-12,2017,4,0.0,Credit Card
57788,1314,2025-03-21,2014,2,0.1,Credit Card
57789,1174,2025-03-02,2005,1,0.05,UPI
57790,1029,2025-11-26,2019,1,0.1,Cash on Delivery
57791,1419,2025-05-18,2005,4,0.1,Credit Card
57792,1496,2025-06-10,2015,1,0.0,UPI
57793,1143,2025-12-21,2013,2,0.05,Debit Card
57794,1316,2025-11-14,2017,4,0.0,Credit Card
57795,1351,2025-06-15,2001,1,0.0,UPI
57796,1042,2025-08-04,2014,3,0.1,Credit Card
57797,1489,2025-06-03,2004,2,0.1,Debit Card
57798,1299,2024-02-03,2009,2,0.0,Net Banking
57799,1208,2025-11-21,2017,1,0.1,Net Banking
57800,1330,2025-05-04,2003,3,0.25,Debit Card
57801,1433,2025-09-11,2013,1,0.0,Debit Card
57802,1192,2025-02-26,2012,1,0.1,Net Banking
57803,1160,2025-04-12,2016,4,0.15,Debit Card
57804,1064,2024-01-24,2004,1,0.0,Debit Card
57805,1243,2024-08-03,2018,3,0.15,Debit Card
57806,1258,2024-02-24,2003,1,0.25,Net Banking
57807,1152,2024-01-26,2017,2,0.0,Net Banking
57808,1215,2024-10-07,2001,3,0.15,Credit Card
57809,1322,2024-11-22,2019,1,0.05,Net Banking
57810,1166,2024-07-04,2004,4,0.0,Credit Card
57811,1031,2025-05-09,2017,2,0.1,Net Banking
57812,1371,2024-01-12,2007,1,0.0,Cash on Delivery
57813,1232,2025-10-02,2002,2,0.1,Credit Card
57814,1282,2025-03-09,2012,1,0.0,Debit Card
57815,1029,2024-07-26,2005,1,,Cash on Delivery
57816,1195,2024-05-12,2016,3,0.1,Net Banking
57817,1334,2024-12-04,2008,1,0.1,Net Banking
57818,1256,2024-07-14,2008,1,0.0,Cash on Delivery
57819,1281,2024-09-18,2013,3,0.05,UPI
57820,1304,2024-10-08,2014,3,0.0,Debit Card
57821,1321,2025-01-03,2011,2,0.15,Credit Card
57822,1437,2024-04-12,2006,2,0.0,Cash on Delivery
57823,1323,2025-09-23,2016,3,0.1,Credit Card
57824,1346,2024-07-01,2015,2,0.05,Net Banking
57825,1402,2025-02-26,2016,2,0.1,UPI
57826,1393,2024-01-09,2013,5,0.1,UPI
57827,1294,2025-07-10,2012,1,0.05,Credit Card
57828,1087,2024-08-31,2018,2,0.1,Net Banking
57829,1149,2025-09-15,2018,4,0.05,UPI
57830,1249,2025-07-20,2014,3,0.15,Debit Card
57831,1321,2025-01-27,2002,4,0.15,Net Banking
57832,1405,2025-06-10,2002,1,0.1,Cash on Delivery
57833,1283,2024-02-06,2003,1,0.15,Cash on Delivery
57834,1362,2024-06-26,2008,3,0.15,Cash on Delivery
57835,1379,2025-09-30,2011,2,,Debit Card
57836,1198,2025-09-20,2012,3,0.0,Net Banking
57837,1044,2024-03-12,2004,1,0.1,Credit Card
57838,1356,2024-12-17,2009,3,0.05,Credit Card
57839,1028,2025-09-14,2017,2,0.1,Net Banking
57840,1429,2024-05-28,2016,1,0.1,Debit Card
57841,1017,2025-11-27,2017,2,0.1,Net Banking
57842,1127,2024-04-14,2015,3,0.1,Credit Card
57843,1379,2025-10-20,2020,1,0.1,Net Banking
57844,1168,2024-08-08,2007,2,0.0,Cash on Delivery
57845,1244,2025-01-08,2010,2,0.0,Net Banking
57846,1387,2025-06-01,2004,1,0.1,UPI
57847,1076,2024-09-16,2014,3,0.05,Net Banking
57848,1231,2024-10-25,2014,1,0.15,Credit Card
57849,1204,2024-02-11,2014,1,0.0,Credit Card
57850,1450,2025-05-06,2014,2,0.0,Credit Card
57851,1248,2025-03-14,2020,2,0.1,Cash on Delivery
57852,1302,2024-02-16,2018,4,0.1,Credit Card
57853,1214,2024-03-25,2015,1,0.05,UPI
57854,1215,2025-11-16,2019,2,0.05,Net Banking
57855,1158,2024-02-27,2013,1,0.0,Debit Card
57856,1069,2025-12-11,2012,3,0.0,Credit Card
57857,1393,2024-07-27,2019,2,0.0,Net Banking
57858,1085,2024-09-04,2019,3,0.1,Cash on Delivery
57859,1267,2024-07-29,2020,1,0.15,Net Banking
57860,1069,2024-02-08,2002,3,0.05,Credit Card
57861,1099,2024-09-08,2003,2,0.0,Credit Card
57862,1347,2025-10-04,2010,4,0.15,Credit Card
57863,1497,2025-02-16,2005,1,0.15,UPI
57864,1450,2025-03-21,2012,2,0.0,Net Banking
57865,1216,2024-02-21,2007,3,0.05,Debit Card
57866,1415,2025-01-08,2009,2,0.0,UPI
57867,1161,2025-06-09,2002,1,0.0,Debit Card
57868,1423,2024-06-04,2010,5,0.1,Credit Card
57869,1094,2025-06-25,2006,1,0.25,Debit Card
57870,1174,2024-03-30,2012,1,0.1,Debit Card
57871,1165,2025-11-09,2006,2,0.25,UPI
57872,1115,2024-12-16,2003,2,0.05,UPI
57873,1220,2024-03-09,2010,3,0.2,Net Banking
57874,1444,2024-06-11,2009,2,0.0,Debit Card
57875,1031,2024-08-29,2020,2,0.0,UPI
57876,1011,2025-05-09,2005,2,0.15,Net Banking
57877,1343,2025-01-17,2003,2,0.05,Debit Card
57878,1377,2024-02-21,2005,4,0.05,Debit Card
57879,1130,2025-10-15,2008,3,0.1,Credit Card
57880,1488,2024-03-03,2008,2,0.05,UPI
57881,1105,2025-05-23,2014,1,0.1,Cash on Delivery
57882,1027,2024-10-18,2017,4,0.05,UPI
57883,1227,2024-03-31,2011,1,0.15,Credit Card
57884,1002,2025-10-25,2016,1,0.05,Net Banking
57885,1359,2025-02-27,2006,1,0.1,UPI
57886,1101,2025-10-30,2011,1,0.0,Debit Card
57887,1021,2024-12-30,2010,3,0.15,Cash on Delivery
57888,1058,2024-05-29,2009,2,0.1,Net Banking
57889,1389,2024-09-27,2015,4,0.0,UPI
57890,1180,2025-08-03,2007,1,0.0,Net Banking
57891,1429,2024-04-25,2018,2,0.05,Debit Card
57892,1341,2025-12-04,2001,5,0.1,Cash on Delivery
57893,1349,2025-05-30,2015,3,0.1,Debit Card
57894,1020,2025-08-09,2002,3,0.05,Cash on Delivery
57895,1255,2024-08-28,2002,1,0.1,Net Banking
57896,1317,2024-01-30,2010,3,0.2,UPI
57897,1038,2024-05-22,2020,1,0.0,Cash on Delivery
57898,1148,2024-11-21,2015,2,0.05,Debit Card
57899,1498,2025-11-25,2010,2,0.1,Cash on Delivery
57900,1025,2024-01-16,2019,2,0.1,Net Banking
57901,1386,2024-04-20,2013,3,0.0,Net Banking
57902,1121,2025-12-13,2011,2,0.0,Net Banking
57903,1416,2024-04-16,2002,1,0.0,UPI
57904,1026,2025-01-13,2013,2,0.1,Net Banking
57905,1454,2024-06-10,2001,2,0.1,UPI
57906,1169,2024-10-09,2005,1,0.0,Credit Card
57907,1323,2024-09-25,2007,1,0.05,Cash on Delivery
57908,1225,2025-04-28,2013,1,0.05,Debit Card
57909,1001,2025-10-28,2013,2,0.15,UPI
57910,1307,2024-03-13,2020,5,0.0,UPI
57911,1261,2024-07-15,2006,1,0.1,Debit Card
57912,1013,2024-08-30,2020,2,0.15,Cash on Delivery
57913,1403,2025-08-20,2012,3,0.15,Net Banking
57914,1396,2024-09-15,2008,1,0.1,Cash on Delivery
57915,1048,2024-05-28,2009,4,0.05,UPI
57916,1409,2025-01-24,2018,2,0.15,Net Banking
57917,1313,2025-02-19,2011,4,0.15,Credit Card
57918,1371,2025-03-01,2020,1,0.15,Debit Card
57919,1291,2025-12-02,2011,1,0.0,Cash on Delivery
57920,1332,2024-08-04,2015,1,0.0,Net Banking
57921,1094,2024-03-26,2009,1,0.1,Debit Card
57922,1261,2024-08-03,2003,3,0.2,Cash on Delivery
57923,1482,2025-02-26,2017,1,0.15,UPI
57924,1278,2024-11-15,2017,2,0.15,UPI
57925,1359,2024-04-27,2003,1,0.1,UPI
57926,1205,2025-02-18,2019,3,0.05,Credit Card
57927,1185,2025-08-21,2009,3,0.1,UPI
57928,1175,2024-02-09,2017,2,0.15,UPI
57929,1438,2024-06-09,2018,1,0.1,UPI
57930,1387,2025-12-03,2015,2,0.2,Net Banking
57931,1380,2025-06-20,2001,1,0.05,Debit Card
57932,1309,2025-02-23,2010,1,0.0,Credit Card
57933,1468,2025-10-25,2008,2,0.2,Cash on Delivery
57934,1415,2024-04-04,2010,5,0.0,Credit Card
57935,1069,2025-03-17,2002,4,0.1,Debit Card
57936,1472,2025-07-11,2019,2,0.15,UPI
57937,1104,2025-10-11,2014,2,0.05,UPI
57938,1246,2025-04-10,2008,5,0.15,Cash on Delivery
57939,1161,2024-10-14,2019,2,0.05,Credit Card
57940,1200,2025-11-06,2001,2,0.15,Credit Card
57941,1216,2025-02-15,2016,4,0.0,Cash on Delivery
57942,1434,2025-02-03,2015,1,0.1,Credit Card
57943,1212,2025-06-11,2020,1,0.1,Credit Card
57944,1016,2024-01-18,2005,2,0.1,Credit Card
57945,1498,2024-05-15,2003,1,0.1,Cash on Delivery
57946,1372,2025-04-08,2017,1,0.2,Cash on Delivery
57947,1332,2024-09-04,2010,2,0.15,Debit Card
57948,1205,2025-12-10,2005,2,0.25,Credit Card
57949,1365,2024-01-01,2011,5,0.05,Debit Card
57950,1490,2025-12-02,2006,1,0.1,Net Banking
57951,1039,2025-01-15,2004,1,0.05,Net Banking
57952,1089,2025-05-23,2007,1,0.25,Credit Card
57953,1430,2025-04-04,2019,2,0.0,UPI
57954,1256,2025-05-19,2007,3,0.05,Net Banking
57955,1480,2025-04-20,2014,2,0.05,UPI
57956,1254,2025-07-10,2017,1,0.05,Debit Card
57957,1216,2024-02-01,2017,2,0.2,Credit Card
57958,1368,2024-04-27,2013,2,0.05,Debit Card
57959,1303,2024-07-02,2001,1,0.2,Debit Card
57960,1172,2024-07-09,2002,2,0.05,Cash on Delivery
57961,1137,2025-12-28,2018,2,0.15,Credit Card
57962,1488,2024-03-14,2004,5,0.1,Cash on Delivery
57963,1498,2025-09-14,2013,3,0.05,Debit Card
57964,1471,2024-04-12,2001,3,0.05,UPI
57965,1384,2025-08-08,2004,4,0.05,Credit Card
57966,1178,2025-02-23,2002,3,0.05,Credit Card
57967,1077,2025-04-17,2004,4,0.05,Net Banking
57968,1188,2024-04-23,2016,1,0.0,UPI
57969,1480,2025-01-13,2004,2,0.05,UPI
57970,1498,2024-11-08,2009,3,0.1,Debit Card
57971,1015,2024-11-25,2017,2,0.05,Debit Card
57972,1292,2024-12-04,2020,1,0.15,Debit Card
57973,1497,2024-08-25,2002,1,0.25,Net Banking
57974,1319,2024-06-21,2003,1,0.05,UPI
57975,1325,2024-03-19,2015,1,0.1,Cash on Delivery
57976,1214,2025-04-08,2007,1,0.0,UPI
57977,1208,2025-08-27,2004,2,0.05,Cash on Delivery
57978,1169,2025-05-15,2012,3,0.15,Credit Card
57979,1330,2025-07-15,2001,3,0.0,Cash on Delivery
57980,1280,2024-10-11,2017,3,0.0,Credit Card
57981,1466,2024-08-10,2004,4,0.05,Debit Card
57982,1305,2025-08-15,2004,2,0.15,UPI
57983,1146,2024-09-22,2009,1,0.1,Debit Card
57984,1263,2025-10-28,2010,1,0.2,UPI
57985,1004,2025-01-07,2019,4,0.2,Cash on Delivery
57986,1090,2024-08-20,2019,1,0.0,UPI
57987,1453,2024-08-23,2015,3,0.0,Cash on Delivery
57988,1060,2025-11-01,2017,1,0.05,UPI
57989,1311,2024-11-09,2007,4,0.1,Credit Card
57990,1016,2025-01-14,2003,2,0.1,Cash on Delivery
57991,1227,2025-09-05,2005,3,0.0,Debit Card
57992,1474,2025-07-16,2016,1,0.0,Debit Card
57993,1466,2025-02-23,2007,1,0.0,Debit Card
57994,1029,2024-02-21,2016,2,0.15,Debit Card
57995,1151,2025-12-21,2009,5,0.2,Credit Card
57996,1245,2025-10-04,2001,2,0.0,Credit Card
57997,1270,2025-05-23,2003,4,0.0,Net Banking
57998,1079,2024-07-23,2008,3,0.0,Net Banking
57999,1433,2025-12-31,2018,3,0.15,Net Banking
58000,1289,2024-09-13,2018,2,0.2,Net Banking
53642,1405,2025-02-02,2001,3,0.0,Credit Card
55087,1093,2025-01-23,2006,1,0.15,Cash on Delivery
51658,1260,2025-04-26,2009,2,0.15,Debit Card
56843,1393,2024-03-20,2013,1,0.0,Cash on Delivery
50789,1259,2024-05-13,2015,3,0.1,Credit Card
54337,1054,2024-05-03,2003,2,0.05,Cash on Delivery
56173,1218,2025-06-05,2011,2,0.2,UPI
50446,1191,2024-01-23,2006,2,0.05,Credit Card
57676,1235,2025-04-21,2006,5,0.05,Cash on Delivery
53857,1225,2025-09-23,2016,2,0.05,Credit Card
52773,1391,2024-07-30,2006,3,0.05,Cash on Delivery
55078,1308,2025-01-10,2008,1,0.0,UPI
52039,1458,2025-08-21,2004,1,0.05,Credit Card
55113,1268,2025-06-08,2006,4,0.0,Debit Card
56827,1145,2024-10-01,2020,1,0.15,Cash on Delivery
